listing_id,id,date,reviewer_id,reviewer_name,comments,tema_principal,sentimiento,sentimiento_etiqueta
11845450,546280811,2019-10-13,41469596,Joel,"Great appartment, clean and well equipped in a perfect location in San telmo! And of course, an excellent host!",Limpieza,0.7916666666666667,Positivo ✅
31855093,414408094,2019-02-19,48733847,Emmanuelle,"Nous avons été ravis de notre séjour dans cet appartement, la chambre au top, super propre et belle deco,  super cuisine, une machine à laver , très bon emplacement ! Et la gentillesse de Valentin incomparable ! Safe et super quartier ! Nous serions restés plus si nous avions plus de temps !",Instalaciones,0.4618055555555555,Positivo ✅
25428852,346348831,2018-11-08,155884204,Denis,The host canceled this reservation 2 days before arrival. This is an automated posting.,Atención,0.0,Neutral ⚪
7651171,61362647,2016-02-03,8224626,James,"Wonderful cozy apartment in Almagro. It had everything I needed, nice fast Internet and excellent AC. I would highly recommend! Mauro was a very gracious host.",Atención,0.42857142857142855,Positivo ✅
414655,356210630,2018-12-07,117626465,Emiliano,"Buen lugar, excelente ubicacion, Judith muy atenta siempre, espero volver!",Instalaciones,0.0,Neutral ⚪
29428955,592986844,2020-01-14,23992058,Joe,Sebastian’s loft is in a great location in the heart of Recoleta. It’s a safe and beautiful atmosphere with a pool overlooking the city. We were met by Sebastian’s wife who helped us get set up and provided us with tips on things to do. Everything was easy to get to and the loft was great.,Ubicación,0.6766666666666665,Positivo ✅
1598070,60696009,2016-01-26,51300169,Rosie,"Perfect location for public transport and a gorgeous terrace that catches lots of sun. Patricia went the extra mile to ensure I was comfortable, even buying tea bags for me as I am english! I will be back next time I visit.",Ubicación,0.2625,Positivo ✅
22061289,350501300,2018-11-19,97787251,Carolina,"No pude conocer a Oscar personalmente, pero por wasap siempre estuvo en contacto y fue muy amable. Estuvo pendiente de lo que hacia y recomendaciones A1",Atención,0.0,Neutral ⚪
30174674,441107004,2019-04-21,208085629,Consuelo,"Impecable el departamento, muy completo y los anfitriones excelentes. Lo recomiendo!!",Atención,0.0,Neutral ⚪
29816317,584671812,2019-12-30,3235646,Ricardo,"Great apartment. It’s in an old building, but it’s newly renovated and clean. Walking distance to Porto Madero and microcentro. The pics corresponded to the reality, and the host was very available and easy to communicate. Would stay here again.",Limpieza,0.39272727272727276,Positivo ✅
32279620,569077610,2019-11-25,156213513,Ninoska,100% recomendado. Es precioso y super bien ubicado!!!,Precio/Calidad,0.6510416666666665,Positivo ✅
33115898,442838790,2019-04-24,37311898,Violaine,"Daniel welcomed my boyfriend, my brother and myself warmly, we really appreciated it. The apartment is totally new and confortable, and it was perfectly cleaned. It is also well furnished and well located. We strongly recommend Daniel’s apartment.",Limpieza,0.44242424242424244,Positivo ✅
29796278,497451409,2019-07-28,223383452,Alejandro,"El dpto es cómodo, para 1 o 2 personas, está muy bien ubicado con todo cerca.  En invierno es cálido y luminoso porque da todo el sol durante la mañana y medio día ayudado por el aire acond. frio/calor. Los vecinos son bastante tranquilos respecto de los ruidos aunque los camiones del Ceanse molestan bastante durante la noche pero es un problema gral de la zona y no del dpto, quizás un doble vidrio ayudaría. El dpto es lindo, para un dos ambientes pequeño y esta bien equipado. Las terminaciones del edificio son de baja calidad en gral.",Ubicación,0.0,Neutral ⚪
588809,64534638,2016-03-05,57556007,Clara,"muy lindo el lugar, ubicación excelente. El departamento es mu acogedor, la cama cómoda, todo en excelente estado! La dueña de casa muy atenta y buena disposición!! Muy recomedable!!  ",Instalaciones,0.0,Neutral ⚪
24181184,299723596,2018-07-31,181173887,Nesval,Agradezco la hospitalidad y recomiendo para aquellos que no les importa tomar el metro. Ambiente muy tranquilo.,Ubicación,0.0,Neutral ⚪
21397664,531116665,2019-09-16,131479362,Luiz,The host canceled this reservation 87 days before arrival. This is an automated posting.,Atención,0.0,Neutral ⚪
18992087,294861991,2018-07-22,178651905,Silvina,"el departamento es bonito, seguro y en una zona inmejorable. Además Ezequiel es muy amable",Atención,0.0,Neutral ⚪
9635295,138285663,2017-03-19,103475698,Fernando,"O apartamento da Barbara é ótimo! Muito confortável e fica no Centro perto de tudo, restaurantes, cafés, perto do Obelisco, perto de metrô, da para se locomover para qualquer lugar facilmente. Adoramos nossa estadia. ",Instalaciones,0.0,Neutral ⚪
21141072,452597119,2019-05-13,147138577,Bruna,"Apto super aconchegante, limpo, e bem esquipado! Podem reservar sem medo!
Atenciosas, respostas rapidas!! Amei",Instalaciones,0.8138020833333331,Positivo ✅
23212954,461950384,2019-06-01,246866157,Guillermo,"Ubicación exelente, muy cómodo y tienes todo a tu alcance.",Instalaciones,0.0,Neutral ⚪
33589589,615182324,2020-03-07,103556241,Alejandro,"Todo perfecto. Excelente ubicación, personal muy amable y la habitación con aire acondicionado",Atención,0.0,Neutral ⚪
23089122,543399809,2019-10-07,18418353,Ipek,"Great location, nice communication.",Ubicación,0.7,Positivo ✅
370013,615220548,2020-03-07,31867935,Luis M.,"Bonito lugar, limpio y cómodo en pleno centro de Buenos Aires",Limpieza,0.0,Neutral ⚪
68868,465285509,2019-06-07,265892112,Luis,It’s all in the details. Everything regarding the stay was thoughtful. Ralf was extremely accommodating and courteous. Couldn’t have had a better stay. Thanks Ralf!,Instalaciones,0.325,Positivo ✅
16508078,177441611,2017-08-02,53057207,Maria Laura,The host canceled this reservation 20 days before arrival. This is an automated posting.,Atención,0.0,Neutral ⚪
20887538,551706244,2019-10-20,302980572,Ujwal,Good value. Good location.,Ubicación,0.7,Positivo ✅
11929156,190165945,2017-09-03,139335993,Jorge Eduardo,Muy iluminado naturalmente y con buena ventilación. Recomendable,Instalaciones,0.0,Neutral ⚪
12191489,589033919,2020-01-05,232999515,Claudio,"We did enjoy our stay at Rene's place very much. The apartment looks in person better than in the pictures, the quality of the furnishings and details were fantastic, including the mattress, sheets, an espresso machine and more! We contacted Rene a few times and he was very responsive and had a good support network to promptly take care of our requests. Would love to be there again next time.",Instalaciones,0.33849999999999997,Positivo ✅
16449156,228178688,2018-01-18,19625848,Georgia,"The place is very nice. It has a great view, a comfortable bed, nice shower and a comfy couch. The location is close to a lot of things and even though the metro is a little far, there are buses that stop nearby. Also thanks Syl for being helpful and responding to us fast.",Ubicación,0.36156250000000006,Positivo ✅
1145139,10991962,2014-03-16,2326490,Leila,"Passei uma semana no apartamento da Emília. Fui muito bem recebida pela Senhora Olga, mãe da Emília, que nos deu todo apoio. O apartamento é muito bem localizado, com fácil acesso a vários pontos da cidade e ônibus na porta. Tudo estava limpo e bem cuidado e Emília foi muito gentil, oferecendo café, açúcar, refrigerante gelado. Foi uma semana muito agradável. Recomendo!
",Ubicación,0.0,Neutral ⚪
39446861,556787978,2019-10-30,277520747,Cinthya,Beautiful place... I really recommend it,Instalaciones,0.525,Positivo ✅
1415544,487871109,2019-07-14,11197454,Riccardo,"Place really situated in the heart of San Telmo neighborhood, easy to get and easy to live!",Ubicación,0.309280303030303,Positivo ✅
20250841,272926778,2018-06-04,19595980,Lyree,"Very stylish and authentic place. Loved the location and easy walking to markets, restaurants and subway. Surprisingly quiet and relaxing considering there is abit of night life. Rooftop patio is a big plus. We recommend the place.",Ubicación,0.38055555555555554,Positivo ✅
3401662,240308421,2018-03-04,166755318,Regina,"Excelentes anfitrionas, tanto Agustina como su mamá. El departamento es tal cual se muestra, excelente ubicación.",Atención,0.0,Neutral ⚪
751902,162834011,2017-06-22,115420880,Angela,"Gus was a great host the entire time we were down there. Any questions we had, he promptly responded to us, set up our transportation to/from the airport, and gave us plenty of suggestions of things to do around the city",Atención,0.21481481481481482,Positivo ✅
34285516,515824619,2019-08-23,260555190,Leo,"Noelia y su hermano son muy atentos, están pendiente de los detalles y hacen tu estadía mucho más comoda.",Instalaciones,0.0,Neutral ⚪
27057271,547029825,2019-10-14,300551695,Maia,"Recomendado 100%!! ubicación, limpieza, comunicación, comodidades...  no tuvimos ningun problema, al contrario! Mara es muy atenta, sin dudas lo vuelvo a elegir.",Instalaciones,0.0,Neutral ⚪
29708591,417513200,2019-02-27,171778883,Rafael,"La ubicación es muy buena, la respuesta de Matías es inmejorable, el espacio demuestra que es habitado y uno llega a ese espacio a seguir habitándolo.",Instalaciones,0.0,Neutral ⚪
11078635,160530875,2017-06-14,14675840,Loraine,The host canceled this reservation 38 days before arrival. This is an automated posting.,Atención,0.0,Neutral ⚪
12439131,136395689,2017-03-10,33628113,German,"Un lindo departamento, limpio, cómodo y bien ubicado!!!  ",Limpieza,0.0,Neutral ⚪
7856391,216296446,2017-12-03,8452373,Nick,"Brilliant location near cool spots in Palermo Soho. Communication was great, we checked in very late and was fine. Zulma got someone round straight away to fix an issue with the blinds when we mentioned it. Small, simple apartment but good value for location.",Ubicación,0.2387878787878788,Positivo ✅
327888,268993527,2018-05-26,66114245,William,"Tremendous location if you want to experience the San Telmo area of Buenos Aires, one of the oldest parts of the city.  The apartment is as advertised, nice studio with all the essentials, and the rooftop terrace is a great plus for unwinding at the end of the day.  ",Ubicación,0.5777777777777778,Positivo ✅
269753,168017069,2017-07-08,52755049,Andrea,"El espacio de Ruy es muy confortable, sin dudas volvería a elegirlo! Y además es un excelente anfitrión, muchas gracias por tu atención!",Instalaciones,0.0,Neutral ⚪
28963187,431695112,2019-04-01,243137782,Fernando,"Super recomendable , el apto es hermoso , comodidad al 100 % , confort y estilo , cerca de todo , Claudia su anfitriona  es una genia, sabe lo que hace y tiene claro  lo que necesitan los viajeros para que su estancia sea óptima y única !!",Ubicación,0.5208333333333333,Positivo ✅
24643975,355729768,2018-12-05,14387857,Sophie,"Sadly I only spent one night in Antoine's place but I wish I could have stayed longer!  The house is ideally situated in the gorgeous leafy green Palermo Hollywood neighborhood close to loads of great bars and restaurants. Antoine and his wife Leti were lovely and welcoming and gave me some great insider tips. The place itself is very stylish, clean and comfortable with lots of natural light and there's an amazing private roof terrace with lots of plants that feels like a little peaceful oasis in the city. Would definitely recommend!",Limpieza,0.3307870370370371,Positivo ✅
23307944,413367541,2019-02-17,24127207,Scott,"What a great spot. Roof top terrace with private jacuzzi is icing on the cake. Check in and out was seamless, Soledad is available if you need her. Location is fantastic, our first time to Buenos Airies, we were unsure of what part of town to stay in. Palmero Soho is excellent- close to many bars, restaurants, sights, etc. We walked everywhere. Streets are safe at night with so many great places to stop and grab a bite.",Ubicación,0.4791666666666667,Positivo ✅
671183,23240244,2014-11-26,22119266,Michael,"We were met at the accommodation, everything was explained to us and we were left with emails and telephone numbers in case of any problems. The neighbourhood is lively and bohemian, lots of classy bars and hidden restaurants, boutiques and cafés.
Best points: roof terrace, lots of space, plenty of hot water, location.
Worst points: dogs barking at night, very loud weekend parties at nearby houses. Noisy neighbour next door.",Ubicación,0.04996632996632998,Neutral ⚪
27622006,422642032,2019-03-11,246291702,José Tomás,"Impecable el departamento, excelente ubicación y el anfitrión siempre disponible.",Instalaciones,0.0,Neutral ⚪
335297,575807944,2019-12-11,311166197,Nicolás,"La ubicación es excelente, a una cuadra de la estación de tren y subte y relativamente cerca de la zona de bares. Me costó obtener respuestas por parte de los anfitriones y no pude usar la pileta durante la estadía. Buscar la llave del depto después de las 20:30 cuesta 20USD. El departamento es muy cómodo para 2 personas, tiene una linda vista y lo encontramos muy limpio.",Limpieza,0.0,Neutral ⚪
27648436,419660335,2019-03-04,99259183,Thomas,"Das Studio liegt mitten in Recoleta und damit fährt man sehr gut, weil es das sicherste Viertel in Buenos Aires ist. Alles war unkompliziert und ging reibungslos über die Bühne. Studio ist sauber, groß und man alles was man braucht. Highlight ist mit Sicherheit der Pool auf dem Dach. Absolute Weiterempfehlung.",Instalaciones,0.2,Positivo ✅
2208765,26274131,2015-02-08,26572437,Alejandro,"Excelente, fue un viaje corto por trabajo, el lugar impecable! Delfina excelente anfitriona! ",Atención,0.0,Neutral ⚪
27186644,361429346,2018-12-23,32230297,Bruna,"Silvina e sua filha Bahiana firam excelentes anfitriãs. o apartamento é exatamente como nas fotos, antigo mais muito limpo. Havia produtos de higiene e limpeza a nossa disposição.  Bahiana nos recebeu em nossa chegada e nos mostrou o apartamento. a localização é excelente. no bairro há vários mercadinhos e bons lugares para comer. é próximo de uma estação de metro e pudemos chegar a todos os pontos turísticos rapidamente. era nosso aniversario de casamento e Silvina nos deixou uma garrafa de chandon como presente, uma delicadeza muito atenciosa. nos sentimos em casa!",Ubicación,0.0,Neutral ⚪
12222669,109873720,2016-10-23,81775751,Pavel,"Christian nos hizo sentir muy bien. El departamento está muy bien ubicado, en un edificio seguro y en una zona privilegiada. Las fotos coinciden exactamente con el lugar. Está muy bien cuidado y tiene todas las condiciones para poder disfrutar de Buenos Aires sin preocupaciones. Christian estuvo al tanto de todos los detalles, atendiendo todas nuestras necesidades y preocupado por nuestra estancia. Lo recomiendo, no se van a arrepentir de haberlo elegido.",Instalaciones,0.0,Neutral ⚪
15161358,202487243,2017-10-11,4463430,Manuel,"Nos gustó todo. Desde la limpieza, la comodidad que tiene el lugar, no le falta nada, la ubicación en San Telmo. El baño es un lujo, la cocina es completa con utensilios, microondas, heladera. El trato con Juan es un súper Host nos ayudó todo el tiempo. Nos vamos con la promesa que cuando volvamos a Buenos Aires nos quedaremos en este Studio otra vez.",Atención,0.0,Neutral ⚪
3319592,437283973,2019-04-14,209924515,Robert,"this is a wonderful apartment!  spacious, plenty of storage for our clothes, great shower and bathroom, great kitchen, washer, and we especially liked when weather permitted us to have our meals on the balcony overlooking the intersection.  It was only a few minutes walk to the end of the block to catch the Subte, a supermarket was a half block away, and a fresh vegetable store close too - i highly recommend Tomas' place!",Ubicación,0.4148148148148148,Positivo ✅
40640566,618064487,2020-03-14,247264687,Fernanda,"El departamento es acogedor el muy luminoso es tal cual las fotos, sin embargo el jacuzzi estaba lleno de tierra sucio por los lados no se puede usar y va visita a los vecinos no es privado y el wifi no indica cual es el usuario de red sólo cual la clave. Detalles a tener en cuenta",Limpieza,0.0,Neutral ⚪
28247369,340312273,2018-10-23,57598302,Leopoldo,"muy buen lugar, aunque esta lejos centro, para que queres ir al centro todo el tiempo. pasea por Belgrano, barrio chino, barracas nuñez. es mas lindo.",Ubicación,0.0,Neutral ⚪
5409316,56244196,2015-12-11,26403252,Ronda,"Location, Location, Location....if you are interested in an authentic neighborhood experience in Buenos Aires outside the usual tourist area, this two bedroom apartment with kitchen will exceed your expectations.  We are foodies from San Francisco, interested in good restaurants, easy access to transportation, and the safe tree lined streets of Palermo.  Melisa was an excellent hostess, and her generous hospitality certainly exceeded our expectations.  In addition to meeting us at the apartment, we counted on her expertise to help us learn the neighborhood and arrange taxis for us.  We do not speak Spanish, and with her support we had a most delightful experience in her beautiful city.  The two bedrooms are very comfortable, just like the photos.  You will find plenty of storage, hot water, kitchen supplies, coffee pot, very comfortable beds and pillows. There is an elevator, air conditioner, and good wifi.  We will definitely stay here the next time we are in Buenos Aires.",Ubicación,0.39688095238095233,Positivo ✅
910751,195236287,2017-09-18,141206483,Gabriel Mauricio,Es un monoambiente con todo lo necesario. Para dos personas es ideal y máximo 3. Todo super limpio y 100% de usabilidad,Limpieza,0.6166666666666667,Positivo ✅
15121801,353093900,2018-11-26,29323872,Clara,"Pasamos unas tres semanas muy lindas en el departamento, esta como en las fotos, el check in con la mama de German funcionó muy bien, nos recibió bien. El lugar estuvo limpio, la ubicacion esta buena, dentro de todo un lugar que recomiendo! 
Tuvimos una pequeña discussión con el dueño el primer día, pero después de que se arregló, todo bien. :)",Limpieza,0.25,Positivo ✅
111934,3171505,2012-12-28,2149233,Ann,"We had such a wonderful time at Emilce's place! It was so lovely to be greeted by Emilce, too! The place was fantastic and perfectly situated in Palermo. We were there for the holidays (summer) and the gorgeous rooftop and pool were fabulous. We hope to be back at Emilce's when we return one day to Buenos! ",Instalaciones,0.515625,Positivo ✅
31526094,543317336,2019-10-07,294021247,Egon,"Muy cerca del subte y locomoción lindo barrio, seguro con todas las comodidades, excelentes bares y restaurantes lo pasamos genial recomendable  %",Ubicación,0.0,Neutral ⚪
26058837,441032544,2019-04-21,139284605,Bruno,"Realmente muy cómodo el departamento de Alejandro. Limpio, luminoso y en un excelente punto de Buenos Aires. Alejandro en todo momento se preocupó por que no nos faltara nada. Muy placentera estadía en Recoleta.",Limpieza,0.0,Neutral ⚪
26321586,329705553,2018-09-29,210730262,Juan Jose,"Excelente departamento, buena ubicación,  los vigilantes de la recepción muy amable. Departamento muy cómodo!",Atención,0.0,Neutral ⚪
25406600,358478001,2018-12-14,229843324,Fernando L,Ubicación increíble! Ana una genia! Y el lugar muy bueno y completo! Para recomendar!,Instalaciones,0.0,Neutral ⚪
35609708,496499938,2019-07-27,121020426,Nestor,"Lugar con excelente ubicación, destacada servicialidad y atención por parte de Gabriel y la esposa. La estancia se hace muy amena en todo momento. Muy recomendado.",Instalaciones,0.0,Neutral ⚪
9623249,120070409,2016-12-07,33435473,Jane Patricia,"El lugar está en una zona residencial, cómodo y acogedor, nos sentimos seguros .
Es fácil transportarse en el subterráneo.
",Instalaciones,0.0,Neutral ⚪
14980239,160563996,2017-06-14,130426170,Deovanny,"Leila es muy atenta y amable a la hora de hacerte sentir en casa. La ubicación de la habitación es inmejorable, las condiciones del edificio. Las fotos corresponden a la realidad. Hay muchos sitios de comida, ventas y sitios turísticos cercanos al lugar, el famoso Obelisco, es un ejemplo de ello. Lo único malo no habernos quedado mayor tiempo. Excelente anfitriona y hace un chocolate de bariloche muy rico.",Ubicación,0.0,Neutral ⚪
4623529,120731851,2016-12-11,44766323,Anthony,"The apartment was just as described. Very clean and within several blocks to anything you may need. Very close to transit. Camilo was very friendly and was quick to respond if I needed anything. Highly recommend! 

El departmento estaba como se describe. Muy limpio y dentro de varias cuadras de todo lo que pueda necesitar. Muy cerca de tránsito. Camilo fue muy amable y fue rápido para responder si necesitaba algo. ¡Recomendado mucho!",Limpieza,0.29125,Positivo ✅
29181341,406126453,2019-01-28,159673908,Marcelo,"Lugar cómodo, cerca de lugares interesantes. El depto muy lindo.",Ubicación,0.0,Neutral ⚪
31169656,480334041,2019-07-02,1819523,Felicitas,"Los anfitriones se mostraron muy atentos y predispuestos en todo momento. Departamento espacioso, bien ubicado y muy limpio.",Limpieza,0.0,Neutral ⚪
388089,480125455,2019-07-02,27721347,Kat,"Marina is a wonderful host. We been to unique local designer shops that I won’t be able to find them myself.  If you love to dress other than mainstream stuff, I wholeheartedly recommend to shop with marina",Atención,0.375,Positivo ✅
13294482,86429715,2016-07-16,54780570,Gigi,"Clean, nicely furbished and spacious, the apartment is ideally located in the very nice neighbourhood of Palermo. Moreover our hosts were nice, always giving prompt answers. I would recommend this apartment !",Limpieza,0.6793333333333333,Positivo ✅
39968044,579732836,2019-12-21,6466815,Ignacio,Yael es muy buena anfitriona. Responde rapido y nos recomendo lugares de interes!! Muy predispuesta. Y el dpto.. muy bien ubicado! Lo recomiendo,Atención,0.0,Neutral ⚪
10377381,111663077,2016-11-01,4559165,Nicholas,"My boyfriend and I stayed at Cristian's place in Palermo for nearly two months and absolutely loved it. The apartment is as it looks in the photos and feels quite spacious. The kitchen is well equipped for cooking, the balcony is great for morning reading and the bedroom is in the back of the apartment, away from most of the street noise. The location is also ideal as you are a few blocks from the subte, near lots of bus lines and walking distance to everything in Palermo Soho and Hollywood. The restaurants, bars and cafés in this neighborhood are top notch. Even with two months we feel like we didn't have enough time to try them all. The wifi works very well and the neighbors are pleasant. During our stay there were a few little things that started falling apart, but nothing major and this did not take away from our experience. Overall, two thumbs up! I would highly suggest you take advantage of Cristian's apartment, whether for a few days or a few months.",Ubicación,0.19833333333333333,Positivo ✅
22041642,455231428,2019-05-19,43808188,Martin,"They had an issue with wifi they couldn't resolve by the time we've check in. As we went on Friday, we did not have connectivity for the whole weekend.",Atención,0.2,Positivo ✅
20887538,250012459,2018-04-03,179978486,Thiara,"Lugar ótimo, super limpo, localização perfeita. Perto de muitos pubs, e de vários ônibus e a principal estação de trem de Buenos Aires.",Ubicación,0.3333333333333333,Positivo ✅
30580929,437956076,2019-04-15,235313806,Maria Luz,"Excelente departamento! Muy limpio, todo como está en fotos. Juli siempre a disposición para todo. Super recomendable!",Limpieza,0.41666666666666663,Positivo ✅
21759755,608035705,2020-02-19,316080802,Elizabeth,La diferencia la hace la anfitriona. Uno se siente seguro con sus indicaciones y detalle. Muy amable y muy buena experiencia.,Atención,0.0,Neutral ⚪
14367654,154895963,2017-05-26,131547014,Hector,graciass,Instalaciones,0.0,Neutral ⚪
23701487,458786793,2019-05-26,250302301,Natalia,"Departamento muy bien iluminado, fresco y moderno. Nos sentimos muy comodas y los anfitriones muy hospitalarios.",Atención,0.0,Neutral ⚪
10595212,251238490,2018-04-07,135272374,Franco,"Todo Perfecto! Como siempre que me alejo en el departamento de Dolores , espero poder volver el próximo mes !",Limpieza,0.0,Neutral ⚪
14779326,330404414,2018-09-30,121415372,Giannina,"Sabrina es una excelente anfitriona y la ubicación es inmejorable, además de tranquila.",Atención,0.0,Neutral ⚪
24013702,259739137,2018-05-02,17891289,Francisco,"La verdad que el lugar, la ubicación es hermosa. La predisposición de la dueña fue siempre fluida.",Instalaciones,0.0,Neutral ⚪
22685615,347996169,2018-11-12,164758453,Marie,"Nous avons aimé cet appartement par sa proximité à tout, avec une ligne de tram à 5minutes à pied. 
Il est confortable pour 2 adultes avec trois enfants (nous étions 5 adultes c’était un un peu limite). Nous étions contents des sanitaires, de la propreté et de l’accueil de notre hôte qui a été accueillante patiente et agréable alors que notre avion avait du retard et qu’une fois en route nous n’avions plus de réseau. Merci beaucoup nous avons passé une bonne semaine chez elle :)",Instalaciones,-0.2,Negativo ❌
21258784,336614577,2018-10-14,196808896,Claudia P,Muchas gracias Noelia por todo! El lugar superó nuestras expectativas,Instalaciones,0.0,Neutral ⚪
28010347,604770387,2020-02-12,62629958,Adrian,"The studio apartment is as you can see it on the photos. It's well located, but take into account that it's a restricted area for access by car (particularly on weekdays). If you are looking for a place to sleep, have access to the main attractions and try restaurants/bars, is the perfect choice. But if you like to prepare your own meal you'll note that is lacking some items (particularly hobs, in my opinion). Over all great experience.",Instalaciones,0.4833333333333332,Positivo ✅
4695385,214717039,2017-11-26,22694634,Stefan,"Perfect organisation, quick response in case of need, easy hand-over. Great location for day- and nightlife in young Buenos Aires.",Ubicación,0.5333333333333333,Positivo ✅
33335898,561439830,2019-11-09,224889543,Rosa,"La ubicación es excelente, lleno de comercios alrededor. Buena comida (les recomiendo La Conga, sobre esa misma calle) y tiendas para abastecerse. La recamarera es de las personas más amables que he conocido, igualmente Damián. Muy recomendable.",Atención,0.0,Neutral ⚪
12824010,610505192,2020-02-24,209352415,Solomon,Great place. Recommend it,Instalaciones,0.8,Positivo ✅
29754016,552350233,2019-10-21,48452948,Alex,"Amazing place, very well located. The best was Luz and her Husband, they are extremely kind persons and always willing to help. 
The room was very clean and really makes you feel like home.  Very advisable to stay there.",Limpieza,0.44083333333333335,Positivo ✅
22002003,575201414,2019-12-09,26268232,John,"Great place to stay for easy access to both Palermo Soho and Hollywood. 
- Very helpful and accommodating around check in/out.
- Good WiFi, nice shower, lift access.",Atención,0.5466666666666666,Positivo ✅
27574594,621434339,2020-03-31,126886956,Sol,"La amabilidad de Andrea y la comunicación con ella, fue excelente, fluida y rápido. La zona del alojamiento es muy buena, con muchos lugares para comer o salir de copas. 
El lugar, muy cómodo en cuanto a espacio y luminosidad. 
Realmente recomendable.",Instalaciones,0.0,Neutral ⚪
24464980,619154462,2020-03-16,265615988,Antonia,Súper cómodo espacio y bien ubicado,Instalaciones,0.0,Neutral ⚪
69086,72849421,2016-05-04,8859569,Victor,Sympathic contact who takes care of the guest. The apartment with the entrance to the patio (shared with other apartments) is very nice as well as the patio is nicely designed!,Instalaciones,0.4683333333333333,Positivo ✅
17765351,337510380,2018-10-16,178307358,Lucila,"Departamento cómodo y funcional, muy bien ubicado e ideal para pasar unos días en la Ciudad. Laura y su mamá se comunicaron muy cordialmente y de manera rápida con nosotros.",Precio/Calidad,0.9,Positivo ✅
4226937,87071442,2016-07-18,19733750,Elena,"Perfect location in the heart of Palermo, close to major public transport routes (2 blocks to metrobus, 3 blocks to subte linea D, train station and city buses). Distrito Arcos Outlet with lots of brands across the street. Apartment has a stove with oven so you can cook something if you'd like to. Fastest internet connection I've seen in BA so far. New building, quiet place, few blocks away from BA night buzz.",Ubicación,0.15698051948051947,Positivo ✅
3775492,41163002,2015-08-04,39870535,Victoria,"The apartment is beautiful, comfortable, lovely. We went with my husband and our 3 kids and we fit in it perfectly. It is as you see in the pictures and really bright. The apartment has everything you need to enjoy your stay in Bs As . It is close to all kind of stores, perfect transport communication. Building Amenities are just perfect, doorman, security, laundry, gym and sauna. We love the kindness of people working in the building and of course Ana, the owner. I do recommend this apartment, you will be happy in it. Also important, you have silence and blackout to sleep well plus is warm. Thank you very much Ana!",Atención,0.6316666666666666,Positivo ✅
394407,482456987,2019-07-06,258245632,Erin,"Stunning Apartment is a correct description. This apartment is absolutely gorgeous, decorated with very chic artwork and has historic charm throughout. Though we visited in the winter (the coldest week of the year), Nicolas was accommodating with extra heaters and blankets so we could enjoy the lovely rooms in this apartment. Without this, we would have been very cold. 

The apartment is historic, so please find the beauty in the older features (i.e. bathroom tiles and flooring) the way that we did. 

Everything in the apartment and surrounding areas is just as described. We had a fantastic time and would absolutely stay here again.",Instalaciones,0.19055555555555556,Positivo ✅
34038034,618025530,2020-03-14,322106808,Jan-Niklas,Fantastic place right in the heart of Buenos Aires. Very stylish place including two fancy bathrooms and a spacious living area. Loved the amazing rooftop balcony. Juli is a lovely host. She provided us with tipps and was always happy to help. Can only recommend staying at her place.,Atención,0.49196428571428574,Positivo ✅
2018802,564667115,2019-11-16,86106683,Eduardo,"El local es ótimo, precio accesible y Maria es una excelente persona y muy simpática para recibir sus huéspedes. Local totalmente recomendable.",Precio/Calidad,0.0,Neutral ⚪
31870611,430418338,2019-03-30,194331772,Sean,"Betina’s apartment is beautiful, well-located, safe, and has a great deal of personality. The photos are completely accurate. As she was travelling, we sadly didn’t have the chance to meet Betina but nonetheless she was very responsive from halfway across the world over the course of our 1 month stay. The neighbors were also very helpful and welcoming. A great experience and an easy 5/5. Gracias Betina!",Atención,0.42129629629629645,Positivo ✅
2902956,362461844,2018-12-26,58803163,Britt Eva,Emma was a very helpful and kind host and the appartment was just perfect!,Atención,0.6,Positivo ✅
42222594,612402972,2020-02-29,131300104,Alejandro,"Apartamento recien remodelado. Buena ubicación y amplio para lo que se encuentra por la zona. 
Muy recomendable !",Instalaciones,0.0,Neutral ⚪
5572018,56854232,2015-12-19,33316942,Eva,"Centrally located, you can get to many interesting points by foot or buses and subways, it is very convenient and friendly neighbourhood.  I love the building, it was built in 1920 and still maintain the elegance.  The apartment is exactly as seen in photos, very spacious and clean.  A bit noisy in the daytime on the weekdays but weekend is very quiet.  Matias is a wonderful host, he provides very detailed tourists information and answers difficult questions in a split second.  He is also very helpful in ad hoc request,  he helped me to find out bank location, where I can find supermarket and post office etc.  He also helped arranging a car for me to go to the airport at midnight for catching an red eye flight.  Must say thank you to Matias here and will definite return on my next visit.",Limpieza,0.2479824561403509,Positivo ✅
24128123,503121285,2019-08-05,180766623,Claudio,Excelente ubicación!,Instalaciones,0.0,Neutral ⚪
4637612,63705725,2016-02-26,11270841,Pablo,"As always, Gloria is a great host! We keep coming month after month!
thanks Gloria!",Atención,0.625,Positivo ✅
7225398,311591242,2018-08-21,120211542,Alejandra,Muy limpio y muy buena ubicación. ,Limpieza,0.0,Neutral ⚪
20707245,269512932,2018-05-27,121494938,Santi,"Reserve el alojamiento de Gabriela para mi hermana y su novio , y volvieron super contentos ! Muy calido el dpto y super amable la atencion de Gabriela. Para recomendar 100%",Atención,0.375,Positivo ✅
18061,55932162,2015-12-07,9645567,Miguel,"El loft es muy confortable, luminoso, bien protegido del ruido y en muy buena ubicación. Un lugar que asegura una estancia agradable. Alejandra nos recibió y explicó lo necesario de manera amable y detallada. Una gran anfitriona. Muy recomendable.",Atención,0.0,Neutral ⚪
33589330,454558781,2019-05-18,116817476,Alejandra,"Leticia y Juan son unos excelentes anfitriones!!
El departamento se encuentra a pasos de Calle Corrientes, en una estupenda ubicación con línea de transportes, para poder recorrer la ciudad!El departamento con un estilo único, super luminoso y confortable, con todo lo que un huésped puede nesecitar
Gracias!",Atención,0.41666666666666663,Positivo ✅
809738,145704403,2017-04-19,16589346,Marie,"Ce logement est très bien situé et très agréable (calme tout en étant au centre de Telmo). José Luis vous accueille avec le sourire et est très agréable! Seul bémol, la douche, nous avons rencontré des difficultés pour avoir de l'eau chaude. Tout le reste était très bien, propre, lit confortable.",Instalaciones,0.0,Neutral ⚪
26192870,352571092,2018-11-25,46559525,Marcia,"Can I just move into this cute apartment and live here forever!?!? IT’S ABSOLUTELY ADORABLE AND IN THE MOST AMAZING NEIGHBORHOOD!!!! 
I love the open layout and big windows! It really allows you to connect with the city and views. We really enjoyed waking up every morning, making a cup of delicious argentine coffee, and sitting on the comfy patio furniture! But don’t worry if you are a light sleeper, the blinds close perfectly and you can sleep till noon… Which we might’ve done once or twice ;) after all the fun night out dancing and drinking! 
This is definitely the neighborhood you want to be in if you are a foodie. We had so much fun exploring the streets and all the delicious food… Not to forget the beautiful Malbecs ❤️. 
If you love sushi, I’ve been to japan 3 times, and want the most amazing meal of your life..... try OSAKA. It’s a bit pricey, but totally worth it!!!!  It’s sushi with a Peruvian twist. GLORIOUS!!! 
The neighborhood is extremely safe and on a fairly quiet street. However it is very close to all the hotspots of Palermo SoHo. If you are into fashion that’s definitely where you want to hit up. They had the most amazing unique artisans and independent boutiques! If you love handmade bespoke shoes... you MUST check out CHICCO RUIZ!!!!! They are works of art, handmade by a lovely gal who sustainability resources all the materials from her home town. Tell her I sent you ;-) 

Our hosts were Spectacular!!! Great communication! And extremely kind and generous!!! Sadly we never got to meet face to face... but I have a feeling we would make great friends!!!! I DO plan to return to Buenos Aires someday and hopefully rent this adorable apartment again!

Perks: super comfy bed! (Website hidden by Airbnb) Great AC (Website hidden by Airbnb) Full cable with hbo in English (Website hidden by Airbnb) (Also many other languages (Website hidden by Airbnb) Full kitche (Website hidden by Airbnb) Great mirrors! (This is actually my biggest pet peeve, as a lady, when your on vacation and you can’t see your outfit (Website hidden by Airbnb) Friendly and helpful neighbor (Website hidden by Airbnb) Windows slide fully open (Website hidden by Airbnb) Great market on the corner!!!!",Ubicación,0.39702335858585847,Positivo ✅
21164326,259754949,2018-05-02,83158565,Daniel,Muy lindo departamento con todo equipado. Muy limpio. Tiene una buena ubicacion ya que esta cerca de todo. Muy recomendable.,Limpieza,0.0,Neutral ⚪
23043064,424297809,2019-03-16,77987744,Maria Del Pilar,Lindo apartamento! Igual a las fotos. Excelente ubicación,Instalaciones,0.0,Neutral ⚪
12230609,357113858,2018-12-09,181668810,Diego,"excelente ubicacion, hermosa vista de puerto madero, recomendadisimo!!!",Instalaciones,0.0,Neutral ⚪
2792501,53170194,2015-11-06,17792287,Raoul Solon,Notre hotesse nous a tres bien accueillis par l'entremise de collegues sur place à BA. L'appartement était parfait bien que plus éloigné du metro.,Ubicación,0.0,Neutral ⚪
23229045,511614682,2019-08-17,25600944,Arianee,Uno de los mejores alojamientos en BS As. Sinceramente muchas gracias.,Instalaciones,0.0,Neutral ⚪
8942580,130674834,2017-02-07,101761429,Natalia,"Excelente recepcion por parte de Anahi. Es un depto muy seguro, comodo, bien equipado,  limpio y  muy bien ubicado en la ciudad. 100 % recomendable. No dudaria en volver a alquilarlo.",Limpieza,0.0,Neutral ⚪
15130534,154911600,2017-05-26,24895162,Guy Gomes,"Um ótimo espaço para um casal, com ótima vista da Plaza del Congreso, próximo ao Metro Peña, bons restaurantes e padarias ao redor. Um piano excelente e muitos livros para inspirar-se culturalmente. Tivemos o prazer de tocar piano nas nossas folgas dos passeios. A cozinha é pequena e pode-se esquentar uma água para um chá ou fazer um café.  A recepção pela Elo foi excelente.  ",Ubicación,0.0,Neutral ⚪
21324038,431684491,2019-04-01,168436370,Gianfranco,"Buen lugar, excelente ubicación. Todo de acuerdo a lo esperado.",Instalaciones,0.0,Neutral ⚪
20572621,526816365,2019-09-09,4327468,Yaniv,"The apartment is modern and comfortable as in the photos. Very nice to live in.

It is right near the Drago train station which can get you into Retiro Mitre in 20 minutes.  You can also walk to Urquiza and get the subway into the center.
By Cabify it is 20 minutes to Palermo.

It is on a busy street, there is car noise until 10:30pm.

The internet is fast.",Ubicación,0.2335642135642136,Positivo ✅
25884319,471424154,2019-06-17,254093535,Rodrigo,"Me encanto el lugar, la amabilidad de Cecilia excelente, siempre estuvo pendiente de cualquier cosa, la ubicación a mi parecer inmejorable.",Instalaciones,0.0,Neutral ⚪
33613335,471506998,2019-06-17,247988258,Federico,"El lugar el muy lindo, tranquilo y cerca de todo. Los anfitriones siempre estuvieron para lo que necesitábamos. Lugar y anfitrión muy recomendable.",Ubicación,0.0,Neutral ⚪
174845,3552312,2013-02-16,3742253,Lucinda,"Ralf, Marcello and the rest of the guys in the office were absolutely terrific.  They went out of their way to be helpful, and really helped us get our feet on the ground quickly.  The apartment we stayed in was lovely (Bali), and location was perfect. Also, it was very secure and safe. We recommend this rental highly.
David and Cindy from the U.S.",Ubicación,0.40166666666666667,Positivo ✅
129932,4464846,2013-05-06,558314,Michelle,"Wonderfully-appointed apartment in Buenos Aires! Convenient location in Palermo, Lots of markets, cafes, restaurants nearby. The apartment was fresh and clean and does indeed have a wonderful view of the city! Ralf was a pleasure to work with -- he was so understanding when our flight was delayed by 2 hrs (but we had no way of letting him know as we were stuck on the plane) and he was patiently waiting for us without hearing a word from us. Check-in was easy and done by Ralf's colleague -- who was SUPER helpful telling us about the town, showing places on the map, giving us tips, etc about day trips, etc. I actually got sick that 1st morning we arrived, and they brought me an extra blanket to keep me warm! I wouldnt hesitate to book this apt again the next time we are in BsAs.",Limpieza,0.27900432900432903,Positivo ✅
35114898,572322847,2019-12-02,191076967,Bryn,Excellent accomodation! Pablo was quick to respond to my messages and was happy to accomodate a difficult schedule.,Instalaciones,0.4083333333333333,Positivo ✅
28998458,543777734,2019-10-08,300719058,Jesica,The host canceled this reservation 7 days before arrival. This is an automated posting.,Atención,0.0,Neutral ⚪
33490275,441167306,2019-04-21,161319078,Aldo,"Arita siempre se  mostro amable y es una excelente anfitriona.
El apto es un lujo, tal cual las fotos.
Calido y con un diseño que demuestra el buen gusto de la anfitriona.
Sumamente recomendable para pasar una excelente estadía en buenos aires.
Volveremos ....
Gracias por hacernos la estadiaun placer.",Atención,0.0,Neutral ⚪
4479962,160546188,2017-06-14,29505701,José,"La habitación está bien ubicada para recorrer BSAS. El precio me parece bien. Estaba limpia y Elena fue flexible con el check in y el check out. Había un poco de ruido de autos y calle a la noche, pero es inevitable en la zona. Me parece muy buen alojamiento para recorrer los lugares céntricos.",Atención,0.0,Neutral ⚪
4761958,340022278,2018-10-22,68487721,Louise,Gorgeous modern apartment in a fantastic location.,Ubicación,0.4333333333333333,Positivo ✅
18897004,255778547,2018-04-21,13136149,Ce,"El depto es hermoso. No solo tiene todo lo que necesitas sino que ademas es acogedor. La terraza es un extra que suma mucho, esta bien cuidada y tiene muchas plantas para un momento de relax. La ubicación es ideal, desde allí puedes trasladarte a cualquier punto de la ciudad. El Barrio de San Telmo es muy lindo, tiene lugares para conocer, comer y tomar en distintos momentos del día. Jorge y Celeste son personas muy amables, fue un gusto conocerlos.",Ubicación,0.45,Positivo ✅
5296487,149264703,2017-05-03,56450438,Wilian,"A estadia foi ótima! O apartamento é muito organizado e limpo, a localização é super boa, perto de metrô e fácil acesso para ônibus. A anfitriã nos recebeu de maneira incrível!",Ubicación,0.41666666666666663,Positivo ✅
8028532,622482647,2020-04-15,17361031,Brian,Denise was a lovely host. She went above and beyond to support her guests during an unforeseen complication. Her home is lovely and well-cared for. I look forward to staying again!,Atención,0.375,Positivo ✅
7495760,240627938,2018-03-05,157545540,Pauline,"Gaston es muy simpatico y muy buen anfitrion. Fue tambien un gran guia ! 
Sobre el apartamento, es igual que en las fotos y todo esta muy limpio.",Limpieza,0.0,Neutral ⚪
37359153,569092273,2019-11-25,310686747,Manu,"Tuvimos una excelente estadía! Todo impecable, muy buena la ubicación y súper amable Cristian. Más que puntual, dandonos consejos y sugerencias y atendiendo a cada necesidad. Un lugar recomendable y súper accesible!",Atención,0.0,Neutral ⚪
327888,322246484,2018-09-12,23213017,Miggel,"As San Telmo as it gets. Market across the street, cafes bars and restaurants around and the bbq on the terrace is the icing on the cake",Instalaciones,0.0,Neutral ⚪
23043064,362075873,2018-12-25,10236519,John,"Andrea’s place is perfectly located in Palermo, everything you need is close by and the neighbor hood is very nice.",Instalaciones,0.89,Positivo ✅
1270489,58007396,2015-12-31,38556075,Waleed,"Sophie was amazing!  Place was exactly as advertised and Sophie and Juan were the nicest folks.  Recommendations for things to do, ironing board, tips for how to get around.  Above and beyond and made our experience a ton more enjoyable.  ",Instalaciones,0.4,Positivo ✅
19306080,208244450,2017-10-31,93723767,Nicolas,"Excelente el departamento y su ubicacion,  la atención de Rocio, siempre predispuesta, atenta y flexible respecto de nuestras necesidades. Una comunicación muy fluida, indispensable en este tipo de viajes. Recomiendo 100% este alojamiento!!",Instalaciones,0.625,Positivo ✅
2798279,13892557,2014-06-07,15842135,Angela,"Magdalena and Javier are great hosts. They responded immediately after I contacted for the first time and had been available and very helpful since.
The apartment is quite spacious, with comfortable beds, big wardrobe and useful chest of drawers, nice kitchen and bathroom, and a cute balcony, bringing lots of light into the rooms. It's also perfectly located, with shopping and trendy areas, packed with coffee places and restaurants just around the corner.",Atención,0.4541666666666666,Positivo ✅
16367177,182825209,2017-08-15,66557795,Gynna,"El apartamento es perfecto por su ubicación, decoración y comodidad. Tiene lo justo para una buena estancia. Lo recomiendo ampliamente y sin duda volveria a hospedarme. ",Instalaciones,0.0,Neutral ⚪
2174343,602328107,2020-02-06,1695864,Mike,"Catherina’s apartment is 3 blocks away from the bustling Palermo district. It has immediate access to health food stores, grocery stores as well as public transit and restaurants.

The unit itself is quiet, clean and spacious. And Catherina is a joy. Communications were excellent and will definitely stay at her place again when I am back.",Limpieza,0.3095238095238096,Positivo ✅
2536097,103439900,2016-09-22,49558575,Angelos,"Amazing house, awesome hosts! Fernardo and Matias have a beautiful home and both of them are very helpfull and very happy to pass all their knowledge about the city and the local life.The house is very clean with nice decoration,great wifi and  well conected with the city! I would strongly recommend staying here! ",Limpieza,0.6020370370370371,Positivo ✅
22626633,461432514,2019-05-31,167054565,Gustavo,"La estancia ha sido estupenda. Es un sitio tranquilo, cómodo y muy limpio, Pablo y Karina son excelentes anfitriones. Recomiendo el lugar 100%",Limpieza,0.0,Neutral ⚪
25319076,590063631,2020-01-07,96721783,Gerónimo,"Great place, excellent location, very warm host. Would totally pick it again!",Ubicación,0.645,Positivo ✅
39086034,594947192,2020-01-19,30015797,Victoire,Un gran placer alojarse en este departamento chiquito y muy funcional. La ubicación es bárbara y la atención excelente. Gracias.,Instalaciones,0.0,Neutral ⚪
727445,55561398,2015-12-02,43370058,Danny,"Gabriel was a fantastic host during my two month stay. I would strongly recommend him and this flat.

Pre-arrival Gabriel provided a full run-down of all information needed for my arrival and my stay such as transport arrangements and currency exchange. Gabriel was also extremely responsive to any queries I had during the stay and provided a great service. 

As for the flat it couldn't have been more convenient. Situated on a great street in Palermo Hollywood the flat was a stones throw from all the best that Palermo has to offer. A 10-15 minute walk to the Palermo subway station made commutes to the centre of the city very easy. 

The flat itself was extremely comfortable and very modern with everything required for a great stay. The terrace and pool on the roof is amazing and has great views of Palermo, perfect for a sunset. I couldn't have enjoyed living here more! 10 out of 10.  ",Ubicación,0.4366666666666666,Positivo ✅
4823710,43309184,2015-08-18,40691749,Irene,"Nos sentimos cómodas y contentas como en casa, gracias a la hospitalidad de Inés, nos gustaría volver a alojarnos con ella en una próxima oportunidad.",Instalaciones,0.0,Neutral ⚪
25201511,611975219,2020-02-28,88740405,Daniel E,Todo muy bien. La comunicación muy ágil y nos dió muchos consejos sobre la ciudad. Para una pareja o dos amigos está muy bien ya que solo hay una cama. Gracias!,Instalaciones,0.0,Neutral ⚪
33740227,492567137,2019-07-21,192297155,Elías,"Excelente hospedaje, muy bien ubicado y un apartamento limpio, y cómodo para todas las necesidades. Juan fue muy amable y nos asesoró sobre la ciudad y las cosas que podíamos hacer y conocer. Super recomendado!",Limpieza,0.41666666666666663,Positivo ✅
8942580,113669029,2016-11-13,24449357,Nelson,"Anahi fue una anfitriona formidable. El apartamento muy bueno, volveria sin lugar a dudas por su ubicacion, limpieza, comodidad. El apartamento esta igual a las fotos, un monoambiente, con todas las comodidades para pasar alli. La cocina equipada con lo necesario para cocinar (no la use), el baño muy comodo, y el colchon muy bueno y Anahi facilita una tarjeta para andar en subte y omnibus.
Los servicios del edificios son buenos, con porteria las 24 horas, y una piscina al aire libre. El entorno es muy agradable con servicios multiples y plaza cerca.",Ubicación,0.0,Neutral ⚪
24132423,291789684,2018-07-16,120382790,Lautaro,El alojamiento es tal cual se ve en las fotos. La atención de Owen y su familia fue muy bien en todo momento. La ubicación es excelente! Recomiendo el lugar ,Instalaciones,0.0,Neutral ⚪
15925856,414991461,2019-02-21,209492118,Graciela,"Un lugar con todo; muy completo, muy cerca de Icba y Fleni. Lleno de luz, plantas bellas, verde y buenas energías. Silvia a las ordenes resolviendo todo con mucho respeto y siempre poniéndose en el lugar del huésped. Absolutamente recomendable.",Ubicación,0.0,Neutral ⚪
17013090,459519621,2019-05-27,21216613,Chris,The communication with Pablo was very good and he made everything possible to have a smooth check in. The location in Palermo was pretty close to many bars and restaurants. The flat itself had everything we needed.,Ubicación,0.33916666666666667,Positivo ✅
27609416,369403639,2019-01-10,111452104,Alvaro,excelente ubicación y hospedaje,Instalaciones,0.0,Neutral ⚪
36207205,567080532,2019-11-21,286733489,Oscar Francisco,"Un departamento impecable con todo lo necesario para una buena estadía, y el plus de la calidad humana de sus anfitriones. Muchas gracias!!",Atención,0.0,Neutral ⚪
21077955,218212795,2017-12-11,22761778,Nilseu,"Fomos muito bem acolhidos. Espaço adequado para acomodação trânsito. Segurança. Ótimos restaurantes e cafés nas proximidades, assim como atrações artísticas.",Instalaciones,0.0,Neutral ⚪
24086553,408074185,2019-02-03,13029927,Sabrina,"todo espectacular, no tengo nada que objetar",Instalaciones,0.0,Neutral ⚪
36843450,599243464,2020-01-29,2980225,Joe,Great value,Precio/Calidad,0.8,Positivo ✅
210040,135134803,2017-03-03,7160687,Marie,"Everything was perfect: the flat itself exactly as described, the view from the balcony especially at sunset, the pool, the location in Palermo, the transfer from the airport and of course Marcello's welcome. He took the time to answer all my questions and offer suggestions to enjoy the city. ",Ubicación,0.40416666666666673,Positivo ✅
32210214,446016964,2019-04-30,153792360,Susana,"Alojamiento con una ubicación inmejorable, un trato cordial y atentos a cada detalle de parte de los anfitriones, todo de muy buena calidad.",Atención,0.0,Neutral ⚪
25404024,338444806,2018-10-19,193938025,Marcela,"excelente alojamiento!!! impecable, muy buena ubicación, y Liliana es una espectacular anfitriona",Atención,0.0,Neutral ⚪
29178658,528715968,2019-09-13,46874621,Janina,"El departamento es grande por ser mono ambiente, queda cerca de todo, muy limpio. Volvería si es posible! Gracias por todo!",Limpieza,0.0,Neutral ⚪
2428838,254664433,2018-04-17,31715187,Jeanne,"Nous avons passé un bon séjour chez Carla, elle a été très réactive. Les équipements et la literie sont un point à améliorer (sèche-cheveux, vaisselle à ajouter, et l’une des lampes de chevet n’avait pas d’ampoule). 
L’appartement est très bien sécurisé, nous nous sommes senties en sécurité et bien placé dans le quartier. 
Nous recommandons cet appartement pour un court séjour à Buenos Aires.",Instalaciones,0.0,Neutral ⚪
17244828,537400622,2019-09-28,156952900,Lisandro,Muy buena la ubicacion. Limpieza excelente.,Instalaciones,0.0,Neutral ⚪
2977502,126265440,2017-01-10,19679684,Ulrich,"Carlos es un anfitrión muy amable e increíble: la estadía es como estar en su propia casa. La habitación es linda y amplia. Lo mismo para todo el apartamento que contiene un salón. También hay otra habitación que se alquila de vez en cuando de esta manera puedes conocer a otros viajeros y unir fuerzas. ;-) Además en la casa viven tres gatos ""París"", ""Pepo"" y ""Tino (el bloque)""que son amigables y muy divertidos. Voy a echarlos de menos cuando me vaya.
El apartamento se encuentra en el barrio de San Telmo que es muy agradable y amigable. La zona es muy individual porque todo la gente se conoce. Innumerables bares y restaurantes.
La estación de subte y paradas de autobús (acá ""colectivo"") están muy cerca.
Fíjate que los colectivos operan 24 horas por día y los precios son muy baratos.
En principio vivir más en el centro sea bueno. Pero me parece que vivir en San Telmo y viajar a los otros lugares sea absolutamente mejor.

Resumiendo, reservar esta habitación representa una oportunidad perfecta para conocer la vida cotidiana y nocturna de San Telmo (barrio que era un centro colonial) y al mismo tiempo ser turista y también ser parte de la gente.

Un lugar perfecto para una estadía en Buenos Aires sea por poco tiempo o por mucho.

Carlos is a very friendly and amazing host:
You really feel at home during your stay.
The room provides plenty of space and is quite nice. As well as the whole apartment including its living room. There is another room that is let from time to time. So you can get to know other travelers and join forces. ;-) Not to mention the three cats ""Paris"", ""Pepo"" and ""Tino (el bloque)"" who are lovely and very funny. I will miss them when leaving Buenos Aires.
The apartment is located in the quarter of San Telmo which is a very nice and friendly area. Quite individual and people know each other. Tons of bars and restaurants.
A subway station is close and a lot of bus stops as well. Keep in mind that buses operate 24 hours per day and that public transport is really cheap. You may think that living nearer to the center is a better choice. But staying in San Telmo and traveling to the other areas is definitely the better way.

Altogether, staying at this place provides you with an excellent opportunity to get to know Argentinian daily life and nightlife in San Telmo as well as doing sightseeing and getting to know locals in this ancient colonial center.

The perfect choice for a nice time in Buenos Aires! Either short term or long term!",Ubicación,0.2786206896551725,Positivo ✅
100080,227838039,2018-01-16,124466465,Oscar,"Muy buena ubicación con todos los servicios a mano, por la resolución rápida de las situaciones planteadas, el alojamiento resulta placentero para ubicarse en el corazón de Buenos Aires.",Instalaciones,0.0,Neutral ⚪
11665905,543843166,2019-10-08,97140348,Mariana,Hermoso lugar...fuimos de paseo con mi esposo y Sin duda volveríamos...el dpto es cómodo y muy (Website hidden by Airbnb) ubicacion es in me jo ra ble!!! Amo Palermo así que sin palabras! Plaza Serrano a un paso y bares divinos muy cerca. Hablamos poco con Laura porq realmente estuvo todo en orden pero en todo momento se mostró muy atenta.,Ubicación,-0.4069010416666666,Negativo ❌
26559891,413945032,2019-02-18,4830786,Johana,La ubicación y el departamento está súper bien ubicado y muy lindo todo. Sin dudad volveriamos a contactar con Lorena.,Instalaciones,0.0,Neutral ⚪
21382183,326115639,2018-09-21,200880262,Facundo,"Impecable el departamento, tal cual como se ve en las fotos. Destacamos la atención de Maria Victoria, siempre atenta a nuestras necesidades. Se encuentra ubicado en una hermosa zona,  segura y concurrida. El departamento es muy luminoso y lo recibimos en excelentes condiciones. Se encuentra muy bien equipado y limpio. El WIFI funcionaba perfectamente, la cama muy cómoda y el baño es amplio y la ducha funciona bien. No cuenta con cochera pero a una cuadra y media hay un estacionamiento que es accesible y cómodo.",Limpieza,0.0,Neutral ⚪
30506848,421410311,2019-03-09,53713946,Ana,"Muy atento Nicolás , rápidas respuestas el espacio encantador .",Instalaciones,0.0,Neutral ⚪
7974173,197006905,2017-09-24,55327125,Luis,"Muy buen Departamento , muy confortable y cerca de todo. Llegamos tarde y Carlos y nos estaba esperando . El Depto es tal como se muestra las fotos .",Ubicación,0.0,Neutral ⚪
2542120,211999264,2017-11-15,98369718,Roberto,"Muy buena relaciòn calidad - precio ,  Lyn estuvo muy amable
Lo recommiendo a todo el mundo",Atención,0.0,Neutral ⚪
33554918,618010475,2020-03-14,10850440,Victor,"Silvina y Pablo desde antes de nuestra llegada estuvieron muy pendientes de nosotros y siempre estuvieron dispuestos ayudar. El apartamento tiene mucho más de lo que necesitas para una cómoda estadía de varios días, muy bien equipado. Check in y check out flexible. Ubicado cerca a avenidas principales y subte. Muchas gracias!!",Ubicación,0.0,Neutral ⚪
30196570,352547034,2018-11-25,144193248,Debashish,The host canceled this reservation 37 days before arrival. This is an automated posting.,Atención,0.0,Neutral ⚪
15589768,325372015,2018-09-19,134284486,Ricardo,Leandro fue un anfitrión muy responsable y su depa esta localizado en una excelente zona para tomar transporte y conocer el barrio de Palermo,Ubicación,0.0,Neutral ⚪
21753679,345905210,2018-11-06,184691818,Alejandro,Es un muy cómodo y funcional dpto. Fui en pareja y todo muy bien. Buena zona. Con mucha actividad propia y con posibilidades de estar rápidamente en otras zonas de la ciudad con mucha actividad diversa. Buena fluidez y cantidad de medios de transporte.,Instalaciones,0.0,Neutral ⚪
14980239,442483448,2019-04-23,132227095,Karisol,"La habitación es hermosa, tiene un toque muy artístico y bohémio. Esta ubicada en un área muy céntrica y accesible a tiendas, hoteles, y casas de cambio. Se pueden conseguir sevicios de tours turísticos en las calles aledañas.",Instalaciones,0.0,Neutral ⚪
20062,513470943,2019-08-19,22468488,Trent,Sergio's apartment was very nice and in a great location. He was very helpful with local tips and also helped me out when I left my sunglasses at his place. The apartment has great views over Palermo and so does the communal rooftop which would be very nice in summer. Adequate amount of towels too.,Limpieza,0.4616666666666667,Positivo ✅
27540857,353081609,2018-11-26,111623126,Elena,"El departamento está muy bien ubicado, limpio y con detalles de buen gusto, lo recomiendo",Limpieza,0.0,Neutral ⚪
31798953,431045568,2019-03-31,174602897,Sofia,"El alojamiento excelente!! Muy cómodo y moderno. Esta muy bien ubicado, caminando podes moverte muy bien. Hay un kiosko abajo y restaurantes muy cerca. 
Tina muy atenta y amable",Ubicación,0.0,Neutral ⚪
35947982,537383490,2019-09-28,10774137,Ezequiel,Lovely place and excellent walking location to the heart of Palermo.,Ubicación,0.75,Positivo ✅
16697,60965935,2016-01-30,52477817,Javier,"El apartamento es excelente. Muy cómodo y espacioso. 

Ante cualquier necesidad el anfitrión reaccionó inmediatamente.

Era lo q esperaba. 

Cerca al mercado de las pulgas de San Telno y a Puerto Madero. 

Sin dudarlo volvería a hospedarme allí.



",Ubicación,0.0,Neutral ⚪
29175617,597985470,2020-01-26,227894596,Luis,"Anfitriona muy atenta a consultas y dispuesta a ayudar en cualquier cosa, ademas de ser muy flexible con horarios.
Espacio muy cómodo, en una ubicación excelente, cerca de subte y diferentes servicios. Barrio muy tranquilo. Sin duda volvería a arrendar. Recomendado 100%.",Ubicación,0.0,Neutral ⚪
6447412,543801829,2019-10-08,60129156,Ricardo,Enrique y su familia son muy amables,Atención,0.0,Neutral ⚪
7225398,159075737,2017-06-09,118112178,Magdalena,"Me senti como en casa, cumplieron con todo lo pactado, muy recomendable.  zona de negocios y cerca del subte.  Volveré",Ubicación,0.0,Neutral ⚪
16081136,219409644,2017-12-17,7508030,Silvana,"Excelente apartamento, limpio, bien ubicado y Camila muy amable.",Limpieza,0.0,Neutral ⚪
3039238,27969277,2015-03-15,20978498,Ruth,My husband and I had a wonderful time at Hal and Elias loft in Palermo Hollywood. The area is lively at night but it wasn't too noisy inside the apartment. Elias was very quick to answer any questions that I had before and during my stay in Buenos Aires. He also helped me book some of our events while in the city. Sonia was very sweet and professional. We were getting into the city on a flight after midnight and the hosts were sweet to leave us snacks and a bottle of wine. The apartment is large and spacious and I felt safe while there. I would definitely recommend this apartment to others who want to stay in a lively residential area of Buenos Aires. Overall a wonderful experience with gracious and generous hosts. ,Atención,0.36044552669552665,Positivo ✅
39397045,548142920,2019-10-16,204675183,Cleo,The host canceled this reservation 13 days before arrival. This is an automated posting.,Atención,0.0,Neutral ⚪
18856153,403677513,2019-01-21,215592556,Andrea,"Carolina nos recebeu muito bem. Chegamos tarde pois não conseguimos uber, mas ela estava esperando com as camas arrumadas.",Precio/Calidad,0.0,Neutral ⚪
23056448,572355374,2019-12-02,47857120,Valéria,"Localizado em bairro muito charmoso, apartamento limpo e aconchegante, com tudo o que necessitávamos, mas o melhor de tudo foi a atenção e a hospitalidade. Chegamos e saímos de madrugada, totalmente fora do horário padrão e, mesmo assim, fomos muito bem recebidas e ainda ganhamos um vinho de presente!",Instalaciones,0.0,Neutral ⚪
24405940,349152708,2018-11-16,21152040,Bruno,"Great place, spacious and clean, walking distance to all the best sights and restaurants in San Telmo and Recoleta. The hosts were warm, welcoming, and accommodating to our schedule. Would love to stay here again!",Limpieza,0.6783333333333335,Positivo ✅
18599807,176216243,2017-07-30,141207985,Anastasia María,"El departamento es muy cómodo, con una ubicación excelente. La dueña es muy preocupada y hace que todo sea muy expedito, recomiendo mucho este departamento, gracias Adriana eres lo máximo!!!!",Instalaciones,0.0,Neutral ⚪
23212954,260971369,2018-05-05,54788219,Andres,"Súper cómodo el departamento, como todo lo que se necesita, bien ubicado facil acceso a todo",Instalaciones,0.0,Neutral ⚪
28409750,570940567,2019-11-30,296417369,Juana,A very comfortable and cozy place. Close to transportation and different restaurants. I recommend it if you want to feel at home.,Instalaciones,0.10666666666666669,Positivo ✅
35484484,569402720,2019-11-26,50257686,Becky,A very modern/clean apartment next to Parque Las Heras.. perfect location! Apartment was just what we wanted for a few days in BA and Barbara was very helpful with check in and check out :) would definitely recommend,Limpieza,0.24285714285714285,Positivo ✅
28284820,570902116,2019-11-30,42759569,Berenice,"El dpto es divino, tal como se muestra en fotos. Está muy bien ubicado, en una zona de mucho movimiento de gente. Hay bares abajo, quioscos, farmacia, supermercado, cajero automático. La pileta del edificio es una belleza, ideal para alojarse en verano! 
La atención de Belén fue estupenda, atenta y predispuesta a mis necesidades.
Súper recomendable!!",Instalaciones,1.0,Positivo ✅
372818,143373602,2017-04-11,27494108,Maja,A beautiful warm home with wonderful kind hosts and a delicious breakfast. One of the best AirBnB places I have stayed at.,Atención,0.8416666666666668,Positivo ✅
32736750,578681917,2019-12-18,103227484,Fili,El espacio de Guillermo es lo mejor que te puede pasar en Buenos Aires.,Instalaciones,0.0,Neutral ⚪
13903353,115289584,2016-11-23,44316055,Michaela,"Elida is a very nice person. Whenever I had any questions I could contact her easily and she was very helpful. I enjoyed my stay at her apartment. You can find everything you need. The next supermarket is just around the corner. Some bus stops are right in front of the building, therefore it is easy to go to different parts of the city to explore it. Also the apartment is on the edge of the nightlife in Palermo. You don't have all the noisy, but can walk there. For me it was perfect, and I do recommend the apartment and Elida as a host.",Ubicación,0.40359788359788357,Positivo ✅
31272312,568521645,2019-11-24,66644702,Juan Carlos,Excelente apartamento muy bien ubicado en Buenos Aires en uno de los mejores barrios que es Santelmo. El apartamento es lujoso con excelente dotación y relativamente muy nuevo. Paula fue muy atenta y muy pendiente de los mínimos detalles para el ingreso y la salida del apartamento. Lo recomiendo mucho.,Ubicación,0.0,Neutral ⚪
20997802,578002245,2019-12-16,45539937,Julian,Excelente alojamiento para hospedarse. Muchas gracias Fernanda! Nos vemos la próxima.,Instalaciones,0.0,Neutral ⚪
42168834,615227668,2020-03-07,37800739,Claus,"Excelente trato y recibimiento, muy buena ubicación.
El dpto se encontraba muy limpio y contaba con todos los servicios disponibles.",Limpieza,0.0,Neutral ⚪
19387253,180935969,2017-08-11,116531137,Virginia,Todo de Diez! El dpto. es tal cual se muestra en las fotos: cómodo y limpio. Muy recomendable!,Limpieza,0.0,Neutral ⚪
192259,51023598,2015-10-17,41558711,Valentine,Wonderful place to stay! Vivi is really helpful when you have questions! I really felt at home! Thank you Vivi ! I will be seeing you soon for a tango lesson! ,Atención,0.546875,Positivo ✅
13712498,433018980,2019-04-05,74137580,Raul,"Very stylish neighborhood, very nice apartment, great places to eat nearby .",Ubicación,0.7433333333333335,Positivo ✅
2413410,274595026,2018-06-09,182094202,Eider,"Apartamento bem localizado, aconchegante e quente (para os dias frios), contudo bem arejado em caso de dias de calor. Restaurantes, bares, mercados, comércio em geral bem próximos. Recomendo.",Instalaciones,0.0,Neutral ⚪
129681,149107121,2017-05-02,20927736,Ruth,Luisa es una muy buena anfitriona. Siempre se mostró bien dispuesta y fue muy clara al momento del check in para explicar el funcionamiento del apartamento. La unidad está decorada con muy buen gusto,Atención,0.0,Neutral ⚪
37145595,617299055,2020-03-12,25737712,Rianne,"No service in the room, great pool, great locarion, make sure ypu do not have to check in at night.",Atención,0.7000000000000001,Positivo ✅
69086,594998905,2020-01-19,1189441,David,"Super Lage in San Telmo- vergleichsweise ruhig und nah am Puls der Stadt. Das historische Gebäude ist voll San Telmo Style mit diversen Airbnb Zimmern rund um den schönen Patio. 
Das Appartment ist bisschen in die Jahre gekommen und ein paar neue Möbel/Renovierung würden gut tun. Die Klimaanlage /Lüftung funktionierte nicht wirklich, was im dunklen Erdgeschoss noch erträglich ist. 
Check In lief super, weil die Verwalterin im Haus wohnt. Preis-Leistung - Lage ist trotzdem okay.
Ähnlich charmanten Style gibt's um die Ecke im Monita Hostel für ein bisschen mehr Geld, dafür sauber, modern und mit entspannter Hostel Atmosphäre, wenn man das mag.
Bedingt empfehlenswert.",Atención,0.3416666666666666,Positivo ✅
19545303,336520974,2018-10-14,213132060,Mariia,"This place became my second home during 2 weeks en BA . Lovely place, very cozy. Luis is very nice and helpful :)",Atención,0.304,Positivo ✅
1478602,167715177,2017-07-07,82307692,Bernardita,"El departamento está muy bien y cómodo. La zona de ubicaciones es genial para salir a comer e ir a Palermo 
",Instalaciones,0.0,Neutral ⚪
2902956,135797011,2017-03-06,26090193,Trui,"Great place, as described in the pictures. Very safe location, responsive host and great pool - we used it every day!",Ubicación,0.8166666666666668,Positivo ✅
9110837,135964891,2017-03-07,38623392,David,"Unique, spacious place in downtown Buenos Aires. Great location next to everything downtown. ",Ubicación,0.39166666666666666,Positivo ✅
39298359,567043662,2019-11-21,303225887,Emily,Great host and a great flat in an excellent location.,Ubicación,0.64375,Positivo ✅
19387253,439196037,2019-04-18,6117462,Gustavo,"Excelente apto, moderno, bonito y limpio. Barrio ideal para todo. Relativamente cerca del metro.",Limpieza,0.9,Positivo ✅
31070740,619101465,2020-03-16,310404430,Kirstin,"I thoroughly enjoyed my month long stay in the apartment. It was perfectly located - easy to access public transport, local super markets, green grocer and butchery. Easy walking distance to some incredible cafes and restaurants within the greater Palermo suburb. The apartment was bigger than I expected, but was exactly as depicted in the photos. It was secure, clean and nicely furnished and equipped. The balcony and parilla (outside grill area) were definite added bonuses, and having a washing machine was fabulous. Javier was super quick to respond to any queries and very helpful. I would definitely recommend the apartment to other travelers - it will become your home away from home in all the ways that matter most.",Limpieza,0.2695512820512821,Positivo ✅
18682551,203722529,2017-10-15,26257796,Mathias,"El departamento es lindo, nuevo, como se ve en las fotografías, para mo se encuentra en una zona segura, tranquila y sobre todo cerca de muchos lugares de interés!!! Los anfitriones fueron muy amables y siempre estuvieron atentos a mis preguntas, seguro volveré a este departamento la próxima vez que visite Buenos Aires!!!!",Ubicación,0.0,Neutral ⚪
8059400,604508217,2020-02-11,326038464,Laura,"Me gusto todo. El departamento es muy acogedor, limpio y las camas muy cómodas, el baño limpio y espacioso. La ubicación es inmejorable, gran variedad de restorantes, cafeterías y bares por la zona a los que puedes acceder con solo bajar el ascensor, mucha seguridad por la zona ya que ves mucha gente caminando hasta altas horas, mucho verde y zonas de recreación. Además Florencia una persona muy servicial y atenta ! Sin duda lo recomiendo.",Limpieza,0.0,Neutral ⚪
281785,883098,2012-01-25,1604715,Andrea,The hosts were wonderful: friendly and very detail-oriented. Emails were replied very quickly and accurately. Highly recommended!,Atención,0.4416666666666667,Positivo ✅
75094,455176,2011-08-18,342994,Christian,"I spent a fabulous week in Buenos Aires thanks to Eugenias appartment!
Really good located, nice furniture and everything was working well!

By receiving the keys until I gave them back!
;-)

Definetely I will stay there next time too!!!!!",Instalaciones,0.28125,Positivo ✅
16531377,423223563,2019-03-13,30408911,Kyria,"Everything is exactly how it looks on the pictures. The size of the apartment is just perfect for a couple of days/weeks. 
Thanks a lot for all the tips and the good recommendations.",Instalaciones,0.5375,Positivo ✅
33251211,598964789,2020-01-28,164869194,Maximiliano,"Mi experiencia en el departamento fue increíble, sin duda para recomendar. Cerca de varios lugares públicos, plazas, bares, etc. 
El departamento contaba con lo necesario para tener una estadía genial.",Ubicación,0.0,Neutral ⚪
36038044,535902715,2019-09-25,209956024,Graciela,"Departamento totalmente equipado, en ubicación espectacular. Loli sumamente amable, presta a solucionar cualquier inconvenientey responder todas las inquietudes",Atención,0.0,Neutral ⚪
14404868,194864503,2017-09-17,100396801,Carola,"Excelente ubicación, es igual a la publicación, hermoso",Instalaciones,0.0,Neutral ⚪
11924221,417856671,2019-02-28,183821848,Bellissa,La ubicación es excelente si deseas hacer pasantías o rotaciones por los mejores hospitales! Y lo que necesites está cerca de ti! Tiene todo lo que ofrece y es seguro.,Ubicación,0.0,Neutral ⚪
33076850,536395788,2019-09-26,3453276,Tito,"Cynthia es una anfitriã atenta y estuve siempre muy disponible. El departamento es muy bien ubicado y es exactamente como en las fotos. Gracias, Cynthia!",Instalaciones,0.0,Neutral ⚪
30734144,488729863,2019-07-15,183290877,Fatima,"Maravilloso apartamento, excelente ubicación.
Respuesta y atención inmediata 
Maca una súper Host!!!",Atención,0.0,Neutral ⚪
11157696,83579162,2016-07-03,64568268,Andrés,Precioso apartamento. Muy bien ubicado y cómodo!,Precio/Calidad,0.0,Neutral ⚪
751662,9089667,2013-12-06,8183595,Manfred,"Carola is very friendly and always ready to help. Everything is good organized. The apartment is perfect located and very clean. We enjoyed our stay, we hope to return and can recommend it.
Monika u. Manfred ",Limpieza,0.5606944444444445,Positivo ✅
30234000,527314906,2019-09-10,113720555,Melisa,"Hermoso lugar,perfecta ubicacion,disfrute mucho Los atardeceres en la terraza. 
Monica fue una host super amable.
Recomendable.",Atención,0.3333333333333333,Positivo ✅
25919058,602649496,2020-02-07,99765960,Sheldon,"Best Airbnb I've ever stayed in,  the place was perfect right in the heart of Buenos Aires,  lots of shops, across from the park, food stores, coffee shops all around you and the subway is steps away, it has everything, fast wifi, good security, beautiful clean place, cold air conditioning and a wonderful owner!! Mayisol is a very kind woman she is there for you, if you need help.
I would definitely stay there again.",Limpieza,0.5074891774891775,Positivo ✅
19863888,578978968,2019-12-19,29073253,Richard B.,"What I loved the most about this place was it’s location. It’s perfect. Estalisnao is very responsive and always replies quickly to any message. Checking in and out was great, too. 

Still, I can’t recommend this place for long term stays. 

The photos of the listing look amazing but when you step into the apartment it’s sort of a disappointment. 

The bathroom is very moldy. The roof has a lot of mold and the shower curtains too.

The kitchen needs more things like plates, bowls, and kitchen tools. Some tools are rusty and others are broken.

Overall the place needs a deep clean and general maintenance.

I think that if you’re staying for a day or two maybe it’s okay. But if you plan on staying for more than a week, I think you should keep looking for other places.",Limpieza,0.26710526315789473,Positivo ✅
13280084,276346920,2018-06-13,48235449,Bruno,"Nice apartment for two people in Palermo, near pubs, metro station and bakeries. Diego gave us a tip of a Tango show.",Ubicación,0.35,Positivo ✅
27413393,584645865,2019-12-30,18117494,Enrique,El departamento de Belén está ubicado en una zona inmejorable. Es amplio y muy cómodo.  La atención y comunicación con Belén fue muy buena. Definitivamente recomendaría este lugar.,Instalaciones,0.0,Neutral ⚪
18475349,309014529,2018-08-17,21191827,Daniela,"Positivo: excelente ubicación. Segura y cerca de transporte publico y negocios.
Negativo: la ducha del baño dura solo 7 minutos con agua caliente ya que el termotanque es pequeño. A tener en cuenta! No nos fue fácil bañarnos (2 personas en invierno).
Nunca conocimos al host, nos recibió un tercero.",Ubicación,0.0,Neutral ⚪
9423941,226023292,2018-01-08,155667568,Edith,"¡Excelente departamento!  La ubicación está increíble, todo cerca y conectado, pero sin que sea ruidoso.  El departamento súper limpio, muy bien equipado, se descansa muy bien.  Además, es un departamento nuevo, por lo que todo está en muy buen estado. El acceso a lavadora facilita mucho la estancia.  Paula es atenta y flexible.  No dudo que mi próximo viaje a Buenos Aires me volveré a alojar en su departamento.",Limpieza,0.0,Neutral ⚪
10617278,210850679,2017-11-11,33631954,Aylin,"Very central location, Maria was very communicative and even helped arrange a taxi from the airport. I was studying at a language school for a week - and this location was very convenient. 
Apartment was clean, secure, and had access to a gym and rooftop pool. Thanks for a lovely stay in BA.",Limpieza,0.26666666666666666,Positivo ✅
16155893,206684661,2017-10-26,70777702,Gail,"The great things about the apartment are: excellent wifi, cold air conditioner, fantastic location, great host, comfortable bed, fully equipped kitchen and bath with all the supplies you need,  and good hot shower.  The not so great thing about the house is that it's older and could use some new windows, doors and paint to update it.  Over all, it's a good price for what you get.",Ubicación,0.4627525252525253,Positivo ✅
26639844,359211904,2018-12-16,206255341,Cecilia,"Muy lindo departamento, excelente ubicación.",Instalaciones,0.0,Neutral ⚪
13155542,357058479,2018-12-09,175797661,Catalina,"Todo impecable, y contaba con todo lo necesario. Muy atenta y amable! La recomendamos.",Atención,0.0,Neutral ⚪
5335130,43725241,2015-08-21,1404009,Luigi,"Thanks Claudio! I was not been able to meeting you but the concierge of the building was perfect! The apartment is great and has been decorated with great taste and unique pieces. Everything was working and in perfect condition.  The only reason that I am not giving you a 5 stats is because I think that the cleaning needs to improve, the bathrooms was not very clean.  Thank you !!",Limpieza,0.5005163817663818,Positivo ✅
34390077,512799187,2019-08-18,13423036,Pablo,"Super hospitalarios. Todo muy bien, espectacular ubicación. Muy agradecidos. Fede un genio",Instalaciones,0.3333333333333333,Positivo ✅
1773739,237879941,2018-02-24,148609224,William,"Review of Six Senses Apartment, Buenos Aires

This apartment is magical.  We absolutely loved staying there.  It has 3 storeys on the 19th, 20th and 21st floors of a beautiful and secure apartment block in a lovely part of Buenos Aires.  It is incredibly attractive and comfortable, with outdoor space on every level, a well appointed kitchen, a comfortable bed and (the icing on the cake) an outdoor jacuzzi on the top level.  The views are gorgeous, especially from the jacuzzi.

We were efficiently transferred from the airport to the apartment and met at the apartment by Marcelo, who showed us through, demonstrated how to work the equipment and pointed out the various foibles of the apartment that we would have to deal with.  He was kind and patient and full of information about how to get around Buenos Aires.  He even gave us a travel card for the subway system and provided us with a beautiful platter of fruit.

Overall an excellent experience but there are some outstanding household maintenance issues that ought to be addressed.",Ubicación,0.4525,Positivo ✅
1977987,135292809,2017-03-04,41844892,Stephanie,Excellent location! Lovely home! ,Ubicación,0.8125,Positivo ✅
9844743,367724904,2019-01-05,13972183,Maria,"Comfortable apartment. Excellent location. The terrace is fantastic to relax after a long day. Hector, the host, is great - highly responsive, excellent communicatin. We would rent again.",Ubicación,0.53,Positivo ✅
3421813,552802703,2019-10-22,4325524,Sam,"Very clean, private space in an exclusive and safe (guarded) high rise building. Absolutely no problems with sound or internet whatsoever! Al was on time and very helpful and accommodating. Each room is laid out so there is plenty of space and we loved the high ceilings and blackout shades. Thank you again, Al!",Limpieza,0.3036666666666667,Positivo ✅
36314978,557229990,2019-10-31,198064108,Gustavo,"Muy lindo departamento, muy buena ubicación, ubicado en una zona tranquila y cerca de todo.",Ubicación,0.0,Neutral ⚪
13114221,123933898,2016-12-31,3128952,Bart,"We we're surprised that we ended up in a hotel and not in a private apartment. The room wasn't serviced so in that sense it was within the hotel considered as a Airbnb apartment. That said, the hotel was very nice and the staff helpful and friendly. Our room/apartment was spacious and clean and beautiful furnished. The location of the hotel is absolutely perfect. It is in a quiet street in Palermo Hollywood with al the hip restaurants and bars close at hand. I would surely recommend Atempo as a hotel.",Limpieza,0.4412962962962963,Positivo ✅
27171069,535481301,2019-09-24,166407166,Sergio Andres,El depto de Berl es un espacio amplio y está en una ubicación privilegiada. Tiene todo lo necesario para pasar una buena estancia. Destaco el check in y out que fueron super cómodos para nosotros.,Atención,0.3333333333333333,Positivo ✅
5228266,467590320,2019-06-10,82353732,Noémie,"Todo fue absolutamente perfecto.  Excelente ubicación, la vista desde el apartamento es muy buena. María y su madre eran encantadoras y nos dieron muchos consejos para visitar Buenos Aires.  Lo recomiendo altamente!",Instalaciones,0.0,Neutral ⚪
8608704,115057655,2016-11-21,4185312,Shawn,"Great host. Extremely well-communicated on every aspect of the arrangement. Babak also gave great advises on restaurants, cafes and shows etc. the place is in the center of everything , very convenient. Highly recommended. ",Atención,0.2891666666666666,Positivo ✅
7815533,620275690,2020-03-21,241773517,Maria Lucia,Raúl fue muy amable y siempre respondió con rapidez las consultas que tuve.,Atención,0.0,Neutral ⚪
5979273,129174286,2017-01-29,53821637,Maria Florencia,"Griselda nos dejó entrar antes de lo establecido y también salir varias horas después! lo que fue muy cómodo para nosotros porque el colectivo lo teníamos a las 17hs y el horario de salida era a las 10am. 
El lugar es super accesible y práctico. Nos quedamos una sola noche para asistir  a una boda en Puerto Madero y estábamos bastante cerca. El departamento está equipado con aire acondicionado, una cocina muy completa y tiene otra cama (además de la matrimonial) con un colchón debajo así que tranquilamente pueden hospedarse 4 personas. No es lujoso pero es cómodo y con una muy buena ubicación. Además Griselda los recibirá con todas las indicaciones para moverse por bs as y hasta la tarjeta sube por si la necesitan!! ",Ubicación,0.5208333333333333,Positivo ✅
7699707,301077993,2018-08-03,127027721,Fernando,Ubicación excepcional. Lindo departamento. ,Instalaciones,0.0,Neutral ⚪
4211148,345028264,2018-11-04,63533002,Raúl,Todo tal cual lo acordado. Buena comunicación y el hospedaje en muy buenas condiciones. Recomendable.,Instalaciones,0.0,Neutral ⚪
24890127,569102357,2019-11-25,34094917,Dominik,Very nice accommodation. Everything was great. I can recommend it to everyone,Instalaciones,0.79,Positivo ✅
19155901,339363887,2018-10-21,123052439,Bolo,Un departamento privado en una ambiente seguro y cerca de todo.  Es como que te reciba en Buenos Aires alguien muy querido de tu familia! Excelente ambiente y muy accesibles para ayudarte en lo que necesites. Definitivamente recomendado!,Ubicación,0.0,Neutral ⚪
17329503,586159346,2020-01-01,10063151,Hilton,"Incredible location for your stay in BA! Close to Palermo for night life and restaurants but also close to downtown for the sights. Only three small blocks from train station. And the helper, Yoli, is super sweet! We highly recommend. Muchas gracias Guillermo!",Ubicación,0.28680555555555554,Positivo ✅
4187460,45921611,2015-09-07,28021987,Douglas,"A estadia foi maravilhosa em todos os sentidos, localização é perfeita, perto de tudo e bem do ladinho do obelisco. o quarto é lindo, bem arrumado com uma decoração muito bonita e muito aconchegante.  E nossa anfitrião foi excelente,  sempre atenta a nossas dúvidas e sempre disposta a ajudar.",Instalaciones,0.0,Neutral ⚪
28380288,420685271,2019-03-07,43362636,Kirill,"Sebastian is very attentive and often shared advice. The place is located perfectly, in the residential area of Palermo. Everything you need is a couple of steps away nevertheless it's quiet at night. 10-15 min to the subway. Recommended",Ubicación,0.5066666666666667,Positivo ✅
4975869,366400209,2019-01-02,17828470,Kajsa,"We had a great stay at this beautiful house! The location is truly superb, exactly where you want to be in Palermo. Daniel and Luz was vet friendly and easy to communicate with. The house is very nice with spacious bedroom and fully equipped kitchen. I would definitely recommend this house for anyone visiting Buenos Aires with a small group of friends or family.",Ubicación,0.48759259259259263,Positivo ✅
14709228,103086901,2016-09-20,87334279,Leonardo,"Ignacio durante nuestra estadía fue un excelente anfitrión, desde la llegada hasta la partida siempre atento y pendiente de lo que pudiéramos necesitar. El departamento esta recién pintado,  las sabanas, acolchados, toallas todo nuevo y recién comprado...  además bien amoblado con todo lo necesario para vivir, cocinar, etc...  durante varios días... impecable todo. Nos recibió hasta con regalos de bienvenida... un capo!!! Además el depto. esta tal cual muestra las fotos. La ubicación es excelente y segura. Definitivamente 100% recomendable. Cuando volvamos a Buenos Aires haremos la misma elección sin dudarlo. 
",Instalaciones,0.0,Neutral ⚪
16067551,226572914,2018-01-11,163815561,Vegard,"Clean, reasonable price and great location. Mario is a wonderful host. Best stay in buenos Aires!",Limpieza,0.6733333333333333,Positivo ✅
1526125,510120261,2019-08-15,253551321,Josana,"Apartamento amplo, bem conservado, com ótima localização, próximo a restaurantes, supermercado, farmácia e alguns lugares turísticos, como por exemplo o jardim japonês. Uma ótima opção para quem viagem em em família ou grupos de várias pessoas.
A descrição dos utensílios disponíveis no apartamento precisa ser atualizada, pois algumas coisas já foram substituídas ou retiradas, como a máquina de lavar e secar que foi substituída por uma máquina convencional; a lava louças que não funciona; o aspirador de pó que não está disponível; a hidromassagem da jacuzzi que não funciona. No anúncio dizia que possuía serviço de limpeza gratuito (mediante pedido). Porém quando perguntamos a Tia do anfitrião (que foi quem nos recebeu) disse que não oferecia esse serviço gratuito. 
O quarto 4 (dependência de empregada) é bem pequeno, o colchão é menor do que a cama, fica longe dos outros quartos e o roupeiro é utilizado como depósito de materiais pelo anfitrião.",Instalaciones,0.0,Neutral ⚪
12343084,246477007,2018-03-25,119854720,Paula,El departamento se encuentra en una muy buena ubicación. Cuenta con una linda pileta y seguridad. Blas fue muy amable con nosotros en todo momento. Recomendable!,Atención,0.0,Neutral ⚪
21504758,265555883,2018-05-17,63626811,Charlotte,"Stylish, modern apartment in Buenos Aires. Had all essentials for a few days stay! And access to the pool thrown in! Great location in Palermo... walking distance to plenty of bars and restaurants!",Ubicación,0.346875,Positivo ✅
3731650,88765571,2016-07-25,57175905,Fer,"Sólo para quienes estén dispuesto a una experiencia excelente: el departamento de Fernando es tal cual se ve en las imágenes, además él estuvo dispuesto en todo momento a facilitar ayuda y comodidades. Por otro lado, la ubicación es ideal para desenvolverse fácilmente: en el centro de zona turística, recreativa y con muchos bares, restó y cervecerías que están disponibles las 24h. A 5 cuadras de subtes y ubicación directa hacia las principales avenidas.  Una opción perfecta para ocasiones de trabajo y ocio.",Instalaciones,0.9,Positivo ✅
16042728,162859119,2017-06-22,33910897,Julia,"El departamento es genial, tiene todo lo necesario. Es cómodo , lindo y limpio. Cerca de muchos puntos de interés, de plaza Armenia , donde hay muy lindos lugares para comer y muchos negocios. 100 por ciento recomendable.
Silvana una excelente anfitriona. ",Limpieza,0.0,Neutral ⚪
5339885,133066109,2017-02-20,6883542,Ohad,"Excelente departamento! 
 Limpio, cómodo y con muy buena ubicación.   Todo 10 puntos.
  Muchas gracias, Hernan y Jimena!",Limpieza,0.0,Neutral ⚪
40058787,597986808,2020-01-26,16826963,Valerie,"See English version above, hay versión en Español abajo!! 
With this place you found a true treasure!! Excellent located at the corner of Bartolome Mitre and Pringles you are in the heart of Almagro which is wonderful especially for Tango dancers like me. (Many milongas around the corner). Claudia's home is bright, spacious, filled with a lot of beautiful plants. She has a decent style and I felt very comfortable. She also has a cat and a turtle which likes to walk around and is super cute (she likes to eat melon!). Caudia shared everything with me, she invited me to take any food or drink that I like. I also could wash my laundry here. Seriously, there would not be any wish that she woud leave unfulfilled. She is always up for a chat and also gives private space when you need it. I could not recommend this place high enough and a wish her all the best from the bottom of my heart. Claudia is a kind, thoughtful and helpful host who will make your stay in Buenos Aires wonderful, because you will have the best homebase.
***
ESPANOL:
¡Con este lugar encontraste un verdadero tesoro! Excelente ubicado en la esquina de Bartolomé Mitre y Pringles, estás en el corazón de Almagro, que es maravilloso especialmente para bailarines de tango como yo. (Muchas milongas a la vuelta de la esquina). La casa de Claudia es luminosa, espaciosa, llena de muchas plantas hermosas. Ella tiene un estilo decente y me sentí muy cómoda. Ella también tiene un gato y una tortuga que le gusta caminar y es súper linda (¡le gusta comer melón!). Caudia compartió todo conmigo, me invitó a tomar cualquier comida o bebida que me gustara. También podría lavar mi ropa aquí. En serio, no habría ningún deseo de que ella se fuera sin cumplir. Ella siempre está dispuesta a conversar y también le da espacio privado cuando lo necesita. No podría recomendar este lugar lo suficientemente alto y desearle lo mejor desde el fondo de mi corazón. Claudia es un anfitrión amable, atento y servicial que hará que su estadía en Buenos Aires sea maravillosa, porque tendrá la mejor base de operaciones.",Ubicación,0.4028559027777778,Positivo ✅
2961506,86224922,2016-07-15,23444438,Saleh,"Host: Ezequiel is AWESOME. He is responsive and he made me feel very welcome. While check in, he explained everything I need to know during my trip.
Apartment: I really loved it and i don't think the picture are doing justice to it. The bed is super comfy. The internet is fast. It's very clean and cosy. The building is new and modern and it has a 24/7 doorman.
Neighborhood: very safe.. I walked alone at 4 AM and I never felt unsafe. There is a grocery market right in front of the apartment and a coffee shop as well. There are lots of good restaurants and bars couple blocks away from the apt.
I would def book it again and I recommend it to everyone... ",Limpieza,0.5235064935064936,Positivo ✅
35223157,526833800,2019-09-09,282768443,Emilia,"Excelentes anfitriones Marisa y Jorge! Están en cada detalle para una estadía cómoda cómo ser mapas para una mejor ubicación, café/te/mate para desayunar. El dpto es amplio y luminoso, wifi funciona perfecto! Estuvimos como en casa! Gracias! Volveremos!",Atención,0.0,Neutral ⚪
19227416,334190413,2018-10-08,216660200,Rafael,"Excelente alojamiento, buena ubicación y conectividad.",Instalaciones,0.0,Neutral ⚪
35616625,599891215,2020-01-31,225960654,Maria,Depto con muy buena ubicación,Instalaciones,0.0,Neutral ⚪
26778729,304424776,2018-08-09,203383283,Gustavo,"Nice place with good location and a cute balcony. As most apartments in Buenos Aires, it's a bit old, but everything works perfectly, and the balcony is beauty. Silvia helped with everything we needed very quickly. Just be aware that if your planning on sending heavy files trough internet, it's not fast enough.",Ubicación,0.3439393939393939,Positivo ✅
1266317,134673298,2017-02-28,1124858,Fabienne,"I was really happy to stay at Claudia's Apartment again! It is well located in the heart of Palermo Soho, equipped with all you need, clean, cosy and fast Wifi! Claudia is always very helpful and made my stay unforgettable. Thank you very much. ",Limpieza,0.4794444444444445,Positivo ✅
28490023,539070112,2019-09-30,257403962,Victoria,Hola la ubicación es muy buena y siempre resolvieron lo que les pedí,Instalaciones,0.0,Neutral ⚪
15079438,123714259,2016-12-30,4881066,Justine,"Tomas apartment was nice, well located. The pool is shared with the all building and on the 9th floor, so we were a bit disappointed. However I would recommend the place and Tomas was very helpful ! Cheers",Atención,0.033333333333333326,Neutral ⚪
1807665,173583482,2017-07-23,129936268,Andrea Silvana,"Excelente el departamento, tanto por la ubicacion, como por el confort, limpieza y seguridad. Es tal cual como muestra el anuncio, y Maria Eugenia se comporto de manera excelente con nosotros; respondio nuestras llamadas, soluciono incovenientes,  nos dio recomendaciones acerca de lugares a visitar y tomamos un servicio adicional que ofrece; el cual fue excelente en cuanto a puntualidad y confort. Super recomendable y voleria a reservar en un proximo viaje!!",Ubicación,0.5208333333333333,Positivo ✅
34889522,526852305,2019-09-09,103857921,Guillermo,"El apartamento es tal cual se ve en las fotos, la ubicación inmejorable sin duda volveríamos. Loli y Lucas fueron excelentes anfitriones y muy considerados con nuestras necesidades. En resumen un apartamento de ensueño altamente recomendable!",Atención,0.0,Neutral ⚪
39645422,581282182,2019-12-24,80729111,Hugo,Muy buena ubicación. Limpieza.,Instalaciones,0.0,Neutral ⚪
17728807,199255195,2017-10-01,54157770,Graham,"Appartment is in great location and with awesome views, note it was 39th floor so if you don’t like heights avoid it. The bedroom has 180 deg views due to 2 walls being floor to ceiling glass. This appartment needs to be finished off with the things you would expect of such a great place. For a start the safe needs securing as having sitting on a shelf not bolted down renders it useless. Improve the kitchen with a few more items such as cereal bowls, tea towels to dry dishes, toaster and kettle rather than having to boil water on stove top. The apartment is modern, very comfortable and in the centre of BA.",Limpieza,0.25151851851851853,Positivo ✅
38192750,571700391,2019-12-01,47930418,Rolando Fabio,"Muy buena anfitriona, todo impecable, igual a las fotos. Ofrece lo básico para la cocina y el baño. El departamento esta bien ubicado, subte, buses, restaurantes, teatros, ...a metros.  Muchas gracias Karina por tu atención!",Ubicación,0.0,Neutral ⚪
78068,273840155,2018-06-07,87367688,Teresita,"Lo que se ofrece en la página está presente, el alojamiento comodisimo, la ubicación excelente ( sea cual sea tu motivo de estadía, es accesible a todas partes), Mariana responde a cada consulta con prontitud, es muy amable. ",Atención,0.0,Neutral ⚪
1690692,31804618,2015-05-10,17982903,Shari,"My boyfriend checked in to the apartment first and I arrived later, but all went well, check in was easy and as scheduled. I stayed for approximately 1 month in this apartment and it was great. The building itself was quiet. Sigi and her mom were both easily accessible and responded to messages very quickly whenever needed to answer questions. The building manager was also incredibly friendly and helpful with anything we needed.

The apartment had everything we needed, including sheets / towels, a comfortable bed, enough space for two people, television and cable and the wifi worked well. The kitchen was sufficiently equipped with most things you would need for a short stay (Pots / pans / plates / utensils - stove top and oven). Most people on a short stay eat out a lot, but it was certainly equipped well enough to cook meals on your own if you wanted. 

The apartment is clean and well taken care of.

Accessible by buses 59 & 64 almost to your doorstep. A range of other buses available within two streets. About a 45 - 60 minute walk to Plaza Italia in Palermo. Approximately $100 - $120 Pesos taxi ride to San Telmo or a 1 hour bus ride depending on the time of day.

The area itself was calm, quiet and safe. I spent a lot of time working on my computer from cafes in the area and walking around by myself with no issues. Although, all of the buildings are secure, many have security guards or doormen and often stores are locked in the evening, only allowing entrance to those who they approve. It appeared to be for a precaution and I never saw any difficulties.

There are several small grocery stores within two minutes walk. Lots of nice cafes ... give Tienda de Cafe a try on Frederico Lacrose (Tibia de lomo ensalada. YUM!) or Pit Deli on Soldado de la Independencia. Both were lovely spots to eat and / or work for a few hours. Oh yes, and Mamie bakery also on Soldado de la Independencia for yummy pastries.

Don't expect anything for night life in the immediate vicinity, but the heart of Palermo is easily accessible by bus or a $50 - $60 peso taxi. Palermo Hollywood lights up the night with lots of trendy restaurants and cafes Thursday through Saturday.

Most things are closed down on Sunday, so make sure you do any errands on weekdays.

Lots of green space and parks near by and a Freddo Ice Cream Cafe within two blocks.

Overall, the apartment and location were great for a laid back, quiet stay. If you are looking to be in the heart of the nightlife, this isn't the best choice, but if you like privacy and a quiet more residential area, you'll be very happy here.

I had a lovely stay.",Limpieza,0.25315214135968855,Positivo ✅
17994181,343114167,2018-10-30,210153723,Marcia Del Carmen,"es un departamento amplio y tiene buena iluminacio,  volvería siempre.",Instalaciones,0.0,Neutral ⚪
29432326,347005943,2018-11-10,21195511,Alexander,"Cozy duplex really good located, easy access and close to restaurants and pubs. The neighbourhood is amazing.",Instalaciones,0.38333333333333336,Positivo ✅
264704,3262847,2013-01-04,3071345,Ameline,"The staying at Ignacio's `lace was wonderfull!
He is very friendly and helpfull and very quickly, feeling like at home...
I definitely recommend this place!!!",Atención,0.30694444444444446,Positivo ✅
15523496,569710905,2019-11-27,311904445,Carlos,"Excelente lugar, atención y comodidad excepcional, muy recomendado/amazing place , exceptional customer service and very comfortable, highly recommended.",Instalaciones,0.44888888888888884,Positivo ✅
24575980,361409419,2018-12-23,231712584,Felipe,"genial!!! ubicación excelente,tranquilidad,muy cómodo y lindo depto!!! Las chicas son muy atentas!!",Instalaciones,0.0,Neutral ⚪
15056199,308042660,2018-08-15,48604734,Tom,"One of the nicest apartments I’ve stayed in in Buenos Aires. Very beautiful, well appointed, and an extremely comfy bed. Great balcony too with chairs to enjoy the bottle of wine flor y Gus left for us. A really nice touch! Couldn’t be better located either, for sure the best part of the city to stay in. Loved it! ",Instalaciones,0.5700000000000001,Positivo ✅
31526094,584669231,2019-12-30,299952078,Gian Fernando,Espacio bastante limpio y amplio. Las anfitrionas son muy atenciosas y contestan siempre muy pronto. Buena ubicacion sobretodo a los que les gustan salir a la noche para bares y discos.,Limpieza,0.0,Neutral ⚪
34675554,587100927,2020-01-02,30575398,Alberto,Africa was super clear and quick on indications relating to check in and check out. She is super available to help and super reliable. The place is in a very nice area of Palermo and the balcony has a nice view over the neighborhood . Highly recommended !,Ubicación,0.3792592592592593,Positivo ✅
19925555,252410890,2018-04-10,68489825,Chris,"Great place! Such a lovely host, so welcoming & gave us great tips for exploring the city. Very communicative on Whatsapp too which was nice, arranging check in time, helping us in getting from the airport etc . Well located, lovely space, clean etc. Highly recommended",Limpieza,0.45851851851851855,Positivo ✅
1542874,332515425,2018-10-05,16909745,Claudia,"Cameron's apartment is great. Pretty much the best location in Palermo Soho - lovely residential street about 3 blocks from the denser bustle, all shops you need in the immediate area (restaurants/bakeries/groceries, etc), an easy walk to parks and Botanic Gardens.  The building is terrific - modern, very secure, washers and dryers on site. Oct too chilly for swimming, but the landscaped interior garden is lovely for a stroll or admiring from the apt balcony. Apt is spacious and functional. Very quiet for 6 nights out of 8 - on 2 we got some noise from the upstairs neighbors, but nothing bad. Cameron was terrific - responded instantly to messages, flexible with check-in and departure.  Highly recommended.",Ubicación,0.24796296296296294,Positivo ✅
12805107,338778205,2018-10-20,13069126,Gabriela,"El alojamiento es tal cual se muestra en las fotos esta muy bien ubicado y todo se encuentra limpio y ordenado, la única contra es el (Website hidden by Airbnb) calle es muy transitada y la ventana a mi entender no tiene la suficiente aislacion .Por el resto todo muy bien .",Limpieza,-0.16666666666666666,Negativo ❌
10995221,65856766,2016-03-17,8637261,Najima,"El piso era muy confortable  limpio 
Cristian era muy simpatico y disponible con nosotros 
La accommodation era bien decorada y grande y bien situada para visitar ",Limpieza,0.0,Neutral ⚪
1777472,23866286,2014-12-13,22457218,Flavia,"Não conheci Graciela pessoalmente, mas me deu todo suporte por aqui... Respondeu todas as nossas dúvidas e passou várias dicas, enfim, foi muito prestativa!! Mesmo sendo minha primeira viagem a Buenos Aires, me senti completamente segura!! No apartamento fomos recebidos pelo Sr. Sergio e pelo Patricio (porteiro), que é uma figura, muito querido.... Os dois nos auxiliaram muito também.... Quanto ao apartamento, corresponde ao anunciado, instalações muito boas e em local privilegiado! Quanto ao bairro, pelo que ouvi falar, a Recoleta é um dos melhores lugares para se ficar!! ",Instalaciones,0.0,Neutral ⚪
17993,199675222,2017-10-02,69015841,Yanina,Es un coqueto apartamento con lo necesario para pasar unos días en Buenos Aires. Decorado con gusto y muy acogedor.  La ubicación  es inmejorable . Al lado hay una entrada al subte que se comunica con todas las líneas. Y a dos calles del obelisco  . A metros de la calle LAVALLE y un poquito más de la calle FLORIDA.Lo recomiendo. Maritza es un primor.,Ubicación,0.0,Neutral ⚪
1570970,22989522,2014-11-19,504285,Raul,"We had a WONDERFUL time in Buenos Aires! Jorge and Cynthia are awesome, they provide very detailed information about the city and they answer to all your questions almost immediately!

The apartment is absolutely fantastic, everything is super clean and fully equipped. The place is spoteless, really!
It is really cool to be drinking a beer in the balcony after a long day walking around. And the location is perfect. You can walk around in Palermo, that is a very nice area with lots of restaurants and the metro is just a couple of minutes away.

My recommendation is STAY HERE!!!!

I have left yesterday and I already miss it. :)",Limpieza,0.5458333333333333,Positivo ✅
11554326,103233142,2016-09-21,30900724,Audrey,"We were hosted by Ezequiel who kindly sent us a taxi at the airport when we arrived in Buenos Aires. He provided a lot of advises and tips so we get the best possible experience for our stay in Argentina.
The apartment is clean, comfortable, well located, secured and functional.
We highly recommend the host and this place.",Limpieza,0.42111111111111116,Positivo ✅
19085980,494554293,2019-07-24,60629014,Mariana,"Excelente ubicación, muy recomendable! Mercedes siempre estuvo atenta a las consultas. Los volvería a elegir!",Instalaciones,0.0,Neutral ⚪
21263215,401678253,2019-01-15,8651142,Damir,"In a great location, surrounded by parks, good restaurant options. The condo is clean and safe, with a huge spacious bedroom that is very comfortable. Highly recommended. Jean Franco is quick to respond, and offers great advice and service during your stay.",Limpieza,0.4680000000000001,Positivo ✅
40528828,591500317,2020-01-11,24164674,Eugenia,"El departamento tiene una excelente ubicación, privilegiada.
Es cómodo, tiene dos aires acondicionados, y es espacioso para una o dos personas.
Giorgina es muy amable y da excelentes recomendaciones",Atención,0.0,Neutral ⚪
30734144,423553398,2019-03-14,32379508,Mihal,"Maca is incredibly available, kind and helpful. She let us do an early check-in, and was always available to text or call (using (Hidden by Airbnb) ). 

The place is clean, easy and feels safe, the neighborhood is awesome (it is really noisy in the mornings though) and it's close to lots of great food. It also has a clothes washer which is great. 

I recommended to Maca that she get a folder with all of the info you need to stay there, because for this trip I had to text her every little question I had (like where to take the garbage out, how to do the laundry, how to check out, etc) so hopefully that can be provided for the next guest. 

Definitely recommend this spot.",Limpieza,0.3497222222222222,Positivo ✅
25514862,574640203,2019-12-08,175258464,Christoph,Nice place!,Instalaciones,0.75,Positivo ✅
16939373,209540615,2017-11-05,113782281,Tomasz,very nice place for reasonable price,Precio/Calidad,0.49,Positivo ✅
25047767,365591258,2019-01-01,43285237,Gala,"Claudio is an amazing host! Great place, location and comfort!",Ubicación,0.875,Positivo ✅
31055746,467569140,2019-06-10,147243814,Diego,Excelente la ubicación y la predisposición de Santiago. El depto estaba impecable y cómodo y es más grande de los que muestran las fotos.,Instalaciones,0.0,Neutral ⚪
23612228,318190545,2018-09-03,187363613,Aline,"O apartamento foi exatamente o que esperava tudo muito limpo as camas são boas estávamos em 3 pessoas que acho que é o número exato para se hospedar .. a anfitriã nos recebeu muito bem e tudo que precisamos ela nos respondia imediatamente.
Super recomendo esse apto! Se um dia voltar a Buenos Aires irei procurar por ele novamente .... e a localização excelente!",Instalaciones,0.5208333333333333,Positivo ✅
1148418,55298790,2015-11-29,23527711,Spencer,"Lilian's apartment was very well located and great for a larger group of people. She was very responsive, available and even coordinated to have the apartment cleaned during the stay which was great. I would very much recommend this apartment to this looking for a place to stay in Palermo!",Limpieza,0.38928571428571435,Positivo ✅
22174884,414707491,2019-02-20,20064480,Stephen,"incredible place from which to explore BA. Right on the edge of San Telmo, on a safe street, within walking distance of some very cool restaurants and bars as well as the market. you must stay here",Ubicación,0.5351785714285714,Positivo ✅
29633197,463609632,2019-06-03,214515712,Santiago,"El departamento tiene una ubicación inmejorable! Muy limpio, hermoso edificio y muy buena vista del dpto a la ciudad.  Sólo tuvimos un inconveniente un par de veces con la ducha pero se solucionaba rápido. Estuvimos muy cómodos y nos recibieron y trataron muy bien. Incluso quisimos pasear el ultimo dia y Paula nos permitió dejar las valijas en el departamento. Recomiendo este alojamiento sin dudar!!",Limpieza,0.0,Neutral ⚪
20017902,219879388,2017-12-19,50349885,Ariel,"Gracias Silvana y Claudia por la hospitalidad
Hermoso departamento en la mejor zona de la ciudad
100 % recomendable",Instalaciones,0.0,Neutral ⚪
17329503,426932401,2019-03-22,1698516,Izabela,"This is a gorgeous apartment, very nicely furnished, with very comfortable bed and soft, quality bedding. Guillermo was very flexible to arrange for our early check in and late check out to accommodate our flights schedules. Both Guillermo and his housekeeper Yoli are very warm hosts, available to help with whatever is needed. Location is great too, easy access to sightseeing and shopping. Highly recommend this apartment and host!!",Ubicación,0.39694444444444454,Positivo ✅
25234904,578390912,2019-12-17,63740332,Claudia,"El departamento está excelentemente ubicado, a metros del parque San Martín. 
Lamentablemente esta es la única cualidad del espacio, que deja mucho que desear. 
Además de configurar un ambiente mínimo (cama + mueble de cocina + baño), es muy caliente y carece de aire acondicionado (tiene un ventilador) y le faltan requisitos minimos de hospitalidad ( no tiene no jabón en el baño, menos champú o un reparador en la cocina o un saquito de té).
Adicionalmente la cama está muy destartalada y muestra hundimientos profundos, lo cual la hacen una tortura para dormir. 
La heladera no funciona correctamente y el refrigerador acumula hielo de meses lo que lo hace imposible de ser usado.
Por último la alfombra está muy deslucida y manchada. 
Realmente no lo recomiendo",Ubicación,0.0,Neutral ⚪
21124529,207165819,2017-10-28,10112527,Chefo,"Excelente lugar, limpio,cómodo accesible, bien ubicado. 
Nacho su anfitrión una excelente persona, cálido, muy atento, servicial y te apoya en cualquier situación que necesites, te hace sentir bienvenido. recomendable 100%.",Limpieza,0.0,Neutral ⚪
25876,266217723,2018-05-19,6056284,Bec,"The best thing about Luis' place is the space, the apartment is huge! A much welcome change after staying in hotel rooms.  
The place is comfortable and very conveniently located close to shopping and restaurants. There is a lot of street noise that comes into the bedroom in the early hours of the morning. So, if you're not there to party and need a good night's sleep, the couches in the living room make a decent bed (no noise comes into the living room).
Juan was a fantastic help to us when we arrived (even though we spoke very little Spanish) and Luis was always on hand to answer questions. Absolutely wonderful hosts.",Atención,0.4185763888888889,Positivo ✅
4470484,41316946,2015-08-07,29399893,Natalia,"Gran estancia en Buenos Aires. La casa es magnífica, testigo vivo del antiguo esplendor de la capital. La localización es muy buena, en una calle tranquila y cerca de todo. Al llegar tuvimos la sensación de que la casa era algo fría, pero gracias a la funda nórdica de la habitación, estuvimos muy a gusto. El trato por parte de los anfitriones Lina y Alex fue muy bueno. ¡Gracias!",Ubicación,0.0,Neutral ⚪
1307363,65959522,2016-03-18,6327149,Kelly,"We stayed at Griselda's apartment for two nights. It was perfect for two adults -- I slept in the bedroom and my friend slept on the sofa/pull-out bed in the living area. It might be tight with more adults, but certainly doable. Griselda had a personal emergency so she wasn't there when we arrived, but she left the keys and instructions and check-in went very smoothly. The location is very convenient to public transportation (subte right next door) as well as very easy to walk to many areas. From the booking and up until we checked out, Griselda was very prompt in responding to communications. We had a great time! ",Ubicación,0.3203174603174604,Positivo ✅
683193,38138407,2015-07-13,29769564,Fadi,"Stop your search and book this apartment. The location, view, size, amenities and care Ralf and his staff provide will make you feel like royalty. 

Extras: The floors are heated, you get a tour with step by step instructions, restaurant recommendations, a phone number you can call 24/7. I can go on an on but really, if Palermo is where you want to stay (and it is a great neighborhood to stay at), this place will satisfy all your needs. 

Thank you for a memorable stay!",Ubicación,0.5416666666666666,Positivo ✅
8422982,310528579,2018-08-19,29733261,Bernardo,"Ótima localização, fácil  check in E comunicação. Quarto arrumado e confortável.



















",Atención,0.0,Neutral ⚪
16975373,580299538,2019-12-22,16777562,Erik,"The apartment is great, even better than it looks on the pictures. The hosts very very helpful and kind. I highly recommend this place!",Atención,0.4720000000000001,Positivo ✅
7853802,127835356,2017-01-21,37780021,Tim,"Unfortunately, I had to return home because of a bereavement. Geraldine was very helpful when I needed to leave at short notice. Very nice apartment. Close to all the cafes etc in San Telmo.",Atención,0.12000000000000001,Positivo ✅
24910665,539533387,2019-10-01,57196321,Nicolas,Lindo departamento en excelente ubicación! Buena relación precio calidad y la respuesta de Beatriz fue muy rápida. Lo recomiendo!,Precio/Calidad,0.0,Neutral ⚪
33135953,564702992,2019-11-16,7090975,Susana,Amazing place......great terrace with jacuzzi and a BBQ....excellent and clean.....fantastic wifi.....amazing hosts.......we will back!    great location.......loved it!,Limpieza,0.5333333333333333,Positivo ✅
31147832,611573029,2020-02-27,10808274,Gaelle,"Super séjour dans la très jolie maison de Leonor située à Palermo Viejo à quelques pas de nombreux bars et restaurants. Avec une grande chambre, un salon charmant et une terrasse privative pour le petit déjeuner, l’habitation offre l’avantage d’une réelle indépendance doublée de l’accueil chaleureux d’un hôte qui a une longue tradition de Bed & Breakfast derrière elle. On se sent tout de suite très bien dans ce cadre privilégié et la piscine au milieu de la verdure est évidement un plus pour une résidence en pleine ville. Un grand merci Leonor pour votre accueil et cet agréable séjour, nous reviendrons sans hésiter!",Instalaciones,0.47916666666666663,Positivo ✅
10571259,142517887,2017-04-08,103037866,Ana,"excelente el departamento, súper cómodo, todo impecable y de buena calidad. Muy buena ubicación, lugar tranquila, lleno de negocios por la zona. El edificio muy tranquilo, sin ruidos. EXCELENTE la atención de Mariano y Sofía, dispuestos, atentos, serviciales, puntuales, correctos, amables. Altamente recomendable el depto.",Atención,0.0,Neutral ⚪
1777659,434120214,2019-04-07,17307703,Steven,"Agustín was a great host he went beyond the extra mile for having us after a long flight. The apartment is great, amazing location for young people like us, near pubs and restaurants but also from the main city attractions.

I totally recommend this to everyone who’s interested in exploring a young spot in Buenos Aires!",Ubicación,0.26287878787878793,Positivo ✅
16336680,330338407,2018-09-30,134964857,Paula,Liliana es una excelente anfitriona. Esta pendiente de la comunicación y de resolver cualquier inconveniente con celeridad. Es muy amable.,Atención,0.0,Neutral ⚪
2435145,34248807,2015-06-06,2266745,Dardo Roberto,"todo estuvo muy bien, el departamento es muy comodo y muy espacioso y el trato fue cordial",Instalaciones,0.0,Neutral ⚪
31280898,438757742,2019-04-17,49459896,Micaela,"Mi estadia fue increíble. Los padres de Alejandro son muy amables y te hacen sentir como en casa, siempre atentos y muy cálidos. 
El alojamiento es tal cual se muestra en las fotos, en una ubicación ideal. 
Sin dudas volveria!",Atención,1.0,Positivo ✅
27880415,368199252,2019-01-06,70584245,Nathalia,"Elvira é super hospitaleira, é fácil de ver que ela adora receber pessoas e recebe muito bem! localização não podia ser melhor também, do ladinho do metro e tem tudo perto, restaurantes, mercado e é fácil de ir para vários pontos turísticos.",Ubicación,0.41666666666666663,Positivo ✅
41348034,598573649,2020-01-27,65960954,Miguel,"En general un muy buen lugar para hospedar. Diego y Naty fueron muy amables y considerados, incluso me esperaron a que llegara del aeropuerto (que fue tarde por cierto). Los únicos detalles es que hacía mucho calor e hizo falta un ventilador o aire acondicionado, además como sugerencia sería bueno tener internet disponible. Gracias! Lo pasé excelente en Bs As.",Atención,0.06250000000000003,Neutral ⚪
6484976,516586526,2019-08-24,148988990,Carlos Andres,Georgina es una magnífica anfitriona que está pendiente de todos los detalles. El apartamento es una maravilla y la ubicación es fantástica porque el sector es el mejor de BsAs y tiene cerca todo lo que se puede necesitar. Espero regresar muy pronto,Ubicación,0.0,Neutral ⚪
5998769,65602312,2016-03-15,52532922,Giovani,"A Angel é uma pessoa bastante atenciosa, estava nos aguardando, mostrou todo o apartamento e nos orientou sobre o bairro.
Havia na geladeira um garrafa de água mineral e sabonete no banheiro, e tudo limpo.
Excelente localização, está de acordo com as fotos do site, recomendo, excelente estadia.",Instalaciones,0.0,Neutral ⚪
14159785,206923971,2017-10-27,88745366,Scott,Great location and very clean flat. Carlos was very easy to deal with and prompt at replying. Would highly recommend,Limpieza,0.3950000000000001,Positivo ✅
751662,4817770,2013-05-27,5801094,Jorge,"Todo muy bien! El apartamento perfecto, muy bien ubicado, y los servicios tambien.
Muy racomendable!!!
",Instalaciones,0.0,Neutral ⚪
2358458,59763330,2016-01-15,17557356,Piergiorgio,"L'appartamento è ben localizzato ,vicino al metro e a servizi di ogni tipo.Gerardo è stato puntuale e gentile. Il palazzo è tranquillo e sicuro.Lo spazio ,ben diviso,è sufficiente per ospitare quattro o cinque persone. Ventilato e luminoso, come nell' annuncio,ma non dipinto di fresco. Tuttavia siamo rimasti delusi dalle condizioni di igiene.Era molto sporco e abbiamo dovuto provvedere da soli.",Ubicación,0.0,Neutral ⚪
25406600,277062171,2018-06-15,65121626,German,Ana es un anfitrion excelente! sumamente atenta y con vocación de servicio. Estuvo atenta a todo! gracias Ana!,Atención,0.0,Neutral ⚪
18605070,237859493,2018-02-24,10628138,Sarah,"Excellent emplacement, appartement très lumineux, bien équipé, immeuble gardé et excellent accueil du gardien. Nous étions 3 et avons passé un séjour très agréable.",Instalaciones,1.0,Positivo ✅
1699634,102570894,2016-09-18,94083878,Sol,"Todo perfecto, el departamento muy cómodo y en una hermosa ubicación, Héctor muy amable, estuvo en todos los detalles para hacer nuestro hospedaje muy placentero. 100% recomendable.  ",Atención,0.0,Neutral ⚪
25876,476627063,2019-06-26,251426588,Solita,Very safe place.,Instalaciones,0.65,Positivo ✅
27365514,444841149,2019-04-28,5331299,Carolina,"El departamento es pequeño pero bastante cómodo y muy bien equipado.
Súper luminoso y la ubicación en nuestro caso fue exactamente la que queríamos.
Agradecemos mucho la hospitalidad de todos los administradores, la cálida recepción y las respuestas inmediatas a todas nuestras consultas.
Muchas gracias y esperamos regresar en nuestra próxima visita a Buenos Aires.",Instalaciones,0.0,Neutral ⚪
30801774,499521338,2019-07-31,118198519,Marisa,Nos gustó mucho el departamento de Sylvia! Muy bien ubicado para los que quieran un lugar tranquilo y cerca de todas las comodidades :),Ubicación,0.5,Positivo ✅
32586151,489829088,2019-07-17,117287808,Tiguidanké,"Adriana es una persona muy amable y sonriente. Si tiene tiempo, elle tiene muchas cosas de su vida a contar :)",Atención,0.5,Positivo ✅
12273478,252877803,2018-04-12,60455682,Josefine,"Fantastisk hyggelig lejelighed! Den ligger ikke helt centralt i byen, men meget tæt på den nærmeste metro så man er hurtigt inde i centrum. Kvarteret er dog også hyggeligt og ikke for turistet. Silvia var en virkelig sød og rar vært som fik os til at føle os hjemme og gav os gode tips til området og transport. Vi nød at vi kunne bruge køkkenet og den meget skønne og flotte tagterrasse. Helt klart et besøg værd og vil kun anbefale det!",Ubicación,0.0,Neutral ⚪
928193,63162144,2016-02-21,28256170,Tyler,"Marina was an excellent host! She communicated clearly and was accommodating when our ferry arrived later than expected. Her apartment is amazing and was the perfect size for two people traveling together. The area around her apartment was amazing as well--tons of bars, restaurants, and parks nearby. Thanks Marina!",Ubicación,0.43125,Positivo ✅
18691391,474754707,2019-06-23,3608755,Ruby,"I already read the reviews before I booked and they are exactly as stated from other guests. Great communication, flexible, and always responsive. Thank you for the stay!",Atención,0.375,Positivo ✅
21397664,348830360,2018-11-15,186854066,Íria,"A casa é bem localizada, tem fácil acesso a estações de metro e ônibus e supermercados. Agustina é disposta é bem solicita, entretanto tivemos alguns problemas com relação a limpeza da casa e ao funcionamento de alguns eletrodomésticos.",Ubicación,0.0,Neutral ⚪
37916376,547047821,2019-10-14,125094694,Robert,"Cercano a todo! subte a 300 metros, su anfitriona siempre atenta a todo",Ubicación,0.0,Neutral ⚪
3731650,68889211,2016-04-07,21124316,Jarlath,"Fernando is a very welcoming host. He helped us with the best way to the apartment from the airport. He wasn't able to receive us, as our flight was delayed, but had one of his neighbours ready with the keys and checked up on us in person after a few days. He is attentive with responses through email and (Hidden by Airbnb) within the hour usually.
The apartment is central with San Telmo around the corner and the city centre and Puerto Madero a 5 min walk. The interior is grand with tall ceilings, windows and doors. The generous bedroom has the only external window, with the living room and entrance hall taking light from the buildings internal courtyard. The kitchen is small but has everything you need. The bathroom compensates for the small kitchen.
I would recommend this for people on medium to long stays, we stayed a month. There is some ambient noise but no more than one would expect in any city (although some of the ambient noise is tango music so maybe one would not expect it in 'any' city) . It is a great place for tourists trying to get the most out of Buenos Aires as it close to buses and the subway. We will definitely return here if our travels take us back to BA.",Ubicación,0.14015151515151517,Positivo ✅
15054150,314311945,2018-08-26,119854720,Paula,Lindo departamento. Buena relación precio calidad,Precio/Calidad,0.0,Neutral ⚪
5521452,292694943,2018-07-18,200268394,Luciano,Muy confortable. Barrio muytranquilo ,Ubicación,0.0,Neutral ⚪
39364195,592658116,2020-01-13,132998396,Christian,"El dapartamneto, super bonito, limpio con mucho estilo, todos los servicios, algunos extras que no imagine. Pablo muy atento con cualquier duda para llegar y ubicar el. Está muy bien ubicado y no solo eso un barrio cómodo y tranquilo. Sin duda me hospedaria de nuevo ahí",Limpieza,0.3333333333333333,Positivo ✅
19839499,220921771,2017-12-24,157329236,Eduardo,"Great place and location.
Fernando is a fantastic host, thank you for all your help and also for arranging the transfer. The welcome gift was a unexpected surprice that made it all even better.",Ubicación,0.52,Positivo ✅
8080258,55609029,2015-12-03,39927323,Tomas Socrates,"La experiencia en la casa fue excelente. Cerca de transportes, cerca de lugares de interés, cerca de uno de los parques más lindos de capital federal, cerca de supermercados, dietéticas y restaurants, locales de ropa, en fín de todo.
El loft está cuidado, limpio, es funcional a quien lo habite. Hasta una pareja y 2 hijos podrían dormir cómodos como máximo, sino una pareja está cómoda demás.
Julieta es amable, atenta y responsable, tuve un inconveniente y enseguida se comportó de la mejor manera.
",Limpieza,0.0,Neutral ⚪
36112574,575530802,2019-12-10,20540456,Bilal,"Gaston was a great host. He was friendly and very helpful. His place was clean and in a very convenient location for walking. It was close to a lot of transportation options and amenities on nearby main streets, but off a quiet street which made it a great place to unwind after a long day exploring. I would definitely recommend staying here. I also preferred staying in Recoleta as opposed to the tourist areas like Puerto Madero or microcenter.",Limpieza,0.28583333333333333,Positivo ✅
35970457,547139155,2019-10-14,34483200,Jeremias,"Habitaciones super comodas con todos los servicios y con una ubicacion perfecta, la comunicación muy fluida, facil ingreso y egreso. Todo perfecto",Instalaciones,0.3333333333333333,Positivo ✅
27927364,430357383,2019-03-30,166091441,Sabrina,"Muy lindo lugar, linda zona. Los anfitriones excelentes!!",Atención,0.0,Neutral ⚪
4275585,24953442,2015-01-04,24291175,Ramiro,"Bárbara fue una excelente anfitriona, arregló para nosotros transporte desde el aeropuerto, nos facilitó cambio de moneda y nos recibió con una botella de vino!.
Adicionalmente , ante un pedido especial que le hicimos reaccionó en pocas horas dando solución al 100%.

El apartamento y el barrio están bien..
La localización es realmente estratégica, cerca del Microcentro, Puerto Madero, Teatro Colón, Recoleta , etc .. así como del acceso al transporte público.

El minisuper de Carrefour contiguo al edificio, es una ventaja a la hora de proveerse de alimentos, además existen varios restaurantes y panaderías en la manzana. 



",Ubicación,0.0,Neutral ⚪
38837515,558914163,2019-11-03,150998831,Pablo,"Excelente ubicación, zona segura y tranquila. Agradable y cálido. Muy buena atención de Sandra. 
Recomendable.",Instalaciones,0.0,Neutral ⚪
4278199,449825145,2019-05-07,73608401,M.Cecilia,"Excelente ubicación. Todo a la mano. Barrio precioso. Con un bello balcón. Camas muy cómodas. Sin TV Ni radio. Que al ir con niños, lo extrañan!!!!
Lo pasamos muy bien. En realidad uno solo va a dormir. Cocina cómoda y bien equipada!!!!",Ubicación,0.0,Neutral ⚪
16526540,297238705,2018-07-27,187830821,Maria,"Great location, spotless clean, perfect size for 4 people, plenty of light and very quiet. Very well equipped with appliances.",Limpieza,0.4611111111111112,Positivo ✅
33803660,446001980,2019-04-30,49960930,Yongmin,Nice place. Nice location. Clean room. Funny and kind host. If you stay this place You will get very nice time.,Limpieza,0.5327777777777777,Positivo ✅
18240588,221716135,2017-12-27,135492003,Mar,"La casita es hermosa, decorada con muy buen gusto y ubicada en un barrio muy tranquilo y seguro. Sofía es una excelente anfitriona, y siempre está atenta a que sus huéspedes estén cómodos. Muchísimas gracias x todo!!!",Ubicación,0.0,Neutral ⚪
32990834,477648221,2019-06-28,188148582,Fabiana,"Super Consigliato!!!
Alejandra mi ha accolto nel suo bellissimo monolocale con una graziosa vetrata, la stanza è molto luminosa e piena di tutti i confort necessari. Ho alloggiato nell'appartamento per più di un mese e ho potuto constatare che lo spazio è nuovissimo, molto ben attrezzato e pieno di tutti i confort necessari per una breve o lunga vacanza. Qualsiasi problema è stato risolto da Alejandra in meno di 24h rendendo il mio soggiorno il migliore possibile. La zona è molto ben serivta da metro, pullman e ci sono diversi supermercati e locali molto vicini.  Sicura e ben sorvegliata non ho avuto nessun problema per l'intera durata del viaggio!
Consigliatissima per chi vuole godere le bellezze della capitale argentina in un posto tranquillo e ben collegato.",Ubicación,0.8138020833333331,Positivo ✅
33776097,489825160,2019-07-17,72391164,Tiziana,Hermoso departamento. Cómodo y súper limpio,Limpieza,0.0,Neutral ⚪
2722747,73742607,2016-05-09,19575724,Angie,"Nuestra experiencia en el departamento de Graciela fue muy bueno! Ella es encantadora y amable y el lugar muy cómodo y perfecto para una pareja. Está en una zona con muchos bares y restaurantes. 
La comunicaciones fue sencilla y nos dio consejos de qué hacer en Buenos Aires. Lo recomiendo 100% :)

Gracias por todo Graciela! ",Atención,0.625,Positivo ✅
28204928,432036850,2019-04-02,24417267,Carlos Eugenio,Flavia es una persona amable y atenta. El depto superó las expectativas! Muy contento con la estadía!,Atención,0.0,Neutral ⚪
12252959,400263956,2019-01-11,28709246,Maria,"The apartment is perfect, compact and with a well equipped kitchen. The bed is 5ft/150cm wide and is really comfortable. The aircon works really well and we were so happy to leave our car in the secure carpark while we explored the city. The buses are really easy to use (and directions are on (Hidden by Airbnb) maps) from around the corner into downtown and the metro/underground is only 10 minutes walk in either direction. The pool is great to cool down in after a long day sightseeing. The welcome pack left by Carolina included coffee, tea, bread, eggs, juice, cream cheese and other stuff so we could make breakfast the following day. There was also oil and other condiments in the cupboards so we didn't need to buy them - it has been very rare to find these in other apartments we have stayed in across Central and South America. There is a Carrefor express (mini supermarket) across the road and other larger supermarkets within a 10 minutes walk. There are also many really good restaurants within walking distance. We would stay here again if we were to return to the city and totally recommend it for anyone visiting Buenos Aries and surrounds. Thank you Carolina for your hospitality.",Ubicación,0.22311965811965812,Positivo ✅
32172240,546295495,2019-10-13,276096697,Noelia,Buena ubicación.,Instalaciones,0.0,Neutral ⚪
14090273,426240184,2019-03-20,51501197,Maurício,"O apartamento de Patricia é ótimo! Possui uma localização perfeita, muito próximo de vários comércios, restaurantes, bares e transporte público. Super arejado e iluminado. Ela foi super atenciosa e nos permitiu sair depois do horário previsto de checkout. Recomendo muito!",Atención,0.375,Positivo ✅
5414540,32913311,2015-05-23,3055587,Alessandro,"Comfortable and clean apartment in a very safe and central area of Buenos Aires. Close to the Retiro railway and bus station. We met Santiago, the owner, the first day and he came to greet us and take the keys the day of our departure. He is a very nice and friendly host. I surely recommend this accommodation.",Limpieza,0.41520833333333335,Positivo ✅
24831530,298685485,2018-07-29,90353787,Krongnon,Excelente localização e ótima acomodação. Lugar seguro e com boas opções de lazer e transporte. Recomendo a todos ,Instalaciones,0.0,Neutral ⚪
17074751,138855321,2017-03-21,118225174,Patricia,The host canceled this reservation 9 days before arrival. This is an automated posting.,Atención,0.0,Neutral ⚪
37238257,506408392,2019-08-10,164794214,Florencia,"El depto es hermoso, un poco ruidoso porque está en planta baja pero es muy cómodo igual, el patio me encanto. Un poco estricto el horario de check out pero re volvería.",Atención,0.0,Neutral ⚪
5228827,467620030,2019-06-10,88299069,Diana,El lugar está muy buen ubicado y es muy cómodo. La comunicación es muy buena,Instalaciones,0.0,Neutral ⚪
4489063,94521331,2016-08-16,19819703,Jonathan,"-- The best place to stay in Buenos Aires! --
I had the best time in Buenos Aires - thanks to Ana! Ana is the most welcoming host you can imagine. I spent three weeks at Ana's place and felt at home from the very first second. The apartment is just overwhelming: best neighborhood in BsAs, amazing view, safe building, wonderful apartment and fantastic room to stay in! You'll have everything you need, and more...!

-- El mejor lugar en Buenos Aires --
Fui en BsAs por tres semanas y fue un tiempo maravilloso. Ana es una persona increíble. Me ayudó con varias cosas; de leccíones en español a consejos como disfrutar BsAs el más posible. 
El apartamento es perfecto: es en el mejor barrio de BsAs, es muy seguro, tiene una vista maravillosa, también hay una piscina, una sauna y un gimnasio en el edificio. Todo es muy limpio y elegantemente habilitado.",Limpieza,0.5499999999999999,Positivo ✅
29010347,538291250,2019-09-29,135906062,Martin,"Extraordinario lugar. Excelente ubicación. Detalles muy cuidados en el departamento. Muy buena comunicación y la mejor onda Cecilia, gran host. Un lugar para repetir sin dudas. Absolutamente recomendable",Atención,0.0,Neutral ⚪
10175840,114070624,2016-11-15,84583533,Karen,The apartment is really cozy and fits the images in the site. It is close to everything and have nice places to eat and visit. I would recommend it for anyone in doubt about where to stay and have all the amenities closer to their place. Thumbs up for the hosts who were really helpful when I needed assistance.,Atención,0.20000000000000004,Positivo ✅
30223845,581676597,2019-12-25,71622034,Elena,"We spent a really nice time in Sonia's place, it is very stylish, cosy and clean. Looks exactly as on photos. Bed was very comfortable. Bathroom with shower cabin, good cold and hot water pressure, shampoo, towels. We didn't cook, but kitchen is fully equipped, there is such possibility. For hot weather there are fans in both rooms. Flat is placed on 3rd floor, without elevator. Neighborhood is quiet, there are several bus stops just around the corner. We chose this location as my friends dad is living very close, so for us was perfect. To main touristic places it is possible to get by bus.  Sonia responses fast, for check in/out we agreed and met in time.  I would definitely stay in Sonia's place again.",Limpieza,0.21087301587301588,Positivo ✅
32882227,435167785,2019-04-09,126128512,Federico,"Hola Maxime. Muchas gracias por hospedarnos en tu casa. La ubicación del departamento es muy buena, cerca del subte y de muchas líneas de colectivo. El barrio hermoso. Muy confortable el departamento. Espero que podamos volver a ir. Abrazo!!!",Ubicación,0.0,Neutral ⚪
4032308,36591838,2015-06-29,6225363,Jorge,"I had an awesome time at Lucas's place, he hast everything sorted out, and the apartment its perfect, I run into some issue and he was kind enough to help. I really recommend staying at his place. ",Atención,0.56,Positivo ✅
40448889,608403037,2020-02-20,237443625,Julian,Muy lindo el dpto. La zona es buenisima y Gladys muy atenta con una comunicacion rapida. Muy bueno todo.,Instalaciones,0.0,Neutral ⚪
287756,8956665,2013-11-28,9399568,Pam,"Thank you so much for an absolutely wonderful experience. The apartment was darling, just as it looks on the site and the inner courtyard and shared common area were such a wonderful surprise. Just charming!!!!!!! The apartment is ideally located in Palermo and Mariano and his assistant, Leo, couldn't have been more gracious and helpful!!!! We loved staying there and really hope we have a chance to again!!!! Thank you so very much, Pam and Ally",Atención,0.5206901041666666,Positivo ✅
26837437,593596350,2020-01-16,302606615,Martin,"Thank you Francisco for your kindest and hospitality. We felt like at home in your lovely place. We are definitely coming back for sure. In my humble opinion and after living in Buenos Aires most of my entire life, the Location, the Views and having the chance to have everything you may need walking distance, makes your Apt. Unique!!!",Ubicación,0.254052734375,Positivo ✅
33331074,560059341,2019-11-05,210741357,William Andrés,"Súper recomendado, espacio muy completo y con la mejor energia. Excelente ubicación.",Instalaciones,0.0,Neutral ⚪
36879561,545502180,2019-10-12,50818433,Silvia,"El dpto de Isabel es muy cómodo y limpio. Está muy bien ubicado muy cerca del subte. La zona es muy linda . Isabel es muy atenta , responde inmediatamente ante cualquier consulta . Lo pasamos muy bien!!",Limpieza,0.0,Neutral ⚪
16244275,226984027,2018-01-13,139668035,Lizbeth,"Dpto recomendable, la anfitriona   hospitalaria y amable, buena ubicación.",Atención,0.0,Neutral ⚪
32033684,566070092,2019-11-18,6941101,Till,"Great place for good value. The kitchen has a lot of equipment. Proximity to Dorrego metro (subte) station and Parque Los Andes (playgrounds) are a great plus, especially if you're travelling with children, and shops and groceries are just around the block. Would stay there any time again.",Ubicación,0.575,Positivo ✅
146648,26909872,2015-02-22,24077597,Christopher,"Lovely apartment in a great Recoleta location so conveniently located to the Subway.  It's the people and the little touches that so often make the difference. Your welcoming smiles, a bowl fresh fruit on the table, and a willingness to stay and answer all of lengthy questions about Buenos Aires. You will never know how much we appreciated the late check out.
Cosmopolitan Studio is highly recommended.

Chris & Janet, Bainbridge island, WA, USA",Ubicación,0.1840625,Positivo ✅
8916522,360388105,2018-12-20,3526666,Esteban,"Fantástico departamento en una zona muy cómoda y segura de buenos aires. cerca de shoppings, bares, restaurants, y mercados. No lo conocimos a Joaquín personalmente pero siempre fue muy amable y nos permitió dejar el departamento a las 15hs. la limpieza es excelente y todo en el departamento funciona perfecto. Muy recomendable el café que se encuentra abajo del edificio para desayunar o almorzar (Ol'days Coffee). Los fines de semana puede ser un poco ruidoso por encontrarse en el primer piso del edificio pero nada muy grave. En definitiva es un departamento que recomiendo y al cual volvería sin dudarlo.",Ubicación,0.0,Neutral ⚪
325631,537378105,2019-09-28,71934524,Alejandro,"Este monoambiente es una pequeña joya dentro de un edificio más bien viejo, ubicado en una calle de poco encanto. Desde la llegada Florencia te hace sentir que has ""llegado a casa"", en particular con nosotros fue super paciente dado que nuestro vuelo llegó en la madrugada por ende estuvimos haciendo el check-in a una hora poco convencional. A pesar de eso, Florencia nos recibió con una sonrisa y sin prisas nos mostró todo lo que necesitábamos saber del apartamento, incluso se tomo la molestia de darnos recomendaciones para que nuestros días en Buenos Aires sean memorables. 
El espacio es pequeño, sobretodo el baño, pero se entiende que en ciudades grandes esta es una característica común.",Atención,0.25,Positivo ✅
30263373,578366953,2019-12-17,249806447,Ben,"This is a lovely apartment and we had a great time there. Set over two floors it has big, luxurious rooms and a delightful kitchen and large balcony upstairs. One of our best Airbnb experiences. Excellent location too",Ubicación,0.6448979591836734,Positivo ✅
2834372,237850855,2018-02-24,7207279,Jonathan,"This is a terrific location for spending time in Buenos Aires. My son and I spent five nights in Buenos Aires. The apartment is in a nice neighborhood, a close walk to many good restaurants, the subway and other activities. Alejandra's husband met us for the check-in and was nice to show us around the neighborhood and give us tips for restaurants. Alejandra was also quick to reply to any questions. We enjoyed our stay very much!",Ubicación,0.33333333333333337,Positivo ✅
17327795,422633574,2019-03-11,243105914,Milka,"Es un lugar místico, la decoración es bastante peculiar con máscaras y sombreros que dan la impresión de estar en Europa (Venecia y España).",Instalaciones,0.0,Neutral ⚪
34885192,523867986,2019-09-04,44471832,Dina,Todo excelente! Departamento muy comodo con impecable calefación. Ubicación increible. Federico es muy amable. Es un placer de conoserlo.,Atención,0.0,Neutral ⚪
20034814,215952234,2017-12-02,103829592,Shanna,"The apartment was amazing! We were in Buenos Aires for business and it was a 10 minute walk to Puerto Madero, so close to the San Telmo Market.  It was so clean and the decoration was modern with a vintage taste. Malena made sure that we were comfortable throughout our entire stay from arrival to departure. I highly recommend staying here, I'm definitely coming back!",Limpieza,0.2640740740740741,Positivo ✅
24019303,274178139,2018-06-08,166292838,Ramiro Damian,"El departamento muy lindo y cómodo, buena ubicacion y predisposición para todo. ",Instalaciones,0.0,Neutral ⚪
26527862,526841524,2019-09-09,131843845,Alejandro,"Excelente ubicación, departamento con todos los servicios y muy limpio. Muy buena seguridad las 24 hs. Mejor imposible.",Limpieza,0.0,Neutral ⚪
982269,206652849,2017-10-26,13461819,Sam,"Great location, comfortable bed, and very kind, responsive hosts.  On top of that, it has a great view!  I would love to stay here again.",Ubicación,0.6633333333333334,Positivo ✅
16124764,147214851,2017-04-25,116312110,Jose Antonio,"El señor Hernán es excelente anfitrión es una persona muy atenta estuvo pendiente de mi familia desde que llegamos hasta la salida de su departamento, el departamento es súper cómodo es muy amplio aparte es muy céntrico a los supermercados y líneas de transportes, la zona cuenta con muchas áreas de recreación lo recomiendo 100 % ",Instalaciones,0.0,Neutral ⚪
22262844,220919329,2017-12-24,38197802,Bryce,Comfortable apartment and good location. Very positive experience.,Ubicación,0.46515151515151515,Positivo ✅
27648436,487876979,2019-07-14,272129747,Alejandro,"El departamento de Joaquin ha sido exacto como se ve en las fotos. Es un departamento muy bonito, con estilo y excelentes muebles. Es muy amplio para tratarse de un solo ambiente, con una division que separa la zona de la cama con el living y la cocina como si fuera dos ambientes separados.  El balcón y la vista abierta es un gran plus. 
El edificio es moderno, con amenities y en buen estado de conservación y la zona donde se ubica el departamento es perfecta. Lo suficientemente cerca del centro de Buenos Aires, pero en la zona de Recoleta que permite disfrutar de la Buenos Aires más elegante y distinguida con sus restaurantes, cafes y paseos, pero a unos minutos de taxi y también caminando de muchos de los tradicionales lugares para visitar si se esta por turismo. 
El internet por wifi que he usado bastante por mi trabajo funciona excelente, y la televisión por cable cuenta con varios canales y funciona bien. 
Self check in and self check out hace que todo sea muy fácil y el departamento esta equipado para que uno no necesite nada. 
Dos gestos a destacar:  
1. la gentileza de Joaquin de permitirme hacer un early check in atento que mi vuelo aterrizó muy temprano por la mañana. 
2.  Al llegar había una Rhodesia (típica golosina argentina) esperando a mi llegada, que es un pequeño gesto de bienvenida que siempre se valora y produce una sonrisa al arribar a un lugar. 
No se lo pierdan y definitivamente será mi lugar en mi próxima visita a Buenos Aires.",Ubicación,0.1,Neutral ⚪
33450565,560657197,2019-11-07,118821302,Rodolfo,The apartment is better than what it seems by the pictures and the location is unbeatable.,Ubicación,0.5,Positivo ✅
30306295,402467311,2019-01-18,232418377,Juan,"Es un Apartamento de espacio acogedor, muy limpio y con todas las comodidades, agua caliente, TV, Radio y puedes cocinar ya que tiene muchos implementos de cocina (menos licuadora), muy cerca a muchos sitios turisticos y de distracciòn, lo recomiendo 100%; la anfitriona (Yanina) es muy amable y muy diligente a la hora del check in/out, muchas veces sin importar la hora de llegada o salida.",Limpieza,0.0,Neutral ⚪
2351959,498263000,2019-07-29,276900425,Juliana,"El depto tal cual a las fotos, todo prefecto sin ningun problema. Adriana excelente como anfitriona, siempre atenta y muy amable!!",Atención,0.0,Neutral ⚪
982159,8641663,2013-11-10,1689423,Laura,Jonathan was a fantastic host who ensured my stay in his apartment was as comfortable as possible. He was always available to answer questions and assisted with information about Buenos Aires. The apartment is comfortable and well equipped and an easy location just one block from a subway line.,Ubicación,0.33888888888888885,Positivo ✅
14680323,131723590,2017-02-13,14052056,David & Janet,"Great location and apartment. Has everything you need. Close to transportation and us very waksnle.
Our host was very accommodating with check in/out and was very responsive. I would recommend this place and would be happy to stay here again next time we are in Buenos Aires ",Ubicación,0.3666666666666667,Positivo ✅
27047950,400263585,2019-01-11,17892368,Olivia,"This place was the nicest of the Airbnb’s we stayed in Buenos Aires! Awesome location in Palermo, walking distance to outstanding shops, markets, and restaurants. The space was updated and clean. We really enjoyed our stay!",Limpieza,0.6229166666666667,Positivo ✅
39019682,564676821,2019-11-16,249668689,Christian,"Gabriela es atenta y amable. El departamento es impecable. Excelente relación costo-beneficio, espacioso, cómodo, limpio. Nos recibió con jugos y galletitias, agua, elementos básicos de limpieza. Volvería a hospedarme en ese lugar de vuelta!!",Limpieza,0.0,Neutral ⚪
33314654,498269553,2019-07-29,273611277,Natalia,"Muy  bien ubicado  para todos  aquellos que quieran  estar en enl centro .Muy  bien decorado , buenas  camas,  todo perfecto .Gabriela  muy  amable  y  atenta  .Muy recomendable",Atención,0.0,Neutral ⚪
24833626,439222311,2019-04-18,216289105,Taylor,"Great location, many amenities nearby",Ubicación,0.65,Positivo ✅
17005861,296304400,2018-07-25,199638107,Gustavo,Esta muy bien ubivado. A tres cuadras del casco histórico de la ciudad. El dto. no tiene buena vista en sus ventanas pero tiene mucha luz y es moderno y limpio.,Limpieza,0.0,Neutral ⚪
2057200,27466712,2015-03-05,7500256,Simon,"Emilio and Flavia were really great hosts, really helpful.Moreover Our host speaks many languages.Casa Kholi is a pleasant place to stay.  Our flat were tiny and cosy. The entire building built by Emilio was charming. San telmo is probably the best district for a touristic journey. We recomend it ++++! Thanks for your welcome, hope to see you again",Atención,0.4462121212121212,Positivo ✅
36634912,609204583,2020-02-22,303721208,Fernando,"Ubicación perfecta,  hospitalidad super.....",Instalaciones,0.3333333333333333,Positivo ✅
1777659,58495771,2016-01-03,39165785,Martin,"Augustin has been an excellent host. He warmly welcomed us at the flat at the proposed time and gave us excellent recommendations to all the various things to do in BA. He was very forthcoming making taxi reservation etc.
The flat is exactly as described and is in a perfect location to explore BA. Public transport is close by and the neighbourhood is full of restaurants, cafes and clubs.
Argentinian nights a long and also loud, which you should not mind coming to an ""in-location"" ",Ubicación,0.3384615384615384,Positivo ✅
19520513,173080819,2017-07-22,7508800,Jorge Daniel,"Apartamento luminoso, excelente vista. Ideal para quien viene a descansar. Zona residencial de gran nivel, segura. Muy buen gusto en decoración y disposición del mobiliario. Apto nuevo, prácticamente lo estrenamos.",Instalaciones,0.9,Positivo ✅
36059724,543338370,2019-10-07,234727805,Cesar,"Lugar muy agradable y acogedor, de buen estilo y en un barrio que está todo pasando. Lo recomendamos totalmente",Ubicación,0.0,Neutral ⚪
1883437,60791159,2016-01-27,4679710,Luis,la suegra de Facundo estuvo esperandonos y presta para darnos indicaciones para disfrutar al máximo el departamento. Estuvieron todo el tiempo en comunicacion con nosotros.FAcundo personalmente nos visitó dos veces.Fueron extremadamente cordiales y abiertos a nuestras necesidades.El lugar estaba justo donde queriamos alojarnos en Buenos Aires y todo fue como el anuncio lo decia. Recomendaria altamente este lugar,Instalaciones,0.0,Neutral ⚪
138690,145295227,2017-04-17,11985430,Kelvin,"Fabiana's place is a lovely, amazing retreat in a quiet, charming part of Buenos Aires. I'd highly recommend it to anyone looking for a charming, sun-lit, home for their stay in the city.",Instalaciones,0.44333333333333336,Positivo ✅
25867221,487916471,2019-07-14,9500175,Joaquín,"El departamento es muy espacioso y luminoso. Decoración moderna. Servicios impecables (agua caliente y refrigeración central). Una cama gigante, muy cómoda lo mismo que las almohadas. Todo dentro de un edificio que fue hotel, con sus ascensores antiguos y vitraux alemanes originales. 

La ubicación es inmejorable. A dos cuadras de la Casa Rosada (sede del gobierno nacional) y del barrio de San Telmo, uno de los más antiguos de Buenos Aires. Muy cerca de varias líneas de subterráneo (metro) y de otro barrio, uno de los más nuevos, Puerto Madero. Un agente de policía casi todo el día recorría la cuadra del edificio. 

El anfitrión estuvo siempre muy atento, a través de WA, a nuestras inquietudes, antes y durante la estadía. 

Es el lugar que voy a recomendar a mis amigos para disfrutar de Buenos Aires.",Ubicación,0.0,Neutral ⚪
17227036,219886394,2017-12-19,11948819,María Dolores,"El departamento de Leandro tiene una terraza muy linda. La atención fue muy buena. Hay cosas que mejorar como el WiFi, las goteras y los colchones, pero es una buena opción para conocer Buenos Aires con un costo accesible de hospedaje.",Precio/Calidad,0.0,Neutral ⚪
6157524,50077522,2015-10-09,41239372,Clemens,"Paul was a very welcoming guy, helping me on the first day to get my electronic metro card, showing me around were to get the things I needed and offered always help. 
The apartment was as discribed and always very clean. However, its style suited the San Telmo district atmosphere well as most things were old fashioned and had not been renovated for a while (e.g. old walls).
The location was perfect, Bus lines and metro stations were within 2 minutes walking distance and also afordable good restaurants were close by. 
In essence, Paul is a very nice guy, the apartment is clean, but old, and the location is close to be perfect.  ",Limpieza,0.4644444444444445,Positivo ✅
29395973,450137509,2019-05-08,84060703,Clara,"El depto de Gabriela es muy lindo y cómodo, bien ubicado, estaba muy limpio, y tanto Gabriela como Sol fueron muy amables y contestaron muy rápidamente mis preguntas. También fueron muy flexibles con el check in y el check out. Muy recomendable el departamento!",Limpieza,0.0,Neutral ⚪
36523136,613151607,2020-03-01,35577054,Giel & Jessica,"Stylish place in a great area of Buenos Aires, lots of bars and restaurants on walking distance. Bed and shower were very comfortable.",Ubicación,0.6066666666666667,Positivo ✅
24474522,326550263,2018-09-22,55134029,Roman,Muy buena ubicación en un barrio tranquilo pero con muchas posibilidades para comer y visitar los lugares del centro. Hay todo necesario en el departamento y se pueden mejorar la limpieza es un lugar muy cómodo.,Ubicación,0.0,Neutral ⚪
27631,176130759,2017-07-30,28372706,Nicolás,"Pasé una estadia muy agradable en el departamento de Inés durante unos pocos días. El departamento es amplio, esta bien equipado y en una excelente ubicación. No es un lujo, pero hay una muy buena relación calidad precio. Puede ser un poco frío en invierno, pero la propietaria hace bien en dejar algunas estufas para balancear. Tuvimos una buena comunicación con Inés y nos facilitó la llegada y salida. Recomiendo.",Precio/Calidad,0.0,Neutral ⚪
2385890,16220134,2014-07-23,10051555,Andrew,"My wife and I had a great time staying at Barbara's apartment. The apartment is lovely and the location is good for getting into the city centre and for food and drinks.
Thanks Barbara",Ubicación,0.55,Positivo ✅
5294790,53369952,2015-11-08,12071085,Santiago,"Felisa es una persona muy cálida que no reparó en esfuerzos para hacer mi estancia en su casa mejor que en la mia propia.
La ubicación de la casa es óptima en cuanto a comunicaciones y entretenimientos. El departamento es suficientemente amplio y muy limpio, las instalaciones sanitarias son muy buenas. Espero poder volver en mi próximo viaje a Buenos Aires.",Limpieza,0.0,Neutral ⚪
13511751,268971480,2018-05-26,183795909,Maricel,Todo muy lindo y la ubicación inmejorable.,Instalaciones,0.0,Neutral ⚪
801408,122878196,2016-12-26,57438540,Lidia,"Gostei muito do apartamento, é espaçoso , aconchegante , bonito. A localização é ótima, próximo a transporte publico, e às avenidas principais. ",Instalaciones,0.0,Neutral ⚪
9260283,510107896,2019-08-15,69482153,Magelan,"¡La ubicación es perfecta! La zona me pareció segura. Llena de restaurantes, mercados.",Instalaciones,0.0,Neutral ⚪
15959506,348337373,2018-11-13,42530902,Ben,Amazing location right next to the Sunday market.,Ubicación,0.29523809523809524,Positivo ✅
13426307,126276392,2017-01-10,59202033,Bengala,"La localizacion e espectacular,todo esta cerca.",Ubicación,0.0,Neutral ⚪
15026890,134211100,2017-02-26,69246694,Yvonne,"Pablo is a fantastic host who is easy to reach on (Hidden by Airbnb) or by messages. He was at the apartment several hours ahead of when we landed and the place was clean at arrival. Pablo gave us great recommendations around town and for our trekking in Patagonia. The apartment itself has wifi, air conditioning, fridge, stove, and basic cooking supplies. There's also a cute balcony with a nice view over the Palermo area. Overall, highly recommend Pablo and his apartment!",Limpieza,0.2848484848484849,Positivo ✅
30564608,480381716,2019-07-02,251581821,Jose,"Excelente Anfitrión... atento a los detalles, y buscando siempre hacerlo sentir a uno mejor que en casa... excelente experiencia",Ubicación,0.0,Neutral ⚪
5001879,112149942,2016-11-04,45348812,Peter,Daniel was a brilliant host met us at the apartment and gave us any information we were after . Great location near bars and restaurants with a shop across the road would happily stay again,Ubicación,0.6500000000000001,Positivo ✅
19341211,562865346,2019-11-11,28489838,Sarah,"A lovely, secure apartment in a great location.",Ubicación,0.5666666666666668,Positivo ✅
17102990,355281492,2018-12-03,202281444,Nicholas,"Great value, shows better in real life than in photos, awesome location. Pablo was a pleasure to deal with.",Ubicación,0.625,Positivo ✅
19839499,216590177,2017-12-04,77188611,Griselda,"El depto es tal cual se muestra en la foto. Es chico, para dos personas es lo ideal. Nosotros fuimos con mi nene y Fernando nos facilito una cunita. A pesar que no lo conocimos fue muy atento. Lo recomiendo! Excelente zona",Instalaciones,1.0,Positivo ✅
3143635,360421995,2018-12-20,38377679,Marcelo,"Primero que todo agradecer a Cristina y Ernesto ya que, su alojamiento cumplió todas nuestras expectativas y nos hizo muy cómoda nuestra estadía en Buenos Aires. Esta excelente para quienes quieran estar conectados en Palermo cercano a bares, restaurantes y la ubicación muy segura. Además el edifico muy tranquilo. Lo súper recomendamos para quienes busquen descansar y dormir cómodos ya que cuentan con todos los servicios necesarios para tener una estadía 5 estrellas. Muchas gracias a los host que tuvieron comunicación inmediata y por los tips Ernesto. Saludos.",Ubicación,0.0,Neutral ⚪
2502457,24861530,2015-01-03,23041536,Natasha,"Absolutely lovely! Nothing to complain about. Great location, super clean, easy check in and check out. ",Limpieza,0.5116666666666667,Positivo ✅
19529941,485296950,2019-07-10,157976736,Alicia,"Excelente estadía ! Todo es muy bueno : ubicación , departamento y anfitrión !!!!",Instalaciones,0.0,Neutral ⚪
27905759,357071473,2018-12-09,1747274,Ignacio,"El espacio de Leandro es hermoso. Nos recibió muy cálidamente y además nos explicó con detalle todo lo que teníamos a nuestro alcance. Fue la mejor estadía que tuve desde que uso airbnb. Nos encanto haber sido alojados por Leandro, ojalá se repita otra vez.",Instalaciones,0.0,Neutral ⚪
1082792,13863632,2014-06-06,14288436,Laura,"This is a lovely place in a really central part of San Telmo. It's a large room with double and single beds, really comfy! Bath is amazing and hot water showers make a nice change from some of the other places we've stayed in Argentina. Really clean lovely room, in a great location. Centro is easily walkable from here and so is Recoleta, Palermo is possible if you enjoy long walks!

Emiliano was really helpful on arrival, giving us maps and giving some great recommendations for local food and drink places. He also didn't mind that we arrived early and left later than the normal check in and out times which was so helpful. Gabriel and Alicia live next door, they don't speak English but they're very patient with speaking spanish slowly and working out what I was trying to say in my very poor spanish! They're super helpful and will do anything they can to help. 

I'd definitely recommend this place to anyone going to Buenos Aires for a short or long stay, and we hope to go back there ourselves in the future!
Thanks Emiliano",Limpieza,0.15141164391164397,Positivo ✅
37359216,597041454,2020-01-24,136882346,Martin,"El lugar es precioso, las piscinas son hermosas y grandes, la cocina muy completa y equipada, tiene café, té, yerba, aceite de girasol y de oliva, salsa de soja.
La ubicación es muy buena, esta cerca del centro pero en un barrio tranquilo y seguro.
Hay tarjetas sube a disposición y consejos turísticos.
María es muy amable y estuvo pendiente de nosotros desde que llegamos.",Ubicación,0.0,Neutral ⚪
23524647,416376236,2019-02-24,136168869,Claudio,"Great place in a fantastic location. Good value for money. The apartament is nice, with lots of natural light.",Ubicación,0.5,Positivo ✅
4889741,192503051,2017-09-10,111999045,Ruben Osmar,"Solo palabras de agradecimiento a eduardo y patricia, nos sentimos mejor que en casa. Predispuestos a solucionar y hacernos la estadía mas fácil, lo mejor para ellos y no dejen de consultarlos por posibilidades de alojamiento.",Instalaciones,0.0,Neutral ⚪
39475659,561478996,2019-11-09,7029286,Claudia,"Wonderful views, amazing sunsets, stylish, new appartment, very beautiful. Super host, very kind!",Atención,0.6492424242424243,Positivo ✅
12229786,272470291,2018-06-03,77302830,Michell,El departamento está muy bien ubicado y equipado con todas las facilidades para tener una estadía agradable y como en casa. La limpieza y el orden es sobresaliente y María Pía siempre estuvo pendiente por nosotros desde el primer momento. Gracias.,Instalaciones,0.0,Neutral ⚪
2274379,479784575,2019-07-01,65070477,Eric,"Great location, and clean/comfortable apartment! It was very easy to communicate with Iara, and she was flexible with an early check-in!",Limpieza,0.5627777777777778,Positivo ✅
19951252,333630711,2018-10-07,20375334,Ernesto,Excelente atención por parte de Maximiliano. Muy buena ubicación cerca de todo. El apartamento tal cual las fotos y cómodo.,Ubicación,0.0,Neutral ⚪
21934307,268293973,2018-05-24,159459243,Dominique,"O apartamento é lindo, a luz do sol é maravilhosa, e o bairro é muito bom para conhecer a cidade. O único problema que meu namorado teve foi o barulho do elevador que dava pra ouvir desde dentro da casa. Mas no geral, gostamos.
The apartament is nice, the sunlight is great, and the neighborhood is very good to get to know the city better. The only problem that my boyfriend had was the noise of the elevators, because they are next to the main wall of the apartment. Nontheless, we liked the place.",Ubicación,0.4470833333333333,Positivo ✅
4941269,26451745,2015-02-13,25637823,Letícia,"Apartamento perfeito!! O apartamento é uma graça, exatamente como aparece nas fotos. Fica muito bem localizado, perto do Obelisco, Florida e Casa Rosada. Fomos muito bem recebidos e bem acomodados. Simplesmente perfeito, pretendo voltar novamente. Luke, muito obrigada por tudo!! ",Instalaciones,0.0,Neutral ⚪
42036448,612448989,2020-02-29,327799021,Claudia,"1)	Estuve un mes en el departamento y la anfitriona Florencia durante la estadía se dedicó a enviar distintas personas con la excusa de “hacer el aseo” que según ella incluía, pero lo que ella buscaba era VIGILAR. Puesto que la persona que enviaba GRABABA el departamento y todo lo que uno tenía ahí VIOLANDO la privacidad de quienes estén alquilando. POR NINGUN MOTIVO RECOMENDARIA EL LUGAR.
2)	Ella nunca tuvo la amabilidad de recibirnos y  la única vez que se contacto fue para llamarnos la atención DE LA PEOR FORMA porque habíamos ocupado TODAS las toallas y la ropa de cama, aun sabiendo que éramos 4 huéspedes. Ella pretendía que ocupáramos una toalla entre 4 personas!!!  (Tengo evidencia de TODO lo que digo, ya que quedó registro en el (Hidden by Airbnb) .)
3)	Sólo la primera semana nos dejó confort y toalla nova y guardaba con llave los materiales de aseo. Tuvimos que comprar para tratar de mantener limpio y cuando iba la persona SUPUESTAMENTE a hacer aseo reclamaba porque estaba todo desordenado ( Osea ella pretendía que hiciéramos el aseo para la señora que hacia el aseo!!) 
4)	Lo peor de todo es que ocuparon nuestros materiales de aseo tales como: toalla nova, cloro, etc. Y cuando le dijimos se comprometió a devolver y nunca lo hizo.
5)	El departamento es tal cual se ve en la foto, sin embargo es muy ruidoso, lo que implica tenerlo cerrado todo el tiempo y el aire acondicionado prendido, y que se echaba a perder a cada rato, dejando todo inundado. Tuvieron que ir varias veces a arreglarlo
6)	Se ensucia demasiado rápido ya que a cada rato hay que estar barriéndolo, al menos 3 o 4 veces al día, no hay aspiradora que ayudaría a mantener limpio.
7)	El personal del edificio es imprudente y mal educado
8)	La ubicación no es buena ya que está a una cuadra de una cárcel, lo que impide tener seguridad. 
9)	El Citófono no funciona lo que significa bajar y subir cada vez que se hacía un pedido de comida o algo.
10)	El internet funcionaba de manera intermitente. 
11)	Dice que hay un jacuzzi arriba del edificio pero está inhabilitado
12)	La ubicación no es mala pero el valor no es acorde ni al servicio ni a lo que ofrece.
13)	Definitivamente no volvería nunca más ni menos pagaría lo que cobran, me sentí realmente estafada, además de violentada en mi privacidad, tanto mio como la de mis hijos. La peor experiencia!",Limpieza,0.12152777777777779,Positivo ✅
17846680,439221230,2019-04-18,137517080,Edgardo,"Excelente, tal cual lo que ofrece. Anfitriòn muy atento al visitante. Gracias Eduardo.",Instalaciones,0.0,Neutral ⚪
23483909,530127754,2019-09-15,293124250,Israel,"Si estás buscando un lugar para descansar y estar cómodo, sin dudas este departamento tiene  lo que necesitas, los espacios están bien distribuidos, todo es muy lindo, el edición es super tranquilo como si estuvieras sólo.  Todo de primer nivel.",Ubicación,0.3333333333333333,Positivo ✅
138690,4450316,2013-05-06,5618366,Kelly,"Fabiana and Gerardo were amazing hosts. They were extremely accommodating and went above and beyond for us on many occasions. Gerardo gave us amazing tips on where to eat/what to see in Buenos Aires and met us to exchange dollars into pesos. Fabiana let me know when the buses were on strike, something that saved our entire vacation (and went above and beyond what she needed to do for us). And when I left my favorite hat in the cab we took to the airport, Fabiana was able to retrieve it for me. ALSO, her brother opened up his home to us when we needed a place to stay our last night in BA. I cannot say enough how amazing our experience was because we connected with this beautiful couple. Thank you Fabiana and Gerardo, once again!",Ubicación,0.29821428571428577,Positivo ✅
31335082,498296787,2019-07-29,148993624,Jó,"El lugar es acorde al precio, bien cuidado y limpio y además está increíblemente bien ubicado. Máxima es amable y se adapta a las necesidades. Viajamos con dos niñas pequeñas y tuvo la amabilidad de extendernos el checkout unas horas más hasta que saliera nuestro avión. Gracias por recibirnos!",Limpieza,0.0,Neutral ⚪
14013980,566438939,2019-11-19,14541203,Adam,Marcos worked with me to make sure I was able to arrive safely and quickly. He is very friendly and hospitable. The location is great and the bedroom is spacious and comfortable. I was very busy during my stay and I could always count on being able to relax and unwind at his place after a long day.,Ubicación,0.4186111111111111,Positivo ✅
11601531,142485822,2017-04-08,89418049,Florian,Depto en pleno Palermo-Soho. Lugar limpio y contacto muy simpático! Muchas gracias! la pasamos super! ,Limpieza,0.41666666666666663,Positivo ✅
28891561,433448262,2019-04-06,172642613,Kim,"Absolutely stunning apartment in a central location but a little ways from the hustle and bustle, so nit noisy at all. Only an easy 15 minute walk from everything. Spotless, with everything you need either in the apartment or right at your doorstep.
And Gustavo was an amazing host. Met me at the apartment and gave me plenty of tips on where to eat and anything else I needed. Will definitely stay here again next time I'm in Buenos Aires.",Ubicación,0.1812830687830688,Positivo ✅
23507588,485833564,2019-07-11,261585708,Gonzalo,Excelente anfitrionA Julieta una genia !,Atención,0.0,Neutral ⚪
22814337,239166298,2018-02-28,151158192,Luis,"Una vez más alojé aquí y la estadía fue buena, la ubicación está bien y el barrio es tranquilo.",Ubicación,0.0,Neutral ⚪
860341,489813636,2019-07-17,183411146,Micaela,"Falta mantenimiento.
El dpto está ubicado en una de las zonas más lindas de Bs AS, como ya conozco, por eso lo elegí, posee cerca muchas opciones gastronómicas, cafeterías, bares y restos. Martín fue muy amable con los horarios de entrada y salida. No tuve ningún problema. 
Ahora en cuánto al dpto, le falta mantenimiento, principalmente la ropa de cama, las sábanas tenían bolitas, y junto con el acolchado no poseían aromas a limpio. El colchón está bastante hundido. No posee lugar a donde colgar la ropa y solo hay dos perchas. Las cortinas blackout del ventanal están sucias y un poco rotas. La cortina de baño esta vieja. El sillón y almohadones también sucios. Con un poco de inversión mejoraría muchísimo.",Limpieza,0.0,Neutral ⚪
21125534,414400793,2019-02-19,173501741,Emanuel,"Excelente departamento, excelente comunicación con la anfitriona, anfitriona amable, responsable y siempre dispuesta a ayudar. 100% recomendado.  A pasos de subte.",Atención,0.0,Neutral ⚪
23958196,263265411,2018-05-11,18940262,Agustina,"Hermoso departamento,muy buena ubicación en una zona segura.",Instalaciones,0.0,Neutral ⚪
21476626,221413181,2017-12-26,22608140,Eduardo,"Estupendo lugar, perfecta ubicación!, óptima comunicación con Roberto desde el momento de la reserva hasta el check out! Nos gustó mucho la decoración y amenities! Volvería sin dudarlo!",Atención,0.0,Neutral ⚪
34342692,547005171,2019-10-14,116733777,Juani,"Hermosa ""casita""!!! La verdad que nos encantó!! Es súper linda!! Estaba impecable el baño!! Que es una cosa que no siempre sucede, y muuy limpia la casa en general también!! La llegada 10 puntos. La atención y predisposición de la anfitriona 1000 puntos!! Una genia total. Tiene un montón de detalles que jamas vi: adaptadores para celulares, zapatillas para corriente, una tarjeta SUBE a disposición de los huéspedes, dos botellones para recargar cerveza, café, azúcar, sal, y otros detalles más que hacen que la estadía sea increíble. De los mejores lugares donde me he hospedado. Gracias!!!!!! ",Atención,0.061035156250000014,Neutral ⚪
107259,9583456,2014-01-03,4064361,Andrea,"O apartamento é muito amplo e está muito bem localizado em Buenos Aires, mais ou menos entre o centro (Florida) e a Recoleta. É um apartamento antigo, que precisa de uns reparos, mas nada que tenha tirado o seu brilho. Como fomos em 5 casais, os 5 quartos/banheiros (um não era suíte) nos acomodaram muito bem. O 6º quarto não pode ser assim considerado, no meu entender, pois é minúsculo e só tem uma beliche, sem ar condicionado ou qualquer conforto. A cozinha estava completa e a utilizamos muito bem. Infelizmente a internet não funcionou nenhum dia (em que pese a tentativa de Fiorella em resolver - era reveillon e nada mais funcionava em BUE!). Quando chegamos, faltavam toalhas para todos, o que foi logo resolvido. O único problema que enfrentamos foi a falta de luz no primeiro dia, que estava uns 40 graus, mais ou menos. Enquanto Fiorella me mostrou o apartamento, acabou ligando todos os aparelhos de ar condicionado (inclusive o da sala) e a chave geral caiu, mas não aquela que fica dentro do apartamento e, sim, a que fica no apartamento do zelador, que não estava lá (era domingo!). No final da tarde, quando finalmente conseguimos falar com ele, toda a situação foi resolvida e passamos a cuidar para não ligarmos todos os aparelhos ao mesmo tempo. Assim, não tivemos mais nenhum problema. Percebi que há calefação para os dias de inverno e o banho é muito bom, com aquecimento a gás (mas no último dia não aqueceu e fiquei sem saber o que houve. Ainda bem que estava muito calor e a água quente não fez falta!). Vittoria é uma excelente anfitriã, preocupada com a nossa estadia por lá. Por e-mail me repassou diversas informações úteis. Como fomos em grupo para passarmos o reveillon juntos, foi uma excelente opção de hospedagem numa cidade que tanto amo. Obrigada, Vittoria e Fiorella, por tudo! A gente amou ter estado no apartamento e em Buenos Aires!",Instalaciones,0.0,Neutral ⚪
2018802,401901807,2019-01-16,228248585,Elisa,"It is a great location!! Really nice place, with a great host!",Ubicación,0.8666666666666667,Positivo ✅
14694378,559032466,2019-11-03,74828212,Lakelyn,"Great stay for our first time in Buenos Aires! The location is superb, and you are right next door to 2 famous San Telmo landmarks. We walked to La Boca, Recolata, the main square - getting around was so easy, anywhere a little further we used taxis or Uber. The house itself is also very cool with stylish features. The rooftop BBQ area and pool was a huge bonus. We traveled as two couples and were very comfortable with each having large rooms and a full bathroom. Augustina always responded super quickly and was a reliable host!",Ubicación,0.36111111111111105,Positivo ✅
16028393,487918919,2019-07-14,76549545,Paola,"Muy bueno. La ubicación es excelente, el transporte también. El lugar es acogedor y silencioso. La respuesta a nuestras solicitudes fueron inmediatas. Fue un lugar perfecto para estudiar y cocinar.",Instalaciones,0.0,Neutral ⚪
36993553,524765347,2019-09-06,283337881,Luz,"Muy recomendable departamento dos ambientes muy amplios, con todas las comodidades necesarias para hacer que la estadía sea ideal. Ubicado en un lugar muy bueno para acceder a todas las mejores atracciones de la ciudad, algunas se puede ir caminando y a otras en subte que queda a dos cuadras. Zona muy comercial, donde hay varios lugares para comer. A pesar de la zona comercial el depto es muy tranquilo y sin ruidos, lo que permite un buen descanso. Seguramente volveré!",Instalaciones,1.0,Positivo ✅
31587505,424934917,2019-03-17,219679098,Angelica,"Emma nos atendió super bien, nos dio respuesta inmediata siempre, nos ayudó con el tema del transporte público, la entrega de la llave fue super fácil. El lugar estaba justo para donde necesitábamos ir y tiene un Lucciano cerquita para empacharse de helados jaja",Instalaciones,0.3333333333333333,Positivo ✅
19141854,327231344,2018-09-23,207157176,Rodrigo,Excelente apartamento. Amplio y muy buena ubicación,Instalaciones,0.0,Neutral ⚪
41840071,605452001,2020-02-14,83986251,Victor,"Encantados por el servicio y atención. La comunicación constante nos hizo sentir muy bien acompañados.  La flexibilidad con el chekin y checkout es destacable, lugar seguro, tranquilo y bien equipado. Cerca de todo lo necesario para moverse, comer y comprar.  Sin duda volvería a ese dpto.",Ubicación,0.0,Neutral ⚪
33518911,592046860,2020-01-12,306928124,Renzo,"Franco es un excelente anfitrión. Muy acogedor, amable, detallista y responsable. Siempre disponible para atendernos ante cualquier consulta o eventualidad. Su apartamento es céntrico y está bien cuidado. La proporción costo-beneficio es excelente. Definitivamente recomendado.",Atención,0.0,Neutral ⚪
26871169,368903817,2019-01-08,89671331,Patrick,"Nice, clean apartment in a good location near to the subway and the obelisco.",Limpieza,0.44166666666666665,Positivo ✅
36559394,547143057,2019-10-14,301540604,Flavia Andrea,"EXCELENTE UBICACION ,BARRIO MUY TRANQUILO EXCELENTE LIMPIEZA Y RECIBIMIENTO EN EL LUGAR Y DE MARCELA , SIEMPRE DISPUESTA A NUESTRAS NECESIDADES E INQUIETUDES .MUY RECOMENDABLE, EL DEPTO CUENTA CON TODO LO NECESARIO .",Ubicación,0.0,Neutral ⚪
15785551,455388327,2019-05-19,56644773,Juan,Manuela es muy amable y atenta en la recepción y estadía . Siempre se preocupó que estuviera todo funcionando e impecable .,Atención,0.0,Neutral ⚪
32363364,423938059,2019-03-15,172267113,Minu,It was really nice. Everything was very clean. Good locate. I loved here!,Limpieza,0.6629166666666666,Positivo ✅
31381540,404532327,2019-01-24,112464713,Cristian,"Departamento muy recomendable, muy prolijo, cerca de todo, fran nos recibió de 10!!  Volveremos a optar por este depto en un futuro cercano!! Graciass!!!",Ubicación,0.0,Neutral ⚪
16529274,145240816,2017-04-17,33695297,Jen,"The place was accurate and very affordable. Great location! Teo blocks from famous San Telmo's Sunday street fair and Dorrego Square. Three blocks from Puerto Madero. Know that there is no wifi. I overlooked this viewing various homes in BsAs and assumed they all had it. Other that, great communication and great deal.",Ubicación,0.4749999999999999,Positivo ✅
36026362,488066840,2019-07-14,134964857,Paula,"Andrea es una anfitriona muy amable. Con una flexibilidad en el horario de ingreso y egreso, lo que permite realizar viajes por estudios.",Atención,0.0,Neutral ⚪
12453641,165042048,2017-06-30,102418879,Pablo,"Los anfitriones unos crás! Tuve varias situaciones unas por responsabilidad y necesidad de mi parte y otras por problemas con el apto y siempre respondieron de la mejor manera. Apto muy recomendable y perfectamente equipado.
Gracias!",Atención,0.0,Neutral ⚪
40471502,575798754,2019-12-11,56894597,Sippakorn,"We really recommend the apartment so confortable.  The neighborhood is very nice and easy to arrive, also Guido was so kind.  Thanks so much. 
On est passé un très bon séjour. L'appartement est très confortable. Et le quartier est joli et facile pour y arriver. En plus, Guido était super sympa. Merci beaucoup !
Estuvimos muy cómodos en el departamento, en un barrio lindo y fácil para llegar, limpio y bien equipado. Guido fue muy muy simpático. Muchas gracias!",Limpieza,0.41916666666666674,Positivo ✅
10410775,95637824,2016-08-20,21822021,Milagros,"Tomás es una persona muy amable y atenta, el departamento es tal cual se muestra en las fotografías, muy limpio y con las comodidades necesarias. El barrio es muy bonito, algo alejado pero accesible al trasporte.",Limpieza,0.0,Neutral ⚪
2159252,434765389,2019-04-08,170651947,Nicolas,"Me encantó el lugar, cerca de todo, muy conectado. Seguro, tranquilo. Para volver! Muy recomendable",Ubicación,0.0,Neutral ⚪
26721798,343444438,2018-10-31,5095909,Gary,"I loved staying at Ana’s apartment and it exceeded all expectations.  Firstly, Ana is kind, fun and generous.  She was flexible with check in and check out.  The room is essentially a private apartment, super quiet with own bathroom and small kitchen.  My only regret is that I didn’t stay longer.  Location is superb for all that Palermo has to offer.  Gracias!",Ubicación,0.3212121212121212,Positivo ✅
12872030,243558130,2018-03-16,11866746,Ivan,"This place is great: you are near great restaurants and bars in the Palermo neighborhood, and also you are 1 block away from the buses to go around Buenos Aires; the building has security, and also it has washer and dryer in case it is needed - I would stay here again when in Buenos Aires.",Ubicación,0.5666666666666668,Positivo ✅
14261528,182826224,2017-08-15,22415468,Eliane,Great location very easy to move around the city.,Ubicación,0.6816666666666666,Positivo ✅
33037448,476107733,2019-06-25,11467669,Rodrigo,"El lugar impecable, ubicación mejor aún. 100% recomendable. Adriana una excelente anfitriona!!!",Atención,0.0,Neutral ⚪
644493,88150394,2016-07-23,7182588,Manuel,"Todo Estuvo de Acuerdo a lo publicado y ofrecido, Sol y Antonio muy amables y serviciales, el depto es lindo y muy funcional. El Barrio tranquilo, cerca de todo, Gracias a los dos.",Ubicación,0.0,Neutral ⚪
17245596,206908110,2017-10-27,146610281,Cecilia,Ubicación excelente,Instalaciones,0.0,Neutral ⚪
737135,417240192,2019-02-26,13896465,Pablo,"Si buscas buena atención, la mejor ubicación y limpieza elegí este departamento.
Todo eso más el trato de Pablo hacen de tu estancia un placer.
Lo mejor.",Ubicación,0.0,Neutral ⚪
33684569,539503384,2019-10-01,292308043,Gonzalo,"Ubicación excelente, alojamiento práctico.",Instalaciones,0.0,Neutral ⚪
40151899,613001818,2020-03-01,246192092,Mauricio,Excelente monoambiente!. Todo sumamente limpio. Muchos detalles. Lo recomiendo!. Volveria a hospedarme sin dudarlo.,Limpieza,0.0,Neutral ⚪
39968044,562109564,2019-11-10,308186429,Nicolás,"Excelente host, muy amable. El departamento estaba muy limpio y ordenado. Volvería a ir definitivamente",Limpieza,0.0,Neutral ⚪
2535593,100625924,2016-09-10,54068442,Bernadette,"Valeria was an excellent host- was approachable and welcoming but also willing to give guests space if that's what they preferred.  We loved her apartment!  It was perfect for 2 people and very comfortable and clean.  Palermo Hollywood is a lovely neighborhood--you MUST go to Las Cabras (cheap Argentine steakhouse 5 blocks away) if you stay with her! We wished we had more days there.  Thank you, Valeria!",Limpieza,0.6262962962962964,Positivo ✅
37015069,560659437,2019-11-07,217706244,Agata,Mariano is very nice and hospitable. He waited for us in front of the door and was very flexible making check in and check out. I recommend this host for everyone :),Atención,0.49333333333333335,Positivo ✅
39842219,567787492,2019-11-23,160156987,Yair,"La ubicación es en la mejor zona de   Buenos Aires y el departamento en si es impecable..todo de calidad toallas, cubiertos, cama . Excelente estadía pase",Instalaciones,0.0,Neutral ⚪
13867057,444192341,2019-04-27,58053113,Daniel,"El alojamiento es tal cual se publica. La cama es amplia, cómoda. La pieza de por sí es muy grande, con ventanales, aire acondicionado y ventilador de techo. La cocina es nueva y se podían utilizar todos los artefactos sin problemas. Mi estancia fue muy agradable. Como está cerca del subte, moverse es muy sencillo. La pasé increíble!",Ubicación,0.0,Neutral ⚪
23307944,402432072,2019-01-18,8171133,Shamik,Pretty awesome place with a nice bathtub on the roof. Great locality to be in,Instalaciones,0.6625000000000001,Positivo ✅
36843450,604170310,2020-02-10,10279583,Andrea,"Very nice experience staying at Gonzalo's place: super well located, he was very proactive and helping, and the apartment is great! Highly recommend!",Instalaciones,0.5026666666666667,Positivo ✅
3010552,194840167,2017-09-17,78719414,Alejandro,"Muy conformes! Excelente ubicación y Mariana muy atenta siempre! Muy buena anfitriona, gracias y hasta la próxima",Atención,0.0,Neutral ⚪
4950936,197951892,2017-09-27,53727955,Javier,"Excelente la habitación que nos ofreció Elena; espaciosa con mucha luz, impecable, la dercoración es genial; la cocina muy completa y el hecho de andar por los espacios comunues y habitación te da esa sensación de estar en una casa antigua del Buenos Aires. El trato excelente, entramos Elena nos dió la llave de la casa y habitación y listo; como en nuestra casa. Encantados de estar acá :)",Instalaciones,0.5,Positivo ✅
34841564,497461654,2019-07-28,271378003,Leila,"Excelente lugar, muy recomendable, el ambiente es increíble. Gabriel es muy amable, y te hacen sentir como en casa.",Atención,0.0,Neutral ⚪
22609994,587728230,2020-01-03,232632967,Juan Manuel,"Inés es muy atenta y considerada. El cuarto es sólo para una persona, está muy bien. Cuenta con Smart TV para usar, por ejemplo, YouTube y Netflix (con tu cuenta). Tiene aire acondicionado y WiFi, toalla, shampoo...
Me gustó mucho. Volveré.",Instalaciones,0.21428571428571427,Positivo ✅
29853307,347488690,2018-11-11,45318671,Lucía,El departamento tiene una ubicación excepcional y es una zona segura; cómodo y limpio! La comunicación con los anfitriones fue excelente! Recomiendo el departamento y sin duda volvería!,Limpieza,0.0,Neutral ⚪
25163225,538182543,2019-09-29,295168160,Orlando,El dpto muy cómodo y de buena ubicación. Recomendable!,Instalaciones,0.0,Neutral ⚪
9387966,113234771,2016-11-11,5962942,Melissa,"If you are looking for a place to stay in Palermo and your dates are available for this apartment, STOP LOOKING. You have found your spot. 

This apartment is the best of all worlds. It is right in the heart of the hippest neighborhood (kind of Brooklyn-y, in the best sense) with seemingly endless options for great places to eat (and shop, if that's your thing) and go out at night, but it is in the back of the building, so it is just beautifully quiet. You wake up in the morning looking at trees and listening to the chirping of birds. It's so peaceful.

And honestly, I walked every inch of the neighborhood multiple times, and at night I was so thankful that I didn't end up in an apartment with a balcony that looked out onto the street. I can't imagine how loud it is to be in one on the weekends when the nightlife really turns on. 

It is adorable, very clean, and everything in the kitchen is new. I work online and need dependable Internet to do my job on the road. I stayed there for 2.5 weeks and had no problems getting everything I needed to get done - including conducting multiple meetings on (Hidden by Airbnb) that would have been a disaster with a bad connection. 

And Walter and Tea really are as fantastic as everyone says they are. Tea sent me messages any time she heard of something cool going on in the neighborhood that I might like to check out. I'm celiac and I found a basket of gluten free cookies and pasta and a bottle of wine waiting for me when I checked in, plus a flyer for a gluten-free shop to get more things, if I needed. (There is a fantastic all-gluten-free restaurant just a few blocks away where you can eat bread and tarts and empanadas to your heart's delight, if you have gluten issues -- (Hidden by Airbnb) map search for ""sin taxis."" Also, if you like burgers, the Burger Joint is amazing, and the boys at the counter are really nice about giving you your burger ""sin pan."" And Ninina around the corner is a great cafe with delicious salads -- and my friend says amazing organic bread, if you can eat it.)

Just perfect. Trust me and all the people who've left reviews below me here. You can't find better. ",Limpieza,0.3427892015392015,Positivo ✅
1506668,285720200,2018-07-04,193931215,Michaele,"Apartamento aconchegante, limpo e ótima localidade. Voltaria sem dúvidas!",Instalaciones,0.0,Neutral ⚪
19141854,453308293,2019-05-15,38598630,Alirio,"Apartamento extremamente limpo, aconchegante, bem iluminado e bem localizado. Nos sentimos em casa. O Patricio é muito cuidadoso. No apto havia mapas, cartão de metrô, café, água mineral, suco e outros mimos que fazem diferença pra quem vem de longe. Ele também nos buscou no aeroporto. Quando pudermos voltar a Buenos Aires, certamente ficaremos lá novamente!",Ubicación,0.0,Neutral ⚪
29395201,402166766,2019-01-17,71303750,Marisol,"¡ Excelente ubicación, Inmejorable atención, servicio y disponibilidad. Altamente recomendable, Gracias!",Instalaciones,0.0,Neutral ⚪
20648745,359662729,2018-12-17,222209931,Hugo,"Nice stay with a large room. If you like cats and dogs this place is fantastic. The dog likes all the attention he can get and one of the cats too. The hostess is really friendly and although our spanish isn't great and we may not have understood everything it was nice talking to her. My GF thought the cutlery want as clean as she liked, but if you (I didn't) mind cleaning it before use you're fine.",Limpieza,0.43726190476190474,Positivo ✅
31821753,552800999,2019-10-22,297767270,Anahi,"Buena ubicación, persona amable, buen lugar para 2 personas",Atención,0.0,Neutral ⚪
29750347,414375945,2019-02-19,123646576,Hélène,"Super accueil, les photos sont bien représentatives de l'appartement. Camila est aux petits soins. Nous recommandons chaudement.",Instalaciones,0.3333333333333333,Positivo ✅
34114878,559003596,2019-11-03,37314717,Seba,Excelente ubicación con muchas alternativas de gastronomía bares etc cerca de transportes públicos. Excelente terraza con vista panorámica. Muy buena comunicación para el checkin/ out y durante la estadía. Sin dudas volvería a alojarme,Ubicación,0.0,Neutral ⚪
17623876,607154617,2020-02-17,133386155,Jorge,La mejor ubicación de Buenos Aires,Instalaciones,0.0,Neutral ⚪
35124908,592137746,2020-01-12,324925579,Ana Laura,"El lugar práctico y cómodo para alojarse, con todas las comodidades necesarias para pasar la estadía. El anfitrión fue muy amable y flexible.",Atención,0.0,Neutral ⚪
11900383,93723318,2016-08-13,55415717,Tácio,"Eugenia was great to us, she gave us all support we needed. The appartment is really great. It is near to many nice pubs and restaurants, the address is easy to find and it's also near to the subway station in one of the main avenues in BA. I really recommend!",Ubicación,0.4166666666666667,Positivo ✅
37627464,516648209,2019-08-24,10281722,Alejandra,"La casita de Libertad es re lindo, llena de luz y plantas. Un lugar tranquilo con mucho espacio. Estuvimos muy cómodos y Libertad tuvo flexibilidad para la estadía.",Instalaciones,0.0,Neutral ⚪
26151130,360993604,2018-12-22,163511506,Are,We found this Airbnb to be in a great location which allowed us to walk everywhere. Albana apartment provides us with most of the things we needed. Thank you.,Ubicación,0.65,Positivo ✅
26151130,436602212,2019-04-13,36682568,Elisabeth,"Was a great spot, very good location and was easy to communicate with Albana. Thanks for having us!",Ubicación,0.5983333333333334,Positivo ✅
10398483,122568853,2016-12-24,75489363,Gustavo,Excelente nos encanto. muy buena la atencion y el depto. muy espacioso.,Instalaciones,0.0,Neutral ⚪
3010552,25135256,2015-01-07,148060,Marcela,"Mariana y Luis son muy buenos anfitriones, muy atentos. El departamento es comodo y la ubicacion optima!",Atención,0.0,Neutral ⚪
42115151,613633163,2020-03-02,168442996,Rocio,"El departamento es maravilloso, todo muy lindo, limpio, estiloso y cómodo. Tiene hasta una terracita súper acogedora y bonita. Es mejor de lo que se puede apreciar en fotos.
La ubicación también es muy buena, está cerca de todo, es muy tranquilo y hay restaurantes, bares, supermercados, kioskos, parques, todo cerca. Y la anfitriona Ivanna es muy preocupada y detallista.
Así que estamos super felices de habernos quedado en su departamento, y lo súper recomendamos.",Limpieza,0.3333333333333333,Positivo ✅
27746574,353067334,2018-11-26,189058115,Cristian,"Hospedaje y atención perfecta, vuelvo con ellos si o si.
Ni lo duden en alojar en este departamento, ubicación inmejorable.",Instalaciones,0.0,Neutral ⚪
17329503,580327407,2019-12-22,1736538,Willie,A really nice listing in a great location.,Ubicación,0.7,Positivo ✅
40172593,612386995,2020-02-29,9916555,Heber,"Super bien ubicado!!! Limpio, seguridad 24 hs, muy buena comunicación!!!",Limpieza,1.0,Positivo ✅
21400608,345054194,2018-11-04,185415280,Julieta,Excelente ubicación y excelente relación precio calidad!,Precio/Calidad,0.0,Neutral ⚪
14327492,134662607,2017-02-28,108749289,Monica,"Monoambiente amplio, limpio y muy iluminado. Buena ubicación. Excelentes anfitriones",Limpieza,0.0,Neutral ⚪
33155589,553207312,2019-10-23,125515711,Renzo,"Antes que el lugar, su hospitalidad es hermosa, Marilu te hace sentir como si estuvieras en tu casa, en familia, es muy amable y generosa. El lugar está impecable , ideal para descansar bien y estar tranquilo. Más que recomendado.",Atención,0.9,Positivo ✅
22099771,455328156,2019-05-19,261157942,Mabel,Muy buena ubicación y predisposición del anfitrión. Excelente todo,Instalaciones,0.0,Neutral ⚪
476044,126134581,2017-01-09,20563313,Alvaro,"Excelente lugar, muy bien acondicionado, las habitaciones muy cómodas; a pesar que es un barrio con vida nocturna no sentimos tanto el ruido de la calle; en dos de las 4 habitaciones incluso había un silencio increíble; los aires acondicionados funcionaban como cañón :) y las camas eran muy cómodas, mis hijos disfrutaron la tele por cable (hay 4, una en cada habitación) y el jacuzzi del 3 piso es un sueño; utilizamos el quincho para hacer asados varias veces y la terraza es maravillosa.

En definitiva fue una excelente experiencia y Augusto fue un host insuperable, 10 puntos.",Ubicación,0.5,Positivo ✅
18689268,346394806,2018-11-08,223434270,Anahi,"Excelente ,amable y atenta atención de los dos, todo tal cual lo ve uno en las fotos. Limpio y ubicado cerca de todo lo que uno puede necesitar !  Toda la ropa blanca y demás cosas en cantidades más que suficientes para varios dias. Hizo de que nuestra estadía fuera placentera ...muy recomendable",Limpieza,0.0,Neutral ⚪
29306591,580878236,2019-12-23,4411466,Eric,"I recommend Carla's apartment to anyone wishing to stay in one of Buenos Aires' beautiful neighborhoods, and in an apartment on a tree-lined street, just one block from the metro and in close proximity to shopping, cafes and parks. Carla was most helpful  and the apartment is comfortable and quiet.",Ubicación,0.4375,Positivo ✅
6101182,273556713,2018-06-06,27779964,Alfredo,"El depto es impecable , es la segunda ves que me alojo ahí, nos recibieron muy bien , fueron muy atentos , la ubicación es muy buena y está cerca de muchos locales de compra , bares , restaurantes, todo muy bueno !",Ubicación,0.0,Neutral ⚪
23809826,573513046,2019-12-06,233186191,Dady,"La casa è completa di tutto quello che possa servirti in una vacanza. Una bella  vista , un'appartamento luminoso e soleggiato. Consigliatissimo senza dubbio.",Instalaciones,0.0,Neutral ⚪
28859923,400540447,2019-01-12,145373767,Augusto,"Impecable departamento, lo volvería a buscar sin dudas.
Pedro fue muy atento.",Ubicación,0.0,Neutral ⚪
35195562,586992314,2020-01-02,245887957,Adriana,Ubicación excelente!!!!,Instalaciones,0.0,Neutral ⚪
15814243,242238641,2018-03-11,16193006,Sam,"Screaming babies, dirt, dishonest communication and I am not happy. When I arrived I had to dust out the closet which was pretty dirty. The floor also hadn’t been cleaned in a while and my feet were black after walking around for a while. I would open the door when it was cool enough outside to get some fresh air because of the smell. It wasn’t extremely strong but was noticeable when entering the room. When I mentioned the dirty floor they did come and clean it. The smell never went away though. The toilet lid kept falling off. Not a big deal but a little annoying. If you like to do any cooking this is not the place for you. Not much for cooking pans and utensils as there was one knife to cut food and a can opener. The only teflon pan had seen better days and there was no lid that fit it which means you would get a ton of spray coming from the pan. There were no steak knives. The baby upstairs made a fair amount of screaming but the noise was mostly in the day time so didn't keep me up. It would have been nice to have salt and pepper and a few basis spices, wrap for preserving food or a few food preserving containers. I have taken care of about 10 properties over the past few years and wouldn't ever leave a unit like this. For communication I am giving 3 stars for a few reasons. I was told that this place was close to the school I was going to be going to. I gave Austin the address and he said the metro is 1.5 blocks away (true) and it would be fast to get there. (false) It took me 30-35 mins of walking as fast as possible through all check points and transfer of trains (which meant squeezing into the metro because the metro is so full in the morning. Sometimes I would have to wait for the next train because the first one coming by was too full. The trains are full from 7:30-9:30 and 5-7. I could skip one of the transfers and walk which was a few mins slower and I opted for this most mornings as I didn't enjoy squeezing into a crowded train. For value I give it 2 stars because I asked Austin if I could check out early since the commute was quite stressful and a couple other things. I wasn't happy about being told the commute was short and easy. I actually had to leave 40 mins ahead of the school start because of the timing of the trains. I said I wouldn't leave a review even though there were other things as well if he would charge me 1/4 of the months stay which I booked. He instead charged me for about 2 weeks and said this is how Airbnb calculates it. I have 10 properties on Airbnb and you have...",Limpieza,0.0733843537414966,Neutral ⚪
29055562,466685880,2019-06-09,149735666,Clarii,Todo genial. Súper recomendable. Excelente ubicación,Instalaciones,0.0,Neutral ⚪
9385372,66580553,2016-03-23,38516624,Michael,"Matias told me I was his first Airbnb guest, and I felt honored. But his personality gave me the feeling of a perfect host with experience helping others to feel comfortable. We coordinated my arrival and he was waiting for me easy to access. He helped me unload my motorcycle and showed me the ins and outs of his apartment building. Waiting in my room was a bowl of chocolate and walnuts. This I must say was an unexpected but welcome small touch that made me realize Matias was glad I was there. I need to swim for my exercise and there was a pool right across the street. It was worth the cost. Also Palermo is a very social neighborhood with a lot of activity such as restaurants, shopping and parking garages. Matias' apartment is the 5th floor with and elevator. I liked this elevation because of the wonderful breezes and I was above all the activity where I could observe but not feel overwhelmed. A perfect location.",Ubicación,0.4038988095238095,Positivo ✅
23374233,321555284,2018-09-10,162953402,Mariano,"Departamento super recomendable, Jorge muy amable",Atención,0.3333333333333333,Positivo ✅
2509625,485270916,2019-07-10,62121546,Marcos,"El departamento tiene todo lo necesario para que la estadía sea perfecta. Tiene cafetera, tostadora, microondas, pava eléctrica y demás. La ubicación es perfecta, y Dafna siempre está disponible AL INSTANTE, resolviendo todo. La zona es muy tranquila. Volvería, y tal vez lo haga.",Instalaciones,0.0,Neutral ⚪
28577470,621430981,2020-03-31,54613725,Duvan,"Es un sitio agradable, muy equipada y cerca a muchos sitios turísticos, con acceso a mercados y zona muy tranquila y segura.",Ubicación,0.0,Neutral ⚪
31907029,442854479,2019-04-24,44211990,Gabriel,"El departamento es tal cual se ve en las fotos. La ubicación es privilegiada, tenés todo cerca y el barrio es tranquilo. Diego fue muy atento.",Ubicación,0.0,Neutral ⚪
35162447,532832779,2019-09-20,203122771,Facundo,"Muy lindo departamento, todo muy cuidado y con todas las comodidades , volvería a hospedarme otra vez. El anfitrión muy atento a todo y muy amable. Muy linda zona , recomendable.",Atención,0.0,Neutral ⚪
8440134,536333477,2019-09-26,35922488,Katherine,"Es un muy buen departamento, un barrio muy tranquilo, igual a las fotos, todo muy limpio y cómodo para una estancia.",Limpieza,0.0,Neutral ⚪
2018802,257810038,2018-04-27,26919765,Roberta,"Es la segunda vez que me alojo con María. Buena ubicación, departamento cómodo y María es una excelente anfitriona. Lo recomiendo!",Atención,0.0,Neutral ⚪
16775689,279039137,2018-06-19,174238041,Anna,"I lived with Silvia for 3 months and it was great! It felt like coming home and spending time with your family. 
Her place is in a very safe, calm and beautiful neighborhood. Everything you might need (supermarket, restaurants, public transportation, pharmacy, and so on) are close by. (By ""close by"" I mean not more than 4-5 blocks) 
The apartment is very clean, comfortable and has a breath-taking view you really want to wake up to! Good to know: Every Tuesday comes a cleaning lady who also changes the bed every time. In the dining and living room is enough space for everyone! Sometimes Silvia and I had breakfast and diner together and enjoyed the company! In the kitchen is also everything you might need and there is enough space for your food (in the cupboard and the refrigerator).
Silvia  is the best person I could wish for during my stay in Buenos Aires!! She helped me whenever I needed her and I knew I can trust her! For example, I had a very bad cold and I did not speak Spanish very well, so she went with me to the best doctor, translated and helped me a lot!  After that, she made me a freshly pressed orange juice every morning until the end of my trip! Even my mom does not do that!  All in all, we spent a lot of time laughing and talking together, but every each of us also had her own private space. It was perfectly balanced! Now I am happy and thankful to call her my friend! 
I think living with Silvia and at her place is probably the main reason why I enjoyed Buenos Aires sooooo much!",Limpieza,0.31946839080459766,Positivo ✅
21242544,333573032,2018-10-07,214824744,Ángela,"El departamento es como e ve en las fotos.
La ubicación es muy buena. 
El anfitrión  fue muy amable y atento y nos ayudó mucho.",Atención,0.0,Neutral ⚪
25229147,609233244,2020-02-22,32345737,Irina,"Josefina tiene una casa preciosa,  muy amplia, 
 con estilo y muy bien cuidada.  El trato fue súper amable.Tuve una  estadía excelente. Cuando vuelva a buenos aires trataré de volver a su casa. La recomiendo completamente",Atención,0.0,Neutral ⚪
1226275,50614559,2015-10-13,33193578,Paula,"We had a very early flight and Santi was there at the apartment at 6.30am in  the morning to welcome us and show us all the ins and outs of the apartment. He was just a phone call away if we had any more questions. It was just like the photos, even better as we didn't realise how nice and roomy it was, with a whole extra bedroom to put our packs in. The bed was big and comfy, and everything was comfortable and clean and we were able to cook our meals , listen to music and watch DVDs for the lazy nights when we didn't feel like going out. It was great to be able to do our laundry as well. 
I think Palermo is one of the best places to stay, and Santi's apartment on the top floor was nice and close to everything, but not noisy. We went out to see some music a couple of nights and felt completely safe walking home afterwards. ",Limpieza,0.4248148148148148,Positivo ✅
39217138,606537526,2020-02-16,10196581,Benoît,"Very nice place exactly like on the listing. Perfect area, super quiet and waking distance from the booming center of soho.
Unfortunately i could stay one one night because the AC was not working and it was definitely too hot. But Joaquin was very flexible and offered me another accommodation. Top service!",Instalaciones,0.25803030303030305,Positivo ✅
23679461,554492246,2019-10-26,39310267,Jacqueline,"Sehr gute Lage, zentral und sicher. Die Gastgeber sind sehr freundlich und aufmerksam. Ich war da mit meiner kleiner Tochter für ein paar Stunden, da wir aus München weiter nach Santa Fe verreisen müssten. Sehr angenehm. Preis-Leistungsverhältnis stimmt.",Instalaciones,0.0,Neutral ⚪
40889265,580306859,2019-12-22,94412125,Juani,"Excelente comunicación, con muy buen servicio. Todo muy recomendable y limpio. Muchas gracias.",Limpieza,0.0,Neutral ⚪
28439335,593625346,2020-01-16,102913345,Angel,"El departamento es excepcional. La locación para quienes deseen conocer la Ciudad de Buenos Aires, es inmejorable. Todos los transportes públicos, y atracciones principales cerca (teniendo en cuenta lo grande que es la ciudad, claro ésta) . Luciana esta atenta  a que te encuentres cómodo. Tiene el detalle de dejarte unas colaciones, y café sin cargo. Sin duda 100% recomendable",Ubicación,0.0,Neutral ⚪
12355477,114070037,2016-11-15,58141847,Renata,"O apartamento é exatamente como nas fotos. A Analia é uma anfritiã prática e esta sempre disponível. A localização é o ponto forte do apartamento. Muito perto da Calle Florida e de muitas atrações. Dá para fazer muita coisa andando. Os funcionários so prédio são muito simpáticos. Infelizmente tivemos algunas probleminhas na nossa estadia.
Primeiramente quando chegamos havia pequenas baratas no local. Analia avisou que tinha feito a dedetização porém elas continuavam a aparecer. De qualquer forma ela nos deixou a vontade para cancelar a estadia. 
Segundo, o morador acima do prédio fazia muito barulho das 22:00 até as 5:00 da manhã.  Ou seja, impossível ter uma boa noite de sono. 
Tivemos tambem um pequeno problema com uma infiltração e goteiras na ""cozinha"" que não nos deixou dormir bem. 
E por fim, eu havia pago uma quantia um pouco maior para fazer um late check out e não pude fazer, ela já havia reservado o apartamento para outras pessoas. Porém, Analia falou que poderia me devolver a quantia e também deixou eu colocar as malas em um quarto no prédio.
Enfim, o apartamento é ok, e se não fosse por esses motivos indizaria com certeza. Porém por conta disso nossa experiencia não foi tão boa.",Atención,0.06666666666666667,Neutral ⚪
18305549,573527384,2019-12-06,31658619,Mendes,Excelente localização e o apartamento espetacular,Instalaciones,0.0,Neutral ⚪
1831031,587015125,2020-01-02,289104278,Paulo Cesar,"Es un edificio antiguo como muchos de la ciudad, pero él interior del departamento es muy acogedor, y súper tranquilo; pienso que uno como huésped tiene que tomar las medidas necesarias para pasarla bien resolviendo cualquier situación que se presente y no andarse quejando por todo.",Instalaciones,0.0,Neutral ⚪
35997443,535514706,2019-09-24,167724860,Genesis,"Excelente anfitriona, muy amable, puntual, responsable y un apartamente bellisimo",Atención,0.0,Neutral ⚪
21242544,328903039,2018-09-27,43136620,Ronald,"Julian fue muy amable y nos apoyo mucho con el Check in -out, Lugar muy bien ubicado.",Atención,0.0,Neutral ⚪
25404024,438370025,2019-04-16,82167691,Rogelio,"Un apartamento con una ubicación estratégica, muy bueno el barrio y con sistemas de transporte cerca para moverte a cualquier sitio de la Ciudad.
Liliana es una persona muy servicial y está pendiente a todo momento de sus huéspedes.
El apartamento tiene un estilo moderno, el aseo es impecable, esta completamente dotado, es estar como en casa, ademas esta lleno de detalles.
Lo recomiendo para estar en la ciudad, pasamos una excelente estancia.",Ubicación,0.0,Neutral ⚪
75094,131234422,2017-02-11,607951,Jeannine,We had a lovely stay at Eugenia and Mariano's place in Recoleta! The apartment is beautiful and looks just like the photos. It had everything we needed with lots of light. The extra bathroom was very convenient to have. The building and apartment felt very secure. The location is extremely convenient for exploring Recoleta and with easy access to many of the main tourist sites. The subte is just down the street and Eugenia very kindly left us a card with some rides already loaded. There are some excellent restaurants and cafes within close walking distance. Eugenia was very friendly and helpful and quick to respond. She tracked our flight so that it wasn't a problem when our check-in was delayed and gave us a good suggestion to change our money. There was even a nice Argentine snack waiting for us when we arrived! I would definitely recommend this apartment. Gracias Eugenia y Mariano !  ,Ubicación,0.3714043209876543,Positivo ✅
2760632,122276356,2016-12-22,916111,Daniel,"Excelente ubicacion para disfrutar Buenos Aires, lugar excelente y muy tranquilo.",Instalaciones,0.0,Neutral ⚪
12948220,131074007,2017-02-10,104406792,Sabrina,"The apartment is close to shops, public transport and it's walking distance to everything. The neighborhood is quiet and safe. The apartment is small but it matches the price. Tamia made it really easy for me to check-in and out. She was friendly and answered all my questions.",Ubicación,0.1763888888888889,Positivo ✅
17765325,521957998,2019-09-01,22645221,Lucas,"La ubicación es perfecta. Cerca de parques, restaurantes y actividades culturales. Alejandra cuida de cada detalle para que la estadía sea muy agradable. Recomiendo mucho este lugar.",Ubicación,0.0,Neutral ⚪
4632605,37229912,2015-07-05,12520261,Raul,"The apartment was quite tastefully decorated and well furnished. It gets lots of light and is in a quiet, pretty, and centrally located neighborhood. Joaquin waited several hours for me to arrive since my flight was late. He provided several complimentary gifts, including a bottle of wine, beer and soft drinks and some crackers and nuts. I had a very nice stay.",Ubicación,0.153,Positivo ✅
23545261,494579264,2019-07-24,78701566,Denise,"Recomendo muito a estadia!
Passamos ótimos momentos em Buenos Aires, com a localidade perto do metrô (andando uns 10 minutos até estação Bulnes) e do shopping Alto Palermo, lojinhas na região, parques, padarias, mercados próximos e Uber sempre à disposição.
Porteiros simpáticos, prédio completo, com piscina e sauna (que não usamos porque estava inverno), academia, vizinhos tranquilos, apartamento lindo, muito confortável, limpo e fácil de limpar (como ficamos 10 dias, varremos alguns dias), wi-fi muito bom e varandinha com vista para a rua.
A região possui vários pontos para visitar por perto como parques, museus que dá para ir a pé e para sair a noite, o bairro é o mais recomendado, tanto para boates (boliches como chamam lá) como para restaurantes e bares, dessa forma não se gasta tanto com Uber.
Já com saudades da rotina de Buenos Aires!",Instalaciones,0.0,Neutral ⚪
18474963,573896961,2019-12-07,208272132,Nestor,"This apartment is ideal for everyone.  Excellent neighborhood, close transportation to everywhere, safe area.
The cleanliness could not be better. The apartment is new; therefore, everything is in perfect conditions. Beautiful view and a lot of sun light.
Javier and his wife are very kind, they make you feel very comfortable. Also, the communication is excellent.
I recommend this apartment, you will spend a pleasure time there.",Limpieza,0.6896694214876032,Positivo ✅
2389447,62815780,2016-02-17,51835292,Ieva,"All in all I am very happy I made my choice to stay in Violeta apartment. 5 weeks. I travelled with two very young children. I did and also learned empirically that i can fully trust Violeta. Violeta was our personal concierge! - booked taxi when needed, took me to a doctor, met us at the airport etc. Brought to us a lovely social network, which we miss a lot now back at home. At Violeta building entrance door is daily fresh fruit and vegetable stand. That was an asset for us. We walked a lot and location was very good. Many thanks, Violeta!!!",Ubicación,0.3219965277777778,Positivo ✅
22324498,432011134,2019-04-02,175500085,Francisco,Ubicación excelente. Maria Isabel nos ayudó/facilitó con la llegada y salida mucho.,Instalaciones,0.0,Neutral ⚪
14980239,294872561,2018-07-22,115243900,Soledad,"Leila was a great host, very friendly. The room was super clean, comfortable, and spacious with a huge bathroom just for you. All spotless . The house has a great peaceful vibe and the location is perfect. Close to everything you need. I will definitely come back to her house next time. ",Limpieza,0.403125,Positivo ✅
5749786,312022212,2018-08-22,188689772,Shayna,"Amazing apartment and perfect location. As a female traveling alone, I never felt unsafe in the apartment or neighborhood. Juan José is very nice and responsive. ",Ubicación,0.595,Positivo ✅
30152745,618509194,2020-03-15,2748964,Margaret,I can’t recommend enough of this place. Communication with the host before and after checkin was smooth. The host was very responsive and accommodating. The apartment itself is an attractive - so beautifully decorated with all amenities you’d need in place. I’m so glad I found this place.,Atención,0.4583333333333333,Positivo ✅
41708910,611211904,2020-02-26,75553661,Nani,"Bien... linda piscina, barrio tranquilo",Ubicación,0.0,Neutral ⚪
16414737,239865665,2018-03-03,73844190,Elisabete,"O apartamento da Marisa, é excelente, tudo bem limpinho,bem organizado, móveis novos, ótima localização perto de mercados, fruteiras, shopping, e muitos passeios da para ir a  Pé. Várias linhas de ônibus que passam em frente",Ubicación,0.0,Neutral ⚪
4690281,24379810,2014-12-27,1098309,Trak,"This flat is a fantastic space in a great neighborhood (Palermo) in Buenos Aires. The apartment is clean, quiet and spacious with modern furnishings. Hila & Juan were great hosts, even though they live in Barcelona, and despite the time difference were responsive to our questions about what to do. If my wife and I return to Buenos Aires, we would definitely stay here again! ",Limpieza,0.2975589225589226,Positivo ✅
28600496,338087010,2018-10-18,121660617,Claudia,"El monoambiente de Franco está impecable, renovado y muy limpio. Está ubicado a una cuadra de la avenida Corrientes cerca de bares, cines y teatros. Es ideal para escapadas cortas. Fue una buena experiencia!!",Limpieza,1.0,Positivo ✅
210040,25217857,2015-01-09,519518,Holly,"I was only able to stay here for 2 nights, but the experience was great! This apartment is in a very secure building that has 24 hour security.  The location was very close to the subway as well as many restaurants and bars.  The host was super helpful in every aspect and we really appreciated his help in arranging our transpiration to and from the airport.  The apartment was cute, clean, and perfect for 2 people. ",Limpieza,0.46545454545454557,Positivo ✅
25566245,547154240,2019-10-14,79513561,Cecilia,El alojamiento de Julián y Bárbara es muy cómodo y agradable. Amplio y perfectamente equipado. Julián nos facilitó el ingreso al depto unas horas antes de lo pactado sin ningún inconveniente y con excelente predisposición. Les agradezco y seguramente volveremos a alojarnos.,Instalaciones,0.0,Neutral ⚪
2763989,142833625,2017-04-09,104361539,Melisa,Cómodo y muy bien ubicado! Muy amable Fernanda y su familia!!! Excelente opción ,Atención,0.0,Neutral ⚪
11547792,129156475,2017-01-29,6828850,Catherine,"Este departamento fue muy limpio y perfecto para nosotras. Está ubicado muy central entre Palermo Soho y Palermo Hollywood, perfecto para conocer los dos barrios. ",Limpieza,0.0,Neutral ⚪
21124529,328226254,2018-09-25,21539935,Dani,"Ótimo apartamento, excelente localização e receptividade do Nacho. Voltando a Buenos Aires certamente me hospedaria novamente no apartamento.",Instalaciones,0.0,Neutral ⚪
899560,186835774,2017-08-25,23143880,Claudio,"Mabel es una gran anfitriona, el departamento cumple con todo lo prometido.",Atención,0.0,Neutral ⚪
2115488,412774491,2019-02-16,11641788,Tiga-Rose,"I felt totally at home from the moment I arrive. The super who greeted me with the keys is adorable, friendly, professional, and super helpful. The apartment is light and airy and a really easy and comfortable place to settle into. The wifi is superfast and it's an ideal place to live and work. 

We had a few days without water or electricity (sometimes happens in the summer in BA nothing to do with this particular building). Gabriel was always available to answer my questions, even if he couldn't make the local authorities turn back on the amenities! The apartment is on 7th floor, something to remember if you're here in the summer and there is a power outage. 

In terms of location, it's 2 blocks from the metro, a block from DNI dance school and there are two other dance schools within a block also, and a block from a massive gym with a pool. There's are some great fruit shops nearby including a hidden organic place 2 blocks away and a supermarket for essentials within 5 mins walk. All you could wish for!",Ubicación,0.23723484848484847,Positivo ✅
12367937,442052655,2019-04-22,30912920,Lucina,"El departamento es muy hermoso, está ubicado en una zona tranquila y de fácil acceso a principales lugares. Tiene detalles que hacen que la estadía sea muy amena, como cosas para desayuno y una limpieza y calidez por parte del anfitrión de para destacar. Sin dudas recomiendo 100 % este alojamiento, ha sido mi mejor estadía en Buenos Aires.",Instalaciones,0.0,Neutral ⚪
35736851,553585713,2019-10-24,159510109,Violeta,"Lindo departamento, cómodo y confortable perfecto para lo que necesitábamos Caro siempre al pendiente muchas gracias ;) altamente recomendable ❤️",Precio/Calidad,0.25,Positivo ✅
9287189,123163110,2016-12-27,9049178,Karina,If you want to experience the trendy neighborhood of Palermo Hollywood you won't regret staying in this flat. The location is absolute perfect! You have everything you need just right outside your doorstep. The flat is spacious and well equipped with everything you need. We also enjoyed the rooftop very much. From there you can see the beautiful city of Buenos Aires. Florencia is an attentive host and we will definitely come back.  ,Ubicación,0.3112087912087912,Positivo ✅
36603359,541042744,2019-10-04,5062077,Alex,"I had a fantastic time in this apartment. The photos are true indicative and i thought it was very stylish. One of the best things about it was the bed.... new and very comfy with soft pillows. The internet connection was the weakest link but in my experience in Bs As the internet service is never really that great... not sure why. Location wise is great and Valeria was very attentive, kind and helpful. i highly recommend it.",Ubicación,0.4044242424242424,Positivo ✅
11554119,408056770,2019-02-03,71457859,Max,"Maria was a great host, very communicative and helpful. Ideal location in Palermo, close from metro station, supermarket, with many nice cafés and restaurants. the apartment is nicely organized, with a large terrace on the street. definitely recommend it.",Ubicación,0.4767857142857143,Positivo ✅
34581377,597043905,2020-01-24,99258999,Allen,"Stylish, clean space in perfect location! Great accommodation and communication with hosts.",Limpieza,0.6666666666666667,Positivo ✅
13128712,474869960,2019-06-23,50655100,Daiana,Excelente ubicación,Instalaciones,0.0,Neutral ⚪
6912508,209136818,2017-11-04,122919159,Jarett,"Great place to stay, great location, very secure, and close to lots of great restaurants. Apartment was very clean and everything was in great condition. Hosts were very helpful!",Limpieza,0.6352380952380952,Positivo ✅
13970752,210100593,2017-11-07,118108483,Maria,"Muy cómodo y moderno, en una ubicación inmejorable! Muy recomendado. Solo una de las fotos no coincide con el departamento, el resto es igual. Todo equipado para las necesidades básicas. Muchas gracias por esperarnos y recibirnos!",Instalaciones,0.0,Neutral ⚪
18995593,457659541,2019-05-24,134124155,Marcus,"Eu e minha noiva fomos agora em maio/19 e não temos palavras para agradecer o Damian, que além de ser um anfitrião super simpático se colocou à disposição em todos os aspectos passando informações tanto da acomodação bastante precisas como também dicas do que poderíamos fazer em Buenos Aires ou conhecer ao redor da Recoleta alguns lugares onde normalmente não se encontra fácil pela internet. 

Além disso nos passou o contato no (Hidden by Airbnb) assim que fomos recebidos para que a qualquer tempo pudéssemos ter contato direto com ele. Apartamento super limpo e com ótimas instalações e super bem cuidado.

Por fim, no checkout foi bastante atencioso e ainda conseguimos bater um bom papo e com certeza se algum outro dia eu voltar a Buenos Aires, ele será uma pessoa que irei procurar novamente caso esteja disponível tanto para acomodação ou até mesmo para tomar um bom vinho e uma boa cerveja para bater um papo. 

Obrigado Damian, você foi demais! Super recomendo a todos o espaço do damian para se acomodar e ficar em um apartamento top e próximo a tudo. 

Nota (Phone number hidden by Airbnb) !",Atención,0.25595238095238093,Positivo ✅
14898722,417496601,2019-02-27,15668690,Steffi,"Patricia was a perfect host, easy communication, a lot of tips, clean flat, great and safe location. To sum it up: everything was perfect! Thanks!",Limpieza,0.540625,Positivo ✅
29874509,434218055,2019-04-07,24519898,Fer,"Increíble ubicación, muy limpio y cómodo!",Limpieza,0.0,Neutral ⚪
19435928,173046422,2017-07-22,11292737,Emanuel,"Excelente ubicación! El departamento moderno,excelente, cómodo y completo. Ari
Muy atento en todo lo que necesite. Lo recomiendo 100%",Instalaciones,0.0,Neutral ⚪
22671215,594940933,2020-01-19,304913287,Jose,"Excelente atención, siempre dispuestos para ayudar. El departamento 100% recomendado, está impecable y excelente ubicación",Instalaciones,0.0,Neutral ⚪
22926730,429971188,2019-03-29,16514327,Elke,"We highly recommend this place for your stay in Buenos Aires! Our family found it well located, tidy, comfortable and spacious enough for a two week stay.  You have all you need in walking distance: cafes, restaurants, shops, grocery stores, parks, laundrys, etc. Visiting places farer away in the city is easy by subte or by taxi. The host Susana is very nice and easy to communicate with.",Ubicación,0.4066666666666667,Positivo ✅
10995835,520502316,2019-08-30,54688786,Diane,"For y Atilio son dos genios! hicieron muy placentera mi estancia en su casa.
La habitación es hermosa, todo esta muy limpio, el barrio tiene muchos bares y restaurantes, hermosos cafes. 
Gracias por los mates, la torta y las charlas, por compartir su casa conmigo :)
Recomiendo este lugar sin dudarlo 


Flor and Atilio are two geniuses! They made my stay at their home very pleasant.
The room is beautiful, everything is very clean, the neighborhood has many bars and restaurants, beautiful cafes. 
Thanks for the mates, the cake and the talks, for sharing your house with me :)

I recommend this place without hesitation.",Limpieza,0.619375,Positivo ✅
3962808,60914111,2016-01-29,16701707,Sophia,Ana is a great host. The communication was easy and she was very nice and flexible. The appartment is small but has everything you could need. The decoration is great. The location is nice. I warmly recommand this house and its host. Gracias Ana,Ubicación,0.5376190476190477,Positivo ✅
28515642,412407054,2019-02-15,10383525,Maria Luz,"Muy lindo lugar. Silencioso y espacioso. 
Tenés la comodidad de tener la llave de la casa y de la habitación. La ubicación tiene muchos lugares de interes cercanos y con gusto 100% porteño. Bares, cervecerias, parrillas, antigüedades. Muy lindo para recorrer.",Ubicación,0.0,Neutral ⚪
21497709,269528064,2018-05-27,141918698,Hannah,"The place was a clean studio in a nice area, really close to everything. Eduardo accommodated the check-in time when my flight was changed and the doorman was always very helpful. The keys were left for me at the front desk and the apartment had everything you could ask for (kitchen, bed, balcony, bathroom, etc) ...even cleaning service if you needed more towels or sheets!",Limpieza,0.33194444444444443,Positivo ✅
24650731,610477779,2020-02-24,22368869,Ulises,"El departamento es muy luminoso y tiene unos atardeceres preciosos ya que esta en un piso alto, pero el downside de todo esto es la experiencia que uno se lleva al entrar al departamento, siendo que tiene muchísimo olor a cigarrillo el cual esta adherido a todas las telas, almohadas, colchón, etc. Para los no fumadores esto es terrible ya que el olor termina en la ropa, en la piel, etc.. El otro aspecto negativo, que en las fotos del listing no se ve, es que el departamento esta un poco deteriorado. Para ser un edificio de 8 años de antigüedad, este departamento no lo demuestra ya que tiene problemas de humedad en las paredes que dan al exterior. Por ultimo la limpieza, lamentablemente me toco poner el departamento patas para arriba, gastar mucho dinero en productos de limpieza (ya que en el departamento solo había detergente para los platos) y un par de días para dejarlo en condiciones. Lo positivo que tiene el edificio es que tiene laundry con seca ropas,  una mini piscina y una parrilla en a azotea. La zona es un 10, volvería a elegir de nuevo esta zona, pero lamentablemente no en este alojamiento siendo que  mi experiencia no fue positiva.",Limpieza,-1.0,Negativo ❌
16686995,133919054,2017-02-25,34673870,Katarina,"Cristina's flat is located in the pretty area of Recoleta. It is very easily to reach by subte. From the flat I was also able to walk to many places I wanted to see. I spent a week in her flat while doing a Spanish course in the nearby quarter of Retiro. Very close to the flat there are many shops and restaurants and also the famous cemetary of Recoleta. I felt very good and safe in this neighbourhood. The flat itself is located in a pretty building on a major street, but because it is on the 8th floor, it is also very quiet. The flat is very clean and nicely decorated. The room has a double bed and an ensuite bathroom. Cristina was very accomodating, very easy to contact and  provided me with a subte card, information about Buenos Aires and a map. She doesn't speak any English, but for me that was good as I wanted to improve my Spanish. Overall a very pleasant stay!",Limpieza,0.26752777777777775,Positivo ✅
4452314,585233904,2019-12-31,32294374,Glicério,"O studio de Lidia é excelente e muito charmoso. Fica próximo ao metrô e ao shopping, facilitando muito a estadia. Lidia é muito prestativa e sempre disposta a ajudar.",Instalaciones,0.0,Neutral ⚪
33609973,472850003,2019-06-20,6206711,Lianne,Great apartment with super comfortable bed and in a nice area of BA! The host was very responsive and even let us store our luggage for a day when we left BA for a day trip and came back. Very helpful.,Atención,0.3354166666666667,Positivo ✅
16362490,215253329,2017-11-28,77548291,Meli,"Excelente ubicación, muy espacioso departamento. Todo es justo como está en la descripción. Adriana es muy atenta, comunicarse con ella fue muy fácil y estuvo ahí muy tarde en la noche para recibirnos y entregarnos las llaves del departamento.",Instalaciones,0.0,Neutral ⚪
7428322,253442729,2018-04-14,5783324,Janine,"I highly recommend staying with Andrea.  The apartment is located in a nice and safe building at a busy street in a very safe area with excellent transportation connections anywhere.  I walked to most places, but there are buses leaving right in front of the house and the Subte (Buenos Aires subway) is just a short walk.  Even though the house is located at a very busy street, the apartment is very quiet - to the point that I slept with window open a few nights when the temperatures allowed.  The room is spacious, nice and clean.  Additionally, you have your own private bathroom which is very nice and new.  Overall, I found everything to be exactly as described, including a well functioning reliable WiFi connection.  On top of that, Andrea is a great host!  I very much enjoyed my stay.",Limpieza,0.35244769119769126,Positivo ✅
20319951,434120190,2019-04-07,222457794,Samuel,El depto muy hermoso y la ubicacion genial,Instalaciones,0.0,Neutral ⚪
1266317,69294618,2016-04-10,14910136,Michael,"We stayed about a week at Claudia's apartment and we couldn't have asked for anything more. House was clean, enough space to relax, watch tv, and cook. It was also right in the middle of everything, at the most an hour or maybe 2 hour walk to see everything in the city. 
Best of all, Claudia was immensely helpful and was able to suggest some very fun things to do based on our time and budget, and also accommodated our late check out time, even calling a cab for us when we realized we were planning on going to the wrong bus terminal and would have missed our bus otherwise. Thanks so much Claudia!",Limpieza,0.22802721088435376,Positivo ✅
839233,8914205,2013-11-25,9776190,Drew,"My overall experience was exceptional with Agustin and his family.  Their home is beautiful and centrally located, providing access to notable historic areas, shopping and public transportation.  The rooftop terrace and BBQ were also fantastic.

More than anything, the hospitality and warmth of the family were great.  It was my first time in Buenos Aires and Agustin and Maria were exceptionally helpful to me navigating my way around the City.  They were inclusive and made me feel right at home; which was so important to me.  

I would strongly recommend anyone with a desire of traveling to Buenos Aires to stay with Agustin and his family and when I return I plan to stay with them again.",Atención,0.38349206349206355,Positivo ✅
35545217,608012930,2020-02-19,23130420,Julio,"Most probably one of the best Airbnb experiences I have ever had. Diana was helpful, communicative and extremely friendly since the checking in and made my stay wonderful, never disturbing but always available, easy and quick responding. The apartment is in a brilliant location, walking distance to amazing bars and restaurants as well as transport links and green areas. Apartment is new with a very tasteful decoration and furnitures and the green balcony is pretty cool! The building is actually a dream and very secure. I will stay again and again every time I’m back in Buenos Aires.",Ubicación,0.3650279106858054,Positivo ✅
2358458,320929144,2018-09-09,155466245,Ana,Anfitriones geniales! el dpto. impecable! mejor ubicación imposible!,Atención,0.0,Neutral ⚪
33253616,527285244,2019-09-10,234820935,Leandro Nicolas,Lo mejor que posee el dto es la ubicacion y los detalle de decoracion.,Instalaciones,0.0,Neutral ⚪
958218,9026363,2013-12-02,9700927,Sabrina,"El apartamento es muy lindo, limpio, ordenado  y ubicado en un entorno muy agradable. ""Las Cañitas"" es un barrio seguro y con muchos restaurantes y bares que ofrecen un gran movimiento para salir y disfrutar de la noche Porteña.  100% recomendable!
",Limpieza,0.0,Neutral ⚪
1032254,170992367,2017-07-16,23314511,Rob,"José apt in midst of Hip, trendy, urban & super accessible Palermo (Hollywood section) of Buenos Aires. Location location location 
The flat itself is designer level beautiful and perfectly appointed at every turn. It's exactly as the photos show but better because it's 3 dimensional and human. Building is super secure. Neighbors are quiet and street below is close enough to open windows and feel the energy but apt is 4 stories above and thusly removed....
I walked everywhere for five days: everyone of my meetings and socializing. But is also easily accessible to train and public transit and uber was never more than 4-5 minutes away. Check in was simple and human and José was super responsive to any questions via Airbnb messenger. 

Palermo encompasses big parks, mixed use retail dining and lots of safe big streets to walk or run on. 
Greatest recommendation I can give is that this will be my default home in BA whenever it's available ",Ubicación,0.27249999999999996,Positivo ✅
9965476,498951268,2019-07-30,250530211,William,Good place in the centre of town,Instalaciones,0.7,Positivo ✅
33002874,547011040,2019-10-14,298755311,Yamila,Excelente atención de Tito y Karina. Muy limpio y ordenado. Nos sentimos muy cómodos y conformes. Volveremos seguramente!,Limpieza,0.0,Neutral ⚪
9527199,446882640,2019-05-02,204865540,Adetoro,"Apartamento bem localizado, próximo a duas estações de metro (10 minutos a pé), perto de um mercado Carrefour 24 hrs, padaria, cafés, restaurantes  e outros mercadinhos e frutarias mais simples. Bairro seguro e constantemente policiado (vimos várias viaturas da policia passando em diversos horários). 
Aconchegante, simples, decoração agradável, bem iluminado e organizado, porém um pouco desgastado (mas não gerou incomodo).
Flor e Nico foram bem prestativos, com respostas rápidas e sempre dispostos a ajudar. Permitiram fazer o check out no fim da tarde, mais próximo do horário do nosso voo. 
Obrigada pela hospitalidade, nos sentimos em casa!",Ubicación,0.0,Neutral ⚪
21378423,238704058,2018-02-26,92329233,Orlando,"Totally recommended!!! My first Airbnb and was exactly what I needed. Great accommodation very well located, Marcela is adorable and was very attentive. The room was perfect, cleanliness, nothing complain about, the room is exactly as described. Definitely would stay again! Thank you, Marcela!!!",Limpieza,0.377,Positivo ✅
31431268,422059097,2019-03-10,99695287,Matias,"It is perfectly locate, near subway, near bus station. Very close to turistic places. The department is beautiful, have a lot of light and is really well equipped. It also have lot of market very very close if you love to cook your own food and have the great experience of live like a local. In addition Marcela is a great and very kind host.",Ubicación,0.44842424242424245,Positivo ✅
7871905,452070562,2019-05-12,249431973,Soledad,"Hermoso PH reciclado, una joya del diseño en San Telmo, la ubicación es bacán  y esta cerca de todo y la atencion es excelente lo super recomiendo y espeor volver a hospedarme alli",Ubicación,0.3333333333333333,Positivo ✅
19925555,545551897,2019-10-12,55789187,Jacob,Very slick and brand new. Perfectly designed and great value for money!,Precio/Calidad,0.45284090909090907,Positivo ✅
12250535,98527568,2016-08-31,89105163,Daniel,"Excelente lugar, cómodo , amplio con todas las comodidades, excelente ubicación,  y el trato del dueño espectacular... recomendado 100%",Instalaciones,0.0,Neutral ⚪
129681,7377111,2013-09-17,7196995,Elis,"Luísa, é uma pessoa atenciosa e simpática que nos deu todo apoio com informações e dicas sobre o bairro e a cidade. O apartamento é moderno e limpo, muito confortável. Fica num bairro muito gostoso e tranquilo - Belgrano, com maior parte de sua área residencial, porém com tudo perto, cafés, Padaria, mercados, metrô, bons restaurantes e de fácil acesso a outros lugares da cidade, por metrô ou ônibus.
Bom para dormir e para novos descansos em Buenos Aires!
",Ubicación,0.0,Neutral ⚪
4624148,319478964,2018-09-06,41139097,Ágnes,"Gri es una persona muy amable, hospitalaria, pero también reservada. La comunicación funcionó muy bien desde antes mi viaje y durante mi estancia. Ella me ayudó mucho con informaciones útiles y arreglar mi teléfono local. El apartamento es sencillo, limpio y la habitación también. La ubicación es céntrica cerca de todo en el centro,ademas San Telmo tiene un encanto,y el apartamento es silencioso por la noche porque da al patio interior no a la calle. Única cosa para mencionar es la calefacción que sólo hay un aparato para todo el apartamento y la habitación no la tiene propia.",Limpieza,0.0,Neutral ⚪
28229129,347002667,2018-11-10,159194787,Fabián,"Lo recomiendo 1000%. Muy bien ubicado. Además, Dharma es muy amable, preocupada y atenta. Era la primera vez que compartia el depto. Y estaba un poco complicado por la convivencia... pero nada!, todo resulto perfecto! ... El lugar esta muy cerca de: parques, todo tipo de locales comerciales y de toda la locomoción colectiva (una o dos cuadra). Además me ayudo con mucha información desde antes de llegar hasta cuando me fui. Lejos el mejor lugar en que he estado.",Ubicación,0.0,Neutral ⚪
25876,21028360,2014-10-10,17577374,Chuck,"Luis made contact both e-mail and a direct telephone call. He also provided a list  of suggested places to vi. The apartment was as advertised, and the area likewise. We were familiar with the area since we had made several prior vs to Buenos Aires. It is a nice city with very friendly people.",Instalaciones,0.2604166666666667,Positivo ✅
30339776,611969027,2020-02-28,312964545,Lena,"Unser Aufenthalt war super. Daniel und Silvina haben uns mega lieb empfangen und alles gezeigt, sowie sehr viele Tipps gegeben. Die Lage der Wohnung ist perfekt, um Abends  Viertel etwas trinken oder essen zu gehen. Vor allem für junge Leute super!  Wer selbst kochen möchte, findet im AirBnB auch die passende Ausstattung dazu. 
Außerdem konnten wir Check-in und Check-out flexibel vereinbaren. Wir bedanken uns recht herzlich. Vielleicht sieht man sich ja mal wieder. Von unserer Seite aus sehr gerne !",Atención,0.42708333333333326,Positivo ✅
19379662,444843185,2019-04-28,25228285,Alfredo,"Lindo lugar bien ubicado un poco ruidoso de noche sobre todo los sábados, por lo demás todo ok!",Instalaciones,0.625,Positivo ✅
28753281,471473709,2019-06-17,162098135,Nacho,"Muy lindo apartamento, cómodo y accesible. Christian muy atento y servicial, sin duda volveremos.",Instalaciones,0.0,Neutral ⚪
21998141,424955119,2019-03-17,46167808,Alex,"I stayed in Gwenole’s apartment for 5 weeks and I really enjoyed the stay. The location of apartment is perfect - the neighborhood is among the best in the city, and is quiet enough. The major avenue with bus stops and subway station is 2 blocks away. You can find good restaurants 2-4 blocks away, and in 10 blocks you have Palermo Viejo which is a center of nightlife. Palermo parks are 10-15 minutes away by foot. Aeroparque airport is just 20 minutes away by car. 
The building is very well maintained, and has a swimming pool and a terrace. 
The apartment itself is quiet, spacious enough, and looks exactly as on the photos. 
I would definitely recommend the apartment for a long stay in Buenos Aires. 
Thanks much, Gwenole!",Ubicación,0.25078125000000007,Positivo ✅
30957644,568467134,2019-11-24,104282053,Mario,"Unsurpassed location, beautiful views and layout, easy checkin. Do not expect details or many equipment.",Ubicación,0.5944444444444444,Positivo ✅
20062,140034205,2017-03-27,7250754,Loan,"Dear Mr. Sergio (Website hidden by Airbnb) greatly appreciate your kindness and everything you have done to help my trip more comfortable and more interesting.I really like your apartment that close to restaurant, bakery shop, grocery store,... and the most important thing is the safety. I greatly appreciate the guy who you sent to your apartment to show us how to operate everything in your place. Once again I want to to say thank you very much for your help (Website hidden by Airbnb) Loan Nguyen.",Atención,0.36606060606060603,Positivo ✅
1807665,53809360,2015-11-13,11391710,Ann,"Maria and Mom picked us up from airport and drove us to her apartment. It is exactly same with the description on AirB&B: clean/tide, perfect location. Thanks Maria for the the detailed info you provided, all the quick responses and all the efforts you made to make our short stay a wonderful one!",Limpieza,0.41904761904761906,Positivo ✅
3129784,53811832,2015-11-13,29501586,Peter,"Unbeatable apartment, unbeatable location, unbeatable hosts!!

The apartment was just as it looks in the photos - cute, cosy, homely, and has everything you need for a short or long stay in BsA. The wifi was great, bed comfy, shower excellent, cable TV (not that you'll have much time to watch it with so much going on in the city), a/c, and kitchen with everything you'll need. Secure building and best of all was the balcony where you can enjoy the sun setting through the trees in the evening with a glass or four of local malbec. What I found most useful was the file packed full of restaurant recommendations, city information and general BsA tourist information (including a Lonely Planet guide) which made planning my days so easy. The hosts also provide a Subte (subway) card to make bus and subway travel a breeze.

The location in Palermo Hollywood was fantastic too. A very trendy and lively part of BsA packed with great restaurants and bars, but not so lively as to keep you awake at night. I always felt safe and loved living in a local area as locals live rather than in a hotel full of tourists in a tourist area. 

What really sets this apartment apart from the others, and the reason why I chose it, was the hosts. Before I arrived Claudia (helped by Roxana and Sandra) provided me with heaps of useful arrival information. Despite arriving late on a Saturday night after a 2 hour flight delay, Roxana met me at the door with a smile and again was so helpful settling me in and giving me tips on restaurants and things to do. During my stay the hosts dropped me regular messages to make sure everything was OK, and on checkout Sandra was even kind enough to book my airport taxi and give me a late checkout to match my late flight. Better than any hotel concierge!! Claudia, Roxana, Sandra - thanks for making my trip so easy and so memorable. I will be back!!


",Ubicación,0.31016296687808315,Positivo ✅
24735538,461951654,2019-06-01,131368827,Santiago,muy buen alojamiento.destaco la limpieza y la calidez del departamento de ani.muy buena atencion,Instalaciones,0.0,Neutral ⚪
16908196,364355978,2018-12-30,228027990,Alvaro,Excelente todo un apartamento divino con gran estilo en pleno San Telmo  Andrea  fenomenal anfitriona,Atención,0.0,Neutral ⚪
1707508,406121324,2019-01-28,28010322,Emily,"Claudia was a wonderful host, so quick to respond and helpful. She made sure that a cab was arranged for us to and from the apartment and recommended us some great spots to try. The apartment is is a cool area and super close to restaurants and bars. Would recommend.",Atención,0.5527777777777778,Positivo ✅
33587242,485299213,2019-07-10,27860641,Alexandra,"We had a perfect stay at Pame & Nico's apartment.  It is very comfortable, nicely decorated, and located in a newer building in a pleasant residential neighborhood.  Two short blocks to the A subway line which takes you right into downtown (or shopping in Caballito in the opposite direction).  Nico met us upon arrival and was very responsive to communication.  A+++++",Ubicación,0.4173809523809524,Positivo ✅
1431131,264225209,2018-05-13,1974845,Melvin,"Great place at a good spot! We stayed for four nights, used the subway a lot but also walked around everywhere as it is something we love doing. Very thoughtful of them to leave a subway card so we could start using it right away. We arrived at an unnapropriate time at check-in (3am) and they were very kind about it.
We are sure to recommend it and stay there again.",Ubicación,0.608673469387755,Positivo ✅
23744802,425933880,2019-03-19,7060531,Brad,"Rosario went above and beyond in making me feel comfortable. We discussed the history of Argentina, she was proactive in setting up communication with me, gave me tips for local necessities, etc. Really amazing!!",Atención,0.33437500000000003,Positivo ✅
29514617,586990345,2020-01-02,1760411,Sabrina,"My husband, baby and I stay at Francesca's place during a month in December. The place is extremely well located in a beautiful area of the city. It also has the advantage of featuring a big supermarket within 100 mts of distance. Francesca was a great host, very responsive and it accommodate it our check-in time as much as possible. The flat is well equipped and spacious. It has air-conditioner in the living room area, which is extremely useful in the hot summer days in Buenos Aires. Unfortunately, it does not have any fan or air-con in neither of the two bedrooms.",Atención,0.175,Positivo ✅
34094120,452997836,2019-05-14,45970870,Gabriela,"Miguel fue super amable. Le hice la reserva a mi madre y tía, volvieron encantadas con la amabilidad y respuestas rápidas. Muy recomendable.",Atención,0.3333333333333333,Positivo ✅
3903094,37055719,2015-07-04,13174107,Miriam,"Es war phantastisch! Wegen eines Streiks kamen wir 4/5 Stunden später als verabredet (mitten in der Nacht) an und Fernando hat die ganze Zeit auf uns gewartet, um uns in die Wohnung zu lassen!!!

Tausend Dank, Fernando, wir wären auch in ein Hotel gegangen. Tausend Dank.

Die Wohnung ist wunderschön und total gut gelegen. Es gibt nette Lädchen, man kommt zu Fuß zum Spielplatz im Parque Lamaze, man kann beim Desnivel spitzenmäßiges Fleisch essen und niemand ärgert sich über Kinder. ",Atención,0.0,Neutral ⚪
379839,366316723,2019-01-02,148209449,Gail And Rob,"Claudia’s apartment is excellent, great setup, very clean, everything we needed, kitchen well equipped, great location, great communication between Claudia and us. Highly recommended.",Limpieza,0.6727777777777778,Positivo ✅
33036300,583947006,2019-12-29,9918997,Oscar Dario,"excelentes anfitriones, ya repeti por tercera vez y seran mas",Atención,0.0,Neutral ⚪
29061108,506440722,2019-08-10,65172933,Laurent,"Departamento moderno, con vista espectacular, tranquilo y bien equipado. Atención rápida, amable y precisa. Altamente recomendable !",Atención,0.0,Neutral ⚪
32049309,416894126,2019-02-25,216695175,Bernadette,The host canceled this reservation the day before arrival. This is an automated posting.,Atención,0.0,Neutral ⚪
26559891,446001341,2019-04-30,46394672,Gilles,Lorena fue muy tarde. Nos encontramos a las 19 y cuarto y esperamos 1 hora sobre la lluvia sin comunicar. No disculpo y nada. El departamento es bastante bien y la ubicacion es genial,Instalaciones,0.0,Neutral ⚪
4565676,28537792,2015-03-25,1205478,Gaby,"Diego's flat is amazing ; ideally located in the city centre, comfortable, functional and with everything you need. The flat has air con, a very comfy bed with a very cool relaxing light, and lots of channels on the TV if you're tired after a long day walking/visiting. 
The flat is 10 mins walk from Plaza de Mayo (which is the main square), the area feels very safe, and there are lots of bars & restaurants nearby. We also did a walking tour which leaves right below the flat !
Diego is a very nice guy, he waited for us when we arrived and came back before we left to say goodbye and to check if everything went well. I would really recommend this flat without any hesitation ! have fun in Buenos Aires :)",Ubicación,0.23863095238095242,Positivo ✅
910751,453310122,2019-05-15,32036624,Brendan,"A great spot in the heart of San Telmo.
Comfy bed, clean, spacious. Also Nora speaks clearly and slowly (for an Argentine).
I'd stay again and I recommend it.",Limpieza,0.2416666666666667,Positivo ✅
10583375,348594758,2018-11-14,50132410,Jonathan,"We had an enjoyable time in your apartment. It was clean and well appointed. We found it comfortable, bright, light and airy. Lots of room to spread out and the balcony was an added bonus, to have an outside space without having to go outside. Great to have lots of seating and a good-sized dining table. 

The bedroom was comfortable and the dressing room great, too; good use of space. Lots of storage. The bathroom was lovely, but we did have an issue with the water not flowing in all 3 areas at, sink, bidet and shower.

The kitchen was clean and had everything we needed, but unfortunately couldn't keep the oven lit. We liked that there was washing up liquid and cloths, but it would have been nice to have a 'welcome pack' of water, bread, butter, juice --  just to get started.

We were glad of WiFi, which came with perfect instructions in case it went down.

We would have preferred the TV downstairs; in any case we were unable to get the remote control to work properly.

It might have been good to have a book detailing where the local bakery, greengrocer, bank and supermarkets were, as well as local restaurants walking distance or further away. 

We loved the fact that the apartment was essentially a complex with great amenities and a beautiful pool, gardens, coffee shop. And it felt safe as the back and front entrances were gated and controlled by staff all day. We found that there was a gym area and sauna, too.

We have family in Buenos Aires and it was a perfect location; we would return to the apartment again on our next visit.",Limpieza,0.35507936507936505,Positivo ✅
39968044,566053321,2019-11-18,84757936,Richard,Todo se dió de acuerdo a lo pactado. Muy buena ubicación y el departamento está de acuerdo a lo que se ve publicado en las fotos.,Instalaciones,0.0,Neutral ⚪
4494105,576785936,2019-12-14,139477905,Claudia,Angie es una excelente anfitriona,Atención,0.0,Neutral ⚪
22958371,272539301,2018-06-03,87590290,Kylie,"The location is perfect!  My friend and I booked 'The Argentine Experience' for dinner at the last minute, and it just so happened to be a 15 minute walk from here.   So many choices for wining and dining in this neighbourhood.   The apartment has everything you need and a very comfortable bed!  
I would definitely stay here again.  
Thank you!",Ubicación,0.43,Positivo ✅
21325297,407224815,2019-02-01,109000475,Jo,"Studio muy bien ubicado en el límite entre Recoleta y Palermo, zona tranquila y cerca de todo (shopping, cafés, bares, supermercados) y comunicado con el resto de la ciudad. Lindo balcón a la calle. Silvia es muy atenta y Eugenio también. Hacen muy fácil el ingreso y salida y siempre están disponibles para atender cualquier necesidad o consulta. Recomendable!",Ubicación,0.0,Neutral ⚪
9650216,354043166,2018-11-30,3092307,Eric,"A gem in Recoleta perfectly located for moving around the city, or using the gym, pool, sauna for downtime.  Friendly hosts and the building staff is polite and service oriented. Glad I stayed and I will return again if the apartment is available!",Atención,0.59375,Positivo ✅
22185898,256735195,2018-04-23,14892795,Nelsuely,"Não conheci o Fernando pessoalmente, mas ele estava disponível e respondia às mensagens prontamente. Foi muito solicito e amável se colocando à disposição todo o tempo de nossa estadia.
A localização é excelente. Bairro delicioso com vários restaurantes ótimos perto, e tudo o mais, como farmácia e supermercado.
Só uma observação: o  sofá cama é de solteiro, rsrs... acomoda bem uma criança ou um adulto de estatura média para baixa. Ah... e a rua é bem barulhenta. Se você necessita silêncio total à noite, é complicado. Como isso não me incomoda, me hospedaria novamente!",Instalaciones,0.025,Neutral ⚪
12229786,85531411,2016-07-11,39941537,Walter Guillermo,"Muy buena ubicacion del departamento. Excelente el trato de Maria Pia, tanto antes de entrar al departamento como en la estadia y muy cordial y expeditiva en las soluciones que tuvo que tomar. El departamento no solo que es igual a las fotos, sino mejor !!! Muy bien cuidado y acondicionado, y de excelente limpieza cuando llegamos. Muy completo en utensillos de cocina. Sabanas, frazadas y cubrecamas impecables ! Nos hemos sentido muy bien en nuestra estadia en el departamento. Muchas Gracias Maria Pia !!!",Instalaciones,0.0,Neutral ⚪
983893,7402508,2013-09-18,5137884,Francisco,"The apartment was wonderful. It couldn't have been in a better location. It's in a great neighborhood surrounded by great shops and restaurants a few blocks away. Public transit was very close as well. The check in and check out process was very easy and flexible. I highly recommend this apartment. 

We had originally planned on booking some beds in a hostel but this ended up being almost the same cost but with so much more value. Staying in an apartment in such a great neighborhood added so much to the experience. I said it before but i'll say it again I highly recommend this apartment. ",Ubicación,0.36614583333333334,Positivo ✅
910282,17808475,2014-08-17,11673691,Sofia,La verdad todo genial!! Maria y Bernardo super amables! Volveremos! ,Atención,0.5208333333333333,Positivo ✅
14404868,309641292,2018-08-18,13833749,Elsa,"El lugar es cómodo y agradable, buena la ubicación",Instalaciones,0.0,Neutral ⚪
11544825,208237515,2017-10-31,79477637,Rodrigo,Lucas un excelente anfitrion con mucha disponibilidad y amabilidad.,Atención,0.0,Neutral ⚪
25714432,412777397,2019-02-16,63776669,Louison,Great place to stay. I recommend. The street en the front is a little bit noisy but it’s good location.,Ubicación,0.4375,Positivo ✅
747170,445995581,2019-04-30,164113366,Beatriz,"I stayed at this place for a month and loved everything about it. The place is as described: large and comfortable. The kitchen was well equipped, the bathroom had great water pressure, the WiFi worked like a charm, there’s lots of natural light. The location is great too. As other reviews have noted, the elevator makes a loud noise, but you’re never going to find a place in Buenos Aires that is 100% quiet.",Ubicación,0.33892857142857147,Positivo ✅
880694,97729681,2016-08-28,48627228,Santiago,"Muy agradable la estancia donde Juan y su madre, la habitación es tal como lo menciona el anuncio, muy independiente de la casa. Todo muy limpio y en un barrio perfecto para tomarse alg. Definitivamente recomiendo su lugar",Limpieza,0.0,Neutral ⚪
32200510,505581586,2019-08-09,54384515,Cassia,"A Laura foi uma excelente anfitriã! Rápida nas respostas e muito prestativa. O apartamento superou nossas expectativas! Limpeza bem feita, cama confortável, roupas de cama e banho muito cheirosas, Wi-Fi de qualidade, os utensílios da cozinha nos serviu muito bem, boa localização, e além de tudo, ela teve o cuidado de nos disponibilizar sachês de chá, bolinhos, frutas e kit de amenidades (shampoo, condicionador, sabonete, algodão). Achamos maravilhoso todo esse cuidado da Laura com seus hospedes!",Instalaciones,0.0,Neutral ⚪
1398391,84004230,2016-07-05,6342642,Lawrence,Fantastic apartment in a superb area with a great view. Claudia was extremely helpful in getting me set up in the apartment and also letting me know about things to do and places to eat in the local area. ,Atención,0.41500000000000004,Positivo ✅
1231715,109897793,2016-10-23,31077822,Geraldine,"The apartment is sophisticated and cozy, located in a great neighborhood with easy access to public transportation and near plenty of shops, bars and restaurants. Absolutely recommendable! ",Ubicación,0.2690476190476191,Positivo ✅
763207,3015665,2012-12-03,4055519,Jane,"The apartment was beautiful and full of light, and it was fantastic having a private terrace. Mariano was a kind and attentive host, answering all e-mails promptly, providing information on the area and always punctual. The area is lovely, although a little further away than I had thought looking at the map. ",Atención,0.33125,Positivo ✅
17863394,314946509,2018-08-27,29569187,Ariel,"El departamento de Guillermina es una excelente opcion por varios motivos: esta equipado con todo lo necesario, es tal cual el aviso, la ubicacion, y ademas la predisposicion y cordialidad que tuvo Guillermina para realizar el check in/ check out y para resolver mis consultas. Sin dudas volveremos.",Atención,0.0,Neutral ⚪
7225398,209924362,2017-11-06,150959329,Caro,"Excelente todo, hermoso lugar y muy amables los chicos. Volvería sin dudarlo.",Atención,0.0,Neutral ⚪
1052597,52351354,2015-10-28,8085594,Jaime,Beautiful flat... Perfect location... Excellent hosts... We loved it!,Ubicación,0.74,Positivo ✅
28780218,595515724,2020-01-20,327715110,Aksel,"Hermoso lugar, muy cerca de los lugares mas lindos de Palermo!",Ubicación,0.0,Neutral ⚪
29059806,573221305,2019-12-05,168038922,Yuliana,"Excelente todo, tal cual figura en la publicación. Ellos súper amables nos dieron la posibilidad de acomodar nuestros horarios. Muchas gracias!!! Excelente ubicación. Volvería sin dudas..",Atención,0.0,Neutral ⚪
3505922,125213186,2017-01-04,93753855,Ron,Everything was as promised.  Good comfortable flat   Location was very good ,Ubicación,0.49625,Positivo ✅
15864355,446048932,2019-04-30,2854121,Karis,"A true delight. A beautiful space that allows you to be social and also enjoy nature on the roof. While in Palermo, it was a calm place. I really was spoiled. It was wonderful getting to know the hosts and spending time in BA. Thanks so much.",Atención,0.3925925925925926,Positivo ✅
1964505,33410788,2015-05-27,2301332,Veronica," muy grata experiencia. Camas cómodas, espacio, tranquilidad. Todo muy limpio. Sin dudas, nos encantaría volver. El barrio es muy animado, con restaurants pequeños y accesibles y tan sólo 100 mts del  Mercado de San Telmo. 
Nos sentimos como en casa.",Limpieza,0.0,Neutral ⚪
42450,157615117,2017-06-04,53317728,Cate,"A lovely apartment, close to cafes and restaurants. An easy walk to other areas of Buenos Aires of interest to a tourist. Grisel was available to answer questions or assist when needed, which was appreciated.",Ubicación,0.2816666666666667,Positivo ✅
18354301,220451854,2017-12-22,13613420,Jean Luc,"L'appartement est très agréable et la terrasse un must il est central et près des transport en commun. L'accueil de Ramiro est parfait, il est à la fois réactif et donne des conseils très avisés lors de l'accueil sur ce qu'il faut visiter. L'unique bémol est la robinetterie de la salle de bain qui meriterait d'être ""rajeunie"".",Instalaciones,0.1875,Positivo ✅
11303697,269599704,2018-05-27,102750646,Daiana,"Excelente ubicación, sobrio y limpio departamento, excelente trato de los anfitriones",Limpieza,0.0,Neutral ⚪
1164001,189394491,2017-09-01,110621911,Pablo,"Giselle fue una excelente host que siempre respondió de inmediato todas nuestras consultas. Nos dio la posibilidad de adelantar el ingreso, de lo cual estamos muy agradecidos. 
El departamento está en un edificio muy bien ubicado en pleno Palermo, a 4 cuadras del subte/bus. Las fotos se parecen mucho a la realidad. 
El único punto a mejorar es la limpieza que no fue impecable pero tampoco lo hemos reclamado oportunamente.
Tuvimos una muy buena estadía, y recomendamos el departamento sin lugar a dudas.",Ubicación,0.0,Neutral ⚪
27812158,348368756,2018-11-13,92548574,Mauricio,Vale la pena este depto. Buena ubicación y condiciones del alojamiento en gral.,Instalaciones,0.0,Neutral ⚪
32106563,442021534,2019-04-22,122357855,Mari,"El apartamento de Alejandrina es hermoso, incluso más lindo de lo que se puede apreciar en la foto! Super cómodo con todo lo que uno puede necesitar en su estadía.
Muy cerca de grandes puntos de interés, buses y subte.
Santi y yo quedamos muy contentos, sin duda volveremos!!",Ubicación,0.5208333333333333,Positivo ✅
19403216,314892398,2018-08-27,77808248,Victoria,"El alojamiento es hermoso, calentito para esta epoca y muy seguro.
La ubicación excelente y muy tranquilo el barrio para hacer todo.
Las chicas de limpieza son super amables y respetuosas.
Si tenes algun inconveniente enseguida te lo solucionan.
Y algo para resaltar... por la ventana entra un sol hermosooo.


",Ubicación,0.3333333333333333,Positivo ✅
28564821,567791751,2019-11-23,147267995,Ana Julia,"El departamento es excelente, muy bien equipado, cómodo. Buenas condiciones de limpieza. Tiene además excelente ubicación. Muchas comodidades para el check in, con una comunicación de fácil acceso con el anfitrión. Muy recomendable.",Atención,0.0,Neutral ⚪
1460195,15569916,2014-07-12,11389242,Dinah,"Going back to the middle of the action apartment after a few days in the Iguazu Falls in Argentina was like coming back home. Graciela the housekeeper had the place absolutely spotless! Over all my 22 days stay in Argentina with my 8 year old daughter and my mother at Maria Ines' place was my home away from home! I strongly recommend this apartment. It is really in the middle of the action, big, modern, comfortable, with lots of light, and spotless!. I will come back to this place every time I visit Buenos Aires!",Instalaciones,0.13177083333333334,Positivo ✅
19624672,342776766,2018-10-29,221701393,Gladys,"Excelente ubicación, y calidez en el alojamiento. Muy conforme.",Instalaciones,0.0,Neutral ⚪
9635295,103514550,2016-09-23,5324766,Gustavo,"El departamento era muy lindo y comodo. La ubicacion excelente, cerca de todo!!! el edificio cuenta con seguridad las 24 hs y son super amables. Barbara estuvo muy predispuesta a ayudarnos todo el tiempo. Super recomendable",Ubicación,0.3333333333333333,Positivo ✅
28779545,471514991,2019-06-17,72719133,Juan Pablo,"Gran alojamiento! Excelentes condiciones, buena ubicación cerca del subte y muy buena atención de Mirtha.",Ubicación,0.0,Neutral ⚪
19194945,254397792,2018-04-16,42421631,Cindy,"Diego nos recibió con mucha paciencia a pesar de que llegamos más tarde de lo presupuestado y siempre se mostró atento y disponible para resolver cualquier duda o inconveniente. 

El departamento es increíble y cumplió con todas nuestras expectativas. El barrio es muy lindo y tiene varios locales cerca para salir a comer o tomar algo. Además, está cerca de lindos parques y paseos.",Ubicación,0.0,Neutral ⚪
22117104,420399911,2019-03-06,213307864,Angeles,"Amplio, cómodo, impecablemente limpio. Buena comunicación con German. Excelente todo!! volveremos.",Limpieza,0.0,Neutral ⚪
6477771,618517839,2020-03-15,67526171,Jens,"Nice flat, very good location with loads of restaurants and bars around. Just a short walk to public transport. 
The kitchen has all that was necessary and Marcos was super attentive and easy to contact. 
Incredible view from the rooftop pool. 

Slight downside was that the bed had two separate mattresses, so was not the best to sleep as a couple.",Ubicación,0.36541666666666667,Positivo ✅
910751,16341120,2014-07-26,14557290,Matt,"Nora was a great host. She was always friendly and happy to give a local's perspective on things to do and see in Buenos Aires. The apartment is small, but cozy, and has a simple, but functional kitchen. It was an excellent home for the 3 1/2 weeks we spent in Argentina. The location is excellent! It's close to a lot of historic sites in Buenos Aires and it's 4 blocks from the subway, which gives you quick access to many different areas of the city.  ",Ubicación,0.3041666666666667,Positivo ✅
2255754,29440550,2015-04-07,29390019,Geoffrey,"Fabian was an absolutely wonderful host who helped me with, amongst other things, organising transportation from the airport and changing pesos before I arrived. The apartment was perfectly located near the bars and shops of Palermo Soho in a beautiful old building with high ceilings and period features. Despite being so central, it's incredibly peaceful at night and has practically every amenity you'd need. Couldn't recommend this apartment highly enough.  ",Ubicación,0.3335,Positivo ✅
10191100,318792637,2018-09-04,1034186,Jay,Perfect place.  Great location.  Studio is better than hotel option.  Hosts are very accommodating and friendly.,Ubicación,0.575,Positivo ✅
40704487,589656471,2020-01-06,216223797,Dani,"Nos quedamos un fin de semana para disfrutar de la pileta, super tranquilo y ameno todo. Pablo es muy amable y servicial, siempre atento a nuestras consultas. Volveremos!!",Atención,0.5208333333333333,Positivo ✅
15079438,438376443,2019-04-16,6590667,Michaela,"Tatiana was very responsive and provided great recommendations. The place is as pictured, but not as bright or polished as the professional photos (for example towels are wearing a bit). 

While we really appreciated the hosts, I don’t think we would stay again because we found the apartment to be verify noisy due to poor sound insulation — street noise, pool deck noise (directly above the apartment) and in apartment noise like the elevator and doors closing kept us up at night. Additionally we found ourselves spending more time in Palermo Soho than Palermo Hollywood, so the location was not quite as good for our preferences.",Limpieza,0.27954545454545454,Positivo ✅
780906,125377808,2017-01-05,97420714,Liliana,"Bellissimo appartamento. Le fotografie sono fedeli alla realtà. Il quartiere è molto ben servito.  Massima cortesia del host. Purtroppo la piscina era molto affollata e non abbiamo potuto goderne come desideravavamo.
La pulizia non è stata soddisfacente e le camere sono molto rumorose.
",Atención,0.0,Neutral ⚪
13978477,449362065,2019-05-06,41974595,Agustina,"Excelente experiencia. El apto es hermoso: completo, limpio, cómodo, muy bien ubicado, muuucho más lindo que en las fotos. 
A destacar la buena onda de Diego y Vanesa, tanto cuando llegamos y nos retiramos como en el correr de la estadía. ¡Definitivamente volveremos!",Limpieza,0.0,Neutral ⚪
2344461,220256487,2017-12-21,26494711,Jovana,Very good location and super easy communication with the hosts!,Ubicación,0.595,Positivo ✅
729097,61086576,2016-01-31,28585771,Nuno,"The flat is very well located and everything is very well prepared by Tiffy! Near by there are supermarket, several bus and the subway. Palermo is in a walking distance. 
Tiffy is an awesome host... The flat was super well prepared, clean and organised. Tiffy is very flexible with the check in /out and that was great for me. I highly recommend this flat for everyone who wants to stay in Buenos Aires ",Limpieza,0.25250000000000006,Positivo ✅
15971358,614221660,2020-03-04,136397726,María Ignacia,"El apartmento es bueno, pero los barrios al lado no son bonitos y tambien son peligrosos.",Ubicación,0.0,Neutral ⚪
6108001,567401507,2019-11-22,277626447,Emanuel,"Ficamos 11 dias no apartamento, localizado na Avenida Cordoba. Tal avenida é extremamente centralizada, pois fica a poucos metros do Obelisco e da rua Florida (onde fica as Galerias Pacífico e diversos pontos de câmbio  para alguma urgência financeira). Fomos a pé para o Puerto Madero e chegamos em 25 minutos de caminhada no restaurante. É muito perto. Para lugares distantes, o apartamento fica a uma quadra da 9 de julho, onde podemos pegar diversas linhas de onibus e pegar também o metro.  Pegamos taxi de madrugada... De ônibus fomos desde o Caminito até o Bairro de palermo (extremos da zona turistica da cidade). A Rolly é uma simpatia e junto com os zeladores Glória e Ramon nos deram grande tranquilidade. Os relatos sobre o elevador são exagerados, não incomoda nada. O chuveiro é excelente. A cama muito gostosa. Voltaria com certeza.",Ubicación,0.0,Neutral ⚪
8059400,415023948,2019-02-21,56515236,Tamara,"Florencia's apartment was spacious, clean, gorgeous, and quite stylish. The neighborhood Palermo Hollywood is also amazing and has lots of restaurants and shops nearby, and has a lot of charm. I loved the duplex layout with a balcony. The terrace was very private and included a little pool (more like soaking tub) with an outdoor shower. Florencia included basics like salt/pepper, oil, coffee, and even cookies to welcome us!  It was very relaxing and perfect for 3 of us, and I would definitely recommend this apartment!  We really enjoyed our stay =)",Limpieza,0.45565476190476195,Positivo ✅
29791765,613645101,2020-03-02,46180505,José,"The apartment is awesome, very well located, brand new, super clean.

Carolina is very warm and an outstanding host

I totally recommend it!!!

Thanks for all.",Limpieza,0.3907070707070707,Positivo ✅
15282113,253915603,2018-04-15,24124462,Manuel,"Excelente ubicación, lugar muy cómodo con estacionamiento cerca muy económico. Flor es un encanto, y el departamento es tal cual se ve en las imágenes. Súper recomendable. ",Ubicación,0.0,Neutral ⚪
29680750,425077660,2019-03-17,173703813,Camila,"El departamento se encuentra en una excelente ubicación. Las fotos demuestran tal cual es, el problema es que los dos baños tenían distintas pérdidas de agua, y las almohadas de la cama realmente un papel... muy incomodas. El resto todo perfecto. Gracias por tu buena onda Mar!",Instalaciones,0.0,Neutral ⚪
22525201,407535517,2019-02-02,99811536,John,I would recommend this place for the any one.,Instalaciones,0.0,Neutral ⚪
7428322,135839436,2017-03-06,21092979,Frank,"Andrea's home was as lovely as our conversations. The apartment is in a beautiful old building, with wonderful food and beverage all within a couple of blocks. The living room is flooded with great natural light, and the art around the apartment was so unique and fun. I definitely recommend a stay here if you're looking for a place in Palermo!",Instalaciones,0.4425,Positivo ✅
25536420,312467745,2018-08-23,115299430,Maria,"O espaço é muito bom, confortável e limpo. A localização é excelente, muito próximo a paradas de ônibus e metrô. A varanda com vidros duplos não permitem muito barulho da rua. Veronica foi muito amável e nos tirou  todas as dúvidas de imediato.",Ubicación,0.0,Neutral ⚪
28353650,425578183,2019-03-18,245201587,Leonardo Mario,depto amplio bien cuidado y limpio. ubicación muy buena,Limpieza,0.0,Neutral ⚪
24575980,589634534,2020-01-06,200131511,Roberto,Its a very nice place at a very good location,Ubicación,0.845,Positivo ✅
33251211,602289796,2020-02-06,139204455,Oscar,The host canceled this reservation 4 days before arrival. This is an automated posting.,Atención,0.0,Neutral ⚪
5803809,127565137,2017-01-19,107923516,Ralf,"Schöne Wohnung in einer angesagten Gegend mit vielen Bars und Restaurants.  Wir hatten das kleinste von vier Zimmern, die anderen sind etwas komfortabler. Die Dachterrasse ist super! Die Gastgeber sind sehr nett und hilfsbereit.",Instalaciones,0.41666666666666663,Positivo ✅
18926488,547026648,2019-10-14,227451334,Gabriel Mauricio,"Tive uma ótima estadía, o apartamento é lindo e aconchegante. Me sentí súper a vontade e fui tratado com muita atenção.",Instalaciones,0.0,Neutral ⚪
24735538,407241501,2019-02-01,170281240,Natali,Aceptable .,Instalaciones,0.0,Neutral ⚪
13167293,423540781,2019-03-14,6183229,Fernando,"Excelente anfitrión, siempre atento a nuestras necesidades y dispuesto a responder a nuestras dudas. El departamento es cómodo y está bien equipado, aparte de tener una ubicación excelente.",Instalaciones,0.0,Neutral ⚪
68868,2378652,2012-09-23,2614635,Michael,"We stayed for a week and loved every minute of it. If you're coming to BA then I'd highly recommend staying in Palermo, especially for first time visitors. 
The apartment was beautiful, extremely well maintained and in a fantastic part of Palermo. As a host, Ralf couldn't have been nicer or home helpful, a true gentleman! ",Atención,0.3340625,Positivo ✅
24151182,569058800,2019-11-25,38961512,Lauren,Beautiful apartment in a great location with lots of local restaurants and parks.,Ubicación,0.5499999999999999,Positivo ✅
5988119,85649189,2016-07-12,69494903,Chloé,"Claudia was very welcoming, and attending! The room and bathroom are spacious and clean, just perfect! The appartement well located, so everything was really good!! Thankyou so much :)",Limpieza,0.5527777777777778,Positivo ✅
21914456,215935826,2017-12-02,110913520,Claudia,"Claudia went the extra mile. We can’t speak Spanish so she brought her English speaking son to meet us. She and her son were so lovely and welcoming. The place was very great value for money. Modern, clean and tidy, in a great location",Limpieza,0.3851851851851852,Positivo ✅
37359153,564322487,2019-11-15,217762575,Kathleen,"Departamento muy cómodo para 2 personas, con excelente ubicación. Cristian es un excelente anfitrión, atento y dispuesto a ayudar siempre.",Instalaciones,0.0,Neutral ⚪
10908632,581667289,2019-12-25,1980625,Valeria,"Paula is a fabulous hostess. My plane was delayed and she was understanding and accommodating . When I extended my trip by 2 days, she moved things around to extend my reservation. 

The studio is ideally located, near transportation, great restaurants and shops. It’s  in a two story building facing an inner courtyard in the back so it’s extremely quiet . The bed is super comfy and I slept like champ. I will definitely be back.",Ubicación,0.2814814814814815,Positivo ✅
32070122,436602822,2019-04-13,14001443,Romina,"Hermoso departamento en Villa Urquiza. Justo lo que necesitábamos para pasar unas vacaciones cerca de la familia. Todo estaba listo para alojarnos, muy limpio y ordenado. Para ser perfecto le faltaría un microondas, un lavarropas en funcionamiento, y la posibilidad de utilizar la parrilla del balcón. Todo lo demás excelente. Muchas gracias.",Limpieza,0.0,Neutral ⚪
4479962,409328558,2019-02-07,226011389,Mariaines,Agradable lugar! Buena comunicación con Elena y muy atenta! Todo lo necesario a mano! y el apartamento está ubicado en un sitio estratégico así como buen precio,Precio/Calidad,0.0,Neutral ⚪
2830599,60981057,2016-01-30,21490519,Cristobal,Muy amable y atenta con lon referente al arriendo.,Atención,0.0,Neutral ⚪
38845208,573200016,2019-12-05,139439637,Flavia,"Santiago excelente anfitrión, pendiente de nuestras necesidades, atento y flexible. Departamento amplio, luminoso, bien ambientado y equipado. Buena ubicación, estaciones de subte y otros transportes a un paso. Lo recomiendo!!!",Instalaciones,0.0,Neutral ⚪
729097,9326432,2013-12-21,7841781,Victor,"Perfect. Host was there in time for both check-in, check-out. Apartment was tidy and clean, and with a lovely temperature!

Recommended.",Limpieza,0.6479166666666667,Positivo ✅
27314102,581625218,2019-12-25,227137637,Mirna,"Apartamento excelentemente ubicado, estación del sub a 3 cuadras, en la Av. Sta. Fe,  una de las av. Más transitadas. Muchos lugares cerca para Vivitar. Super mercado Coto al cruzar la calle.  Lo recomiendo.",Ubicación,0.3333333333333333,Positivo ✅
26603356,474765474,2019-06-23,103030058,Luciano,"Muy buena ubicación. Muy recomendable el departamento y servicios del edificio.muy amables los propietarios y atentos a responder las inquietudes.
Desafortunadamente fuimos victimas de un robo a nuestra camioneta(aclaramos q nada tienen q ver los propietarios) pero si sugerimos dejar sus vehículos en alguna de las cocheras cercanas, ya q pasamos un mal momento creyendo en la palabra de los conserjes del edificio que de forma muy determinante nos sugirieron dejar la camioneta en la calle alegando ser una zona muy segura.",Ubicación,0.0,Neutral ⚪
33253616,533354757,2019-09-21,212842782,Yomaira,"El depto es impecable, lindo y cómodo, la ubicación es excelente. Jonathan estuvo siempre atento a las dudas, y respondía super rápido. De hecho le hicimos solicitudes y siempre estuvo dispuesto a ayudarnos. No tengo nada más que decir, sino agradecer por una estadía estupenda...",Instalaciones,0.3333333333333333,Positivo ✅
2389447,47391301,2015-09-18,19988311,Veronica,"Look no further ! It is more beautiful in person than in pictures! This apartment is the best you can find in Buenos Aires. It is decorated with impeccable taste . Like something out of a magazine. Violeta has thought of every detail to make it a home away from home. It has an exquisite library for both adults and children . Not just any apartment for rent , it is a home that was lived with love in you'll find everything you need to cook , entertain and feel at home. It is in a very quiet street, just steps from the Avenida Las Heras. Get to know the most beautiful areas of the city on foot or by bus. Violeta is the best hostess in the world. In the apartment you can feel her sweetness , elegance and good energy.

No busques más! Es más bonito en persona que en las fotos! Este es el mejor departamento que puedas encontrar en Buenos Aires. Está decorado con un impecable gusto. Parece sacado de una revista. Violeta ha pensado absolutamente todos los detalles para hacerlo un hogar lejos de casa. Tiene una exquisita biblioteca, tanto para adultos como para niños. No es cualquier departamento en alquiler, es un hogar que fue vivido con cariño en el que encontrarás todo lo que puedas necesitar para cocinar, entretener y sentirte en casa. Está en una calle muy tranquila, a solo pasos de la Avenida Las Heras. Podrás conocer las zonas más bonitas de la ciudad caminando o en autobús. Violeta es la mejor anfitriona del mundo. En el departamento se pueden sentir su dulzura, elegancia y buena energía.  ",Ubicación,0.6749999999999999,Positivo ✅
10191100,63269325,2016-02-21,36613204,Daniela,"Muy buena atencion, el depto diez puntos, la ubicacion fantastica, recomendable 100%",Instalaciones,0.0,Neutral ⚪
25972961,583313693,2019-12-28,189240230,Harry,This apartment is located in a lovely neighborhood. I really enjoyed my stay here!,Ubicación,0.5625,Positivo ✅
31507276,512641320,2019-08-18,81511620,Ivan,"Very clean, stylish, has outstanding amenities. Would highly recommend!",Limpieza,0.4191666666666667,Positivo ✅
821921,112516072,2016-11-06,21129599,Gi,"Even though I was not able to meet Cristina, I had no problems at all staying at her place. The lady, Fiodella, takes care of the place quite well and she is absolutely great! I will miss her so much!! Hope to stay here for my next visit in BA xxx",Instalaciones,0.265625,Positivo ✅
20173274,366371177,2019-01-02,185906110,Alexandre,"Fomos muito bem recebidos, o apartamento é muito bom e muito bem localizado. Bairro tranquilo, com mercados próximos, e acesso a trem. A Alejandrina deixa várias opções de tele entrega e nos indicou bons restaurantes. Super indico",Instalaciones,0.3333333333333333,Positivo ✅
7744724,421034759,2019-03-08,2513498,Jane,"We enjoyed our stay! We loved the neighborhood and all the dining options close by, the building felt safe and secure and it was nice to have the wide open view. Marcos was very kind and helpful.",Ubicación,0.438125,Positivo ✅
33899671,583939370,2019-12-29,279032540,Francisco,"Buen lugar muy lindo y cómodo.  Super luminoso el espacio. 
La ubicación excelente.",Instalaciones,0.3333333333333333,Positivo ✅
15936953,351617375,2018-11-23,203394942,Rolando,"Excelente ubicación, Anahí muy buena onda y preocupada de los detalles. Grata estadía.",Instalaciones,0.0,Neutral ⚪
23407255,347543442,2018-11-11,1410179,Manuel,Great space in a fantastic location. Just like advertised. Excellent all around!,Ubicación,0.7333333333333334,Positivo ✅
35702527,607189640,2020-02-17,160063904,Evelin,Muy bueno todo. Excelente ubicación,Instalaciones,0.0,Neutral ⚪
21567282,598003086,2020-01-26,74366780,Carolina,"Nós tivemos um grande problema. Eles fizeram de tudo para tentar solucionar, mas não deu muito certo. Acho que pode ter sido algo pontual porque não li nenhum comentário negativo. Quero dizer que deve ter sido um azar nosso. Fora isso, o apartamento é exatamente como nas fotos, a varanda é grande, a localização é ótima, a comunicação com os proprietários é excelente. O preço é muito bom, acho difícil achar algo com melhor custo X benefício.",Instalaciones,0.0,Neutral ⚪
1711543,18459287,2014-08-26,17981280,Sonya,"We arrived an hour late since the boat from Colonia was delayed. David was still at home to greet us and gave us useful tips around the neighborhood. His roommate, Mike, was also very helpful.
The place was much better than we expected. It has an gas fire place in the living room which is not mentioned in the description. It is as good as the real fire place. 
You have access to the rooftop so if you'd like to make assado, you can use his BBQ grill as well.
It is very spacious and David is really nice and willing to accommodate in every way possible. He works at home most of the time so if you need help, you can ask him right away. 
We love his place and we would love to come back here again.",Ubicación,0.27098214285714284,Positivo ✅
23626720,359194706,2018-12-16,4263260,Mia,Max was a great host! The communication was super easy and the apartment is beautiful. I would definitely come again.,Atención,0.5233333333333333,Positivo ✅
33803939,582119752,2019-12-26,239635277,Victoria Eugenia,"El departamento es precioso, tiene todo lo que necesitas, está en una zona increíble porque no te falta nada cerca. Tenes transporte público casi que en todas las esquinas. Es increíble y silencioso. 100% recomendado.",Ubicación,0.0,Neutral ⚪
84033,54698799,2015-11-23,24930875,Mark,"Great apartment and great location.  Everyone was accommodating to my plans, great stay.",Ubicación,0.8000000000000002,Positivo ✅
10175840,131079728,2017-02-10,111187168,Jairo,"La verdad el departamente hermoso impecable fue muy lindo la estadia graciasss
",Instalaciones,0.0,Neutral ⚪
41348034,595531775,2020-01-20,327208072,Franco,Diego es muy atento y el espacio cuenta con muchos detalles bonitos. La ubicación es genial y el espacio cumplió con todas nuestras necesidades. Muy recomendable.,Instalaciones,0.0,Neutral ⚪
30271054,551681312,2019-10-20,222721970,Andrea,El dpyo es hermosos y se encuentra ubicado cerca de plaza Serrano donde hay resto y bares  asi como ferias los fines de semanas. Lo detalles hacen de la estadia perfecta. Todo muy lindo!,Ubicación,0.0,Neutral ⚪
40061613,569102239,2019-11-25,248457948,Carlo,espectacular apartamento,Instalaciones,0.0,Neutral ⚪
22686976,307044874,2018-08-13,37512806,Miguel,Diego e Paola são excelentes anfitriões. Muito solícitos e atentos as mensagens de celular. Extremamente flexíveis. O Apartamento é muito bem localizado e as acomodações muito boas. ,Instalaciones,0.0,Neutral ⚪
338752,338798941,2018-10-20,4676916,Karl,Todo bien! Como siempre la comunicación con Martín fue sin problemas. El equipamiento del apartamento es bueno y corresponde a las descripciones.,Instalaciones,0.0,Neutral ⚪
12343084,137681715,2017-03-16,14374794,Bernardo,The host canceled this reservation the day before arrival. This is an automated posting.,Atención,0.0,Neutral ⚪
9709301,278709641,2018-06-18,55631691,Malen,"Sandra’s flat is clean, comfortable and stylish. It’s located really close to public transport that takes you into the city centre. It’s also a short taxi drive or walk away from all the great bars and restaurants in Palermo. We loved our stay and here and would definitely chose Sandra’s apartment if we visit BA again.",Limpieza,0.29416666666666663,Positivo ✅
32660563,537339802,2019-09-28,115654474,Fabiola,"Muy buena estadía,  excelente ubicación . Todo tal cual se ve en la publicación.  Diego un muy buen anfitrión, siempre dispuesto  cualquier consulta.",Instalaciones,0.0,Neutral ⚪
8942580,573906879,2019-12-07,137657292,Maria Reyna,"En el Departamento de anahi nos sentimos muy a gusto: muy buena ubicación; limpieza absoluta; lugar muy seguro; dedicada atención y amabilidad por parte de las anfitrionas, estuvieron muy atentas de nuestra llegada.  Lo RECOMENDAMOS ampliamente!",Atención,0.0,Neutral ⚪
29340438,416902089,2019-02-25,227963761,Guillermo,Teresa es una persona muy amable y siempre atenta. Quede sorprendido por recibirme con el desayuno con fruta y jugo..!!  el precio muy acorde al servicio y si tenes q alojarte en Flores aqui vas a estar como en tu casa. Buena ducha en un lugar muy tranquilo. Muchas gracias,Atención,0.0,Neutral ⚪
27335055,351101667,2018-11-21,7051222,Juan,"Un lugar amplio, limpio y con todas las Comodidades",Limpieza,0.0,Neutral ⚪
19295746,218903065,2017-12-15,19397384,Rina,"Very cosy, stylish and clean apartment in a top location in beautiful Palermo. Everything there that you need. Carolina was very friendly, communication was easy. We would stay again and can definitely recommend.",Limpieza,0.41718750000000004,Positivo ✅
31826882,518353344,2019-08-26,162152263,Fernando,"Muy buena ubicación para moverse en la ciudad, boca del subte en la puerta del edificio.
Muy limpio y espacioso",Limpieza,0.0,Neutral ⚪
19829250,222712508,2017-12-30,56721603,Martin,"Key location, modern and stylish decoration, well equipped, safe area",Ubicación,0.3,Positivo ✅
15468200,110963360,2016-10-29,101386151,Magdalena," Candela muy amable y predispuesta. Buenas comodidades e instalaciones. 
Zona súper accesible ",Atención,0.0,Neutral ⚪
78009,9820102,2014-01-12,7815123,Angie,"Elbio was an excellent host, and very responsive to all of my needs. The wifi did not always work well in the room (but you can go downstairs to the room where the router is to get connected), but he was kind enough to provide a partial refund for the inconvenience (for me the wifi was crucial because I didn't have a telephone to make phone calls). His apartment on Defensa is great - easy access to everything, the Sunday market, and live music and dancing outside. Would definitely stay again. ",Atención,0.2790633608815427,Positivo ✅
18266300,349432198,2018-11-17,140932302,Lidia,"Un departamento muy hermoso, excelente ubicación, Sr Pedro muy atencioso, siempre responde mensagens rápido. Me encanto mucho. Tuvimos vacaciones maravillosas.",Instalaciones,0.0,Neutral ⚪
1691316,39667247,2015-07-25,3338130,Cristina,"Daniel non ha bisogno certo della mia recensione, ma voglio comunque ribadire che è un eccellente anfitrione, molto attento ai bisogni degli ospiti. La casa è bellissima, oltre a essere in una posizione strategica per visitare la città, molto pulita, la cucina equipaggiata di tutto, le stanze perfette, con bagno privato e nuovo.
Super consigliato !

",Atención,0.41666666666666663,Positivo ✅
18058799,345097088,2018-11-04,160300713,Ezequiel,"Excelente anfitriona, muy atenta. Muy recomendado",Atención,0.0,Neutral ⚪
28714449,442454704,2019-04-23,195579857,Celeste,"La casa es muy bonita y la ubicación es perfecta, Mathi muy amable y atento. Repetiríamos seguro :)",Atención,0.5,Positivo ✅
34906639,567781118,2019-11-23,8556728,Fito,"Excelentes anfitrionas !! Presentes en todos los detalles , super recomendable!!",Atención,0.5208333333333333,Positivo ✅
38778545,541599306,2019-10-05,122768739,Andres,Very nice place to stay in the heart of Recoleta! excellent hospitality and communication with Sasha and Flor! I recommend it and would stay again!,Atención,0.9875,Positivo ✅
2067155,89888244,2016-07-30,84700695,Andrea,"Cristina es una mujer muy amable y cálida. 
Fue muy cómo estar en su casa!!
Fue una búsqueda de última hora, y ella hizo todo lo posible para que llegara y pudiera alojarme.
Ambar, su perra, puro amor y alegria!",Atención,0.0,Neutral ⚪
33707787,495776203,2019-07-26,7061531,Irati,Departamento precioso y ubicación ideal. El Barrio de colegiales es hermoso!Julia está atenta al detalle para que la estancia sea idónea. Repetiríamos sin dudarlo!,Ubicación,1.0,Positivo ✅
17246909,219687269,2017-12-18,144929743,Andy,"Das Appartment ist gut in Zentrum gelegen und man ist rasch z.B.  in San Telmo oder Palermo. 
Der Host Guille ist absolut Top! Er kümmert sich um seine Gäste und fragt mehrmals nach ob alles in Ordnung ist und ob man etwa benötigt. Er ist sehr aufmerksam und hilft wo er kann. 
5 Sterne mit Bonus",Atención,0.625,Positivo ✅
16449156,238667502,2018-02-26,19809456,Evan,"La casa de Syl es increíble. Seguro que vale la pena quedarse en este piso. Estaba bien limpio y cómodo. Igual está ubicado cerca de restaurantes, supermercados, panaderías, farmacias, todo lo que necesitaría. Estoy agradecido por haber la oportunidad quedarme en la casa de Syl.",Limpieza,0.0,Neutral ⚪
38215779,563333942,2019-11-12,178132285,Luz,"Augusto súper atento, flexible y predispuesto a los horarios de ingreso y salida. Ubicación inmejorable. Todo tal cual las fotos, detalles muy cordiales desde el ingreso. Equipado con todo y más! Excelente calidad de todo, camas, toallas, ropa de cama. Súper recomendable!!!",Instalaciones,0.0,Neutral ⚪
1307363,354891139,2018-12-02,96111269,Martha,"Para quien quiera estar en el centro de Buenos Aires, o sea en el microcentro, es excelente ubicación pero es muy ruidoso en la noche-madrugada. La atención excelente",Instalaciones,0.0,Neutral ⚪
9822475,529299060,2019-09-14,189721958,Guilherme,"Localizacion muy buena, re cerca de las partes turisticas de la ciudad.",Ubicación,0.0,Neutral ⚪
13972905,175753340,2017-07-29,44035484,Renato,"O apartamento tem um ótimo custo benefício. Quarto amplo e limpo. Não fica longe do metrô e nem muito distante das principais atrações turísticas. Tivemos problemas dois dias com o chuveiro, mas a dona do apartamento providenciou os reparos prontamente. Achei bastante atenciosa. Recomendo o lugar.",Instalaciones,0.0,Neutral ⚪
14109394,575798443,2019-12-11,121533627,Javier,Muy limpio y puntual. Zona en Palermo SOHO muy accesible.,Limpieza,0.0,Neutral ⚪
34868653,517451962,2019-08-25,253909320,Santiago,"Lugar cálido, muy bien equipado, y con la atención espectacular. Superó espectativas ampliamente. Recomendable 100%!!!",Instalaciones,0.0,Neutral ⚪
17942818,547572092,2019-10-15,24212983,Jonathan,This was likely the nicest Airbnb experience I have had yet. The space is even nicer than it looks in the photos which is rare. It was beautiful and super convenient as it was right off a main road and very close to the Subte station. Tomas and his husband were super communicative and lovely. Could not have asked for more.,Ubicación,0.34690476190476194,Positivo ✅
35078163,507295333,2019-08-11,215862042,María Sofía,La casa es realmente hermosa y cómoda. La ubicación es muy buena. Barrio seguro y tranquilo. Más que recomendable. Fernanda es la mejor Host! Gracias por todo ❤️,Ubicación,0.0,Neutral ⚪
5580587,420085241,2019-03-05,115363149,Andrea,"El Loft está muy bien equipado, impecable y dentro del barrio quedan muy buenos lugares para comer además de que siempre tuve recomendaciones por parte de Fernando y toda su familia. Muchas gracias por la hospitalidad, siempre te harán sentir muy cómodo y te apoyarán en lo que puedan, incluso hicimos un intercambio de cenas, yo les cociné y ellos a mí, sin duda volvería a hospedarme.",Ubicación,0.0,Neutral ⚪
27609416,330351673,2018-09-30,49961289,Mariano,"Excelente, todo!!, muy amables y todo el depto a la perfeccion!!",Atención,0.0,Neutral ⚪
20325224,355528630,2018-12-04,1892884,Petra,"The place was fine, but access is a bit difficult and a real pain if you have any visitors. The towels were threadbare and one of the beds extremely uncomfortable but it's not the worst place I've stayed. We also had issues with the AC being functional but it wasn't too hot so we left windows open.",Limpieza,-0.14166666666666666,Negativo ❌
11461166,147956467,2017-04-29,8277079,Rebecca,"Sylvia was a great host. She was able to meet us for check in even though we were late and only let her know we had arrived last minute!! She also allowed us to check out late! She was always contactable over (Hidden by Airbnb) and replied to messages quickly. The apartment was clean, well decorated, and had everything we could need. The kitchen was well stocked so we could cook for ourselves. The location was great! With bars and restaurants and an underground station nearby. I would definitely recommend Sylvia's place!! ",Limpieza,0.1962121212121212,Positivo ✅
2014604,247711847,2018-03-29,90461998,Letizia,Appartamento incantevole. Vicino alla metro e treno. Tutti i negozi. Luoghi per mangiare tutti vicini. Ottimo grazie Nati,Ubicación,0.0,Neutral ⚪
20062,551583552,2019-10-20,142536380,Giavona,"Clean, modern apartment. Very comfortable.",Limpieza,0.3622222222222222,Positivo ✅
33039968,599930426,2020-01-31,37342284,Andrea,"Tuve un problema con el ruido de la construcción que está a la salida del balcón, que generó que solicitara la devolución de mi dinero. Maru se portó muy comprensiva y permitió que me fuera, como era mi deseo. Ella es muy atenta y sin duda una muy buena host. Para mi el ruido es un problema muy serio por ende me tuve que ir de su departamento. En todo caso, la cocina tampoco se podía usar del todo (tiene una hornilla eléctrica) por ende cocina tampoco se puede, tiene refrigerador eso sí y tetera para calentar agua. Igual agradezco su atención. El barrio tiene muchos teatros y lugares donde comer.",Ubicación,0.0,Neutral ⚪
9782302,188519578,2017-08-29,91212745,Freddy,"Estancia placentera, bien ubicado y tiene todo lo necesario para una buena estancia, recomiendo bastante la estancia a futuros visitantes de Buenos Aires, me sentí bien en su hospedaje.",Instalaciones,0.0,Neutral ⚪
21080155,571690523,2019-12-01,144370883,Dante,"Muy buen lugar, muy buena la atención por parte de los anfitriones, necesidades totalmente cubiertas.",Atención,0.0,Neutral ⚪
489848,69637420,2016-04-12,7241390,Marina,"The house is as amazing as it sounds by the description. Location is a bit off the heart of San Telmo, but easy walk/cab rides to everywhere. Lucy was easy to communicate with and accommodating during the check-in/check-out process. Great house for 8+ people, we were 12 with plenty of room.",Ubicación,0.5666666666666667,Positivo ✅
2358458,528670687,2019-09-13,8222308,Gabo,"Excelente lugar, todo muy accesible, centros comerciales, transporte público. El lugar muy lindo y cálido. 
Recomendado",Instalaciones,0.0,Neutral ⚪
29024501,534989365,2019-09-23,214335176,Glaucio,"Great location, safe and clean. Highly recommended.",Limpieza,0.45666666666666667,Positivo ✅
3827324,260335625,2018-05-04,181552442,Andrea,"La ubicación es muy buena, en pleno microcentro de BA.
Con respecto a las comodidades del depa, hay que mejorar algunos aspectos.",Instalaciones,0.0,Neutral ⚪
7533236,110247086,2016-10-25,28498985,Edo. Adrian,"No conocimos a Miguel, pero Teresa nos estaba esperando a la hora acordada y nos explicó todo lo referido al departamento. Siempre estuvo atenta a cualquier solicitud nuestra 
El departamento es igual a lo que se muestra en las fotos, estaba limpio y tiene buenos y bonitos muebles ; muy buena ubicación a 1 cuadra de Santa Fe y del tren subterráneo.!! Muy recomendable ¡¡¡",Limpieza,0.0,Neutral ⚪
12249690,149489680,2017-05-04,117584572,Josh,"Pablo's casita was an oasis of calm in buzzing San Telmo. Its leafy courtyard, beautiful yet simple furnishings and high-ceilings were obvious attractions but it was my fellow guests that struck me most. Dancers, tango lovers (Pablo is part of the tango scene in BsAs) and travellers all of them. Prepared to be enchanted and stimulated in this lovely idyll. Book now.",Instalaciones,0.35833333333333334,Positivo ✅
21517161,244386883,2018-03-18,16503026,Leonardo,"Passamos 10 noites no apartamento de Facundo e adoramos. A localização fantástica: rodeado de bons restaurantes, bares, supermercados, somados a uma vizinhança super tranquila, sem barulhos pois os bares estão em quadras distintas do apto. Destaque para o bairro de Palermo que é muito bem servido de transportes públicos. Nos locomovemos muito de ônibus, trem e metrô. Todos com paradas bem próximas ao apartamento. 
O apartamento é ideal para um (Website hidden by Airbnb) o que é necessário para uma boa estadia. Aproveitem para andar pelas ruas próximas ao apartamento, pois cada caminhada é uma boa descoberta. 
Super recomendamos o apartamento de Facundo.",Ubicación,0.35,Positivo ✅
34142171,570908871,2019-11-30,298457438,Ignacio,"La pasé MUY mal. El monoambiente está ubicado entre dos vecinos y la separación con ambos es una pared de papel. Se escuchan todas las conversaciones ajenas, y para peor una vecina tiene un perro que no para de ladrar y la otra un nene que no para de gritar. IMPOSIBLE descansar, el edificio es SUPER ruidoso y todo de cemento, rebota todo. Para peor tenes el zoom y la pileta en frente, ruido todo el día y noche (los findes). Si buscas un lugar tranquilo no te lo recomiendo.",Ubicación,0.3333333333333333,Positivo ✅
31085676,572322939,2019-12-02,195968738,Sébastien,An amazing appartment in a great location typical to Buenos Aires. All was perfectly as described and the hosts pay a lot of attention to detail to please their guests. A recommended option for sure if you see the price.,Ubicación,0.5466666666666666,Positivo ✅
23770978,254876458,2018-04-18,180537290,Milagros,"Hospedarme en la casa de Mara fue muy grato! La casa es muy linda y limpia, y la habitación privada es inmejorable. No tuvimos la oportunidad de poder charlar mucho con Mara ya que no coincidimos en los horarios, pero ella me recibió muy bien y me senti muy comoda. La zona en la que se encuentra ubicada es muy buena, no peligrosa y donde circula bastante gente, sin embargo no es ruidosa. También se encuentra muy cerca del subte, lo que me facilitó mucho poder moverme. Gracias Mara por tu estadía!",Ubicación,0.0,Neutral ⚪
3143635,201950349,2017-10-09,151954199,Lucrecia,Excelente ubicación. Muy limpio. Accesible. Los anfitriones están listos para atender cualquier inquietud. La ducha es espectacular!,Limpieza,0.0,Neutral ⚪
702905,25916930,2015-01-29,554967,Karol,"The apartment: As pictured, it was beautiful, with astonishing 6-meter ceilings and huge windows. Ground floor but with plenty of privacy, and a private entrance from the street (none of the waiting 20 minutes for slow elevators, etc.) Some cool furnishings, a small but nice kitchen, and a lovely little bathroom. Generally a terrific space with everything you need to just hang out and chill, and a good location to catch cabs and colectivos to elsewhere in the city. Also, some of Palermo's best restaurants and bars/night clubs are nearby within a 5-minute walk.

The host: Mariela was fantastic, with a wonderful gentle, kind energy. She responded to messages almost immediately, and was extremely flexible and accommodating with check-in/check-out and also when I needed to extend my stay. She lives next door, which is convenient and reassuring, but also not intrusive at all. I would highly recommend her as a host!",Ubicación,0.321875,Positivo ✅
11547792,519925094,2019-08-29,248181252,Tomas,Great place. Great location,Ubicación,0.8,Positivo ✅
36513360,567398562,2019-11-22,44608939,David,"Exelente ubicación,limpio, seguro , los  porteros zeladores muy atenciosos,muy agradable el depto,super recomendamos!!",Limpieza,0.0,Neutral ⚪
7518255,543785849,2019-10-08,296364306,Pablo,"Luminoso y moderno, en una perfecta ubicacion y ni hablar de la excelente atencion del anfitrion",Atención,0.0,Neutral ⚪
1193220,596034467,2020-01-21,56942987,Victoria,"Spacious and clean apartment with lift and secure entry. Close to lots of local bars and restaurants and a short cab ride to the other tourist attractions.  Great location,  we would definitely recommend.",Limpieza,0.20595238095238097,Positivo ✅
27107555,302322989,2018-08-05,165289151,Fernanda,"Servicio muy completo, muy cómodo, excelente ubicación.  ",Instalaciones,0.0,Neutral ⚪
7879911,441022599,2019-04-21,6217577,Aliona,"The people there were extremely nice and caring. Which still does not change the fact that in reality the flat is really different then on pics. For my family light and brightness of the flat is the main thing, the house was very dark all day long. Beside this the rooms are big and the house (actually part of the part of the house) was beautiful. Anyway i is a very nice memories about our stay, because everybody was really trying hard to make it pleasant.",Instalaciones,0.2095555555555556,Positivo ✅
16710069,215753267,2017-12-01,108763250,Jose,"Todo estuvo excelente y en todo momento mantuvo comunicaciòn, gracias por todo!",Instalaciones,0.0,Neutral ⚪
23612186,244798618,2018-03-19,127230038,Manu,"Increíble lugar! Cerca de muchos lugares muy buenos para comer. Una zona muy segura, caminamos por todos lados. Una genia como se comunicó con nosotros para recibirnos y por si necesitábamos cualquier cosa. Gracias!",Ubicación,0.0,Neutral ⚪
13103352,98195846,2016-08-29,38589738,David,Excellent all round. Very professional hosts and such a beautiful property. Top notch!!!,Atención,0.4594270833333334,Positivo ✅
21267362,428991636,2019-03-26,235113914,David,"Diego was a great host. Very friendly always willing to help and he lives in a great location, which is quiet but also has plenty of bars and restaurants nearby. Would recommend this place to anyone.",Ubicación,0.4675000000000001,Positivo ✅
476044,422912842,2019-03-12,79410246,Jun,"Augusto is a super warm and friendly gentleman. His apartment is located in the city, very convenient from the subway station and bus station. Our family 8 people spent 2 days in Buenos Aires. It is a wonderful time. Thanks to Augusto ! 
On the first day of arrival, due to the late flight, Mr. Augusto waited for us for a long time in the apartment. After leaving Buenos Aires, I found that I had forgotten the charging line in the apartment . He  personally drove to the airport and handed it to me. I was really touched. With his back, I am almost moved to cry.
I highly recommend Augusto and his  apartment to all the  friends.",Ubicación,0.18622222222222226,Positivo ✅
15552076,610830362,2020-02-25,202350347,Rodrigo,El Dpto. está ubicado en una zona apta para recorrer San Telmo y caminar de noche por toda la zona antigua de Bs As. Cerca de todos los servicios de transporte. Dpto. Cómodo con todos los servicios y además buena terraza con pileta y gym.,Ubicación,0.0,Neutral ⚪
29479730,484226422,2019-07-08,107042191,Anita,"Un espacio muy acogedor! Es como transportarse a otra época.
Fuimos en un día de mucho frío y la calefacción funcionó perfectamente, no sentimos nada de frío.
 Nuestro vuelo se retraso y Agustín no esperó muy amablemente. Gracias!!
Recomendado, todo queda cerca, incluso caminando.
Nos gusto!",Ubicación,0.0,Neutral ⚪
17892234,368193063,2019-01-06,2706211,Guillo,"Costanza estuvo pendiente de nosotros en cada detalle.
también para mis pedidos personales (quise sorprender a mi compañero y dejó un ramo de flores en el departamento con una nota) un gesto único
Una ubicación genial si llegas a pie y con cochera pegada al departamento si vas en coche.",Precio/Calidad,0.0,Neutral ⚪
19306599,314926400,2018-08-27,193716048,Christiane,"Super recomendo!!! Rocio é uma excelente anfitriã, super atenciosa, cuidadosa e prestativa. O apartamento é muito bem localizado em Palermo, próximo aos melhores locais turísticos, fácil acesso. O apartamento é exatamente aquilo que vemos nas fotos e super limpo. Muito obrigada, Rocio!!!",Instalaciones,0.5451388888888887,Positivo ✅
309424,34944226,2015-06-14,12563070,Valeria,"La ubicación inmejorable, tenes todo a solo cuadras de distancia. La casa muy acogedora, baños y cocina nuevas! Nos quedamos con amigas y la pasamos genial! Daniel mil gracias, impecable!",Instalaciones,0.0,Neutral ⚪
28811231,452042343,2019-05-12,71117672,Carlos,"El departamento es hermoso y está muy bien ubicado, tiene todo lo que necesites. Camila es una excelente anfitriona, súper amable y atenta.",Atención,0.0,Neutral ⚪
21975163,225793903,2018-01-07,5568296,Julia,"El piso de Diego fué una buena sorpresa después de semanas de un duro viaje. Limpio, estiloso, prolijo, agreable. La habiación es muy cómoda y los anfitriones muy gentiles. Encima de esto, el piso está ubicado en un barrio génial de la Capital Federal, cerca de buenos bares, restaurantes y tiendas.",Limpieza,0.0,Neutral ⚪
33689096,536333501,2019-09-26,55910741,Nicolás,"La habitación con baño privado que brindan Mirtha y Osvaldo es muy cómoda y acogedora, además de estar impecable y muy bien ambientada y ventilada. Al estar apartada de la casa por su amplia cocina, también brinda privacidad. Yo me sentí como en casa, Mirtha y Osvaldo son dos anfitriones de lujo que hicieron todo lo que estuvo a su alcance para que me sienta súper a gusto, así que tengo sólo palabras de agradecimiento hacia ellos. Lo recomiendo 100%!!!",Atención,0.0,Neutral ⚪
657004,10731437,2014-03-04,11790887,David,Luis and Sylvia rent out a series of small rooms essentially for students.  We came as a family of four so found it a bit small although clean and well maintained. We also secured a private bathroom. The location is good and San Telmo is a great place. Unfortunately noone was there to check us out. Sylvia and Luis spontaneously apologized later which was a good move but still we're removing one star...,Limpieza,0.196969696969697,Positivo ✅
7482702,265840823,2018-05-18,56122957,Silvina,Excelente!!  Muy buena ubicación!,Instalaciones,0.0,Neutral ⚪
1592614,351097166,2018-11-21,30563142,Adam,"Rosa, is amazing. She helped with everything. Location couldn’t be better. To stay and sleep it’s perfect.",Ubicación,0.7000000000000001,Positivo ✅
25258435,348039551,2018-11-12,108819530,Danilo,"Apartamento muito bem localizado e aconchegante , indico somente para casais pois o chuveiro é visível do resto do apto. Cama excelente, cozinha muito boa, chuveiro excelente. O único senão é o local do vaso sanitário, achei muito apertado. fiquei 1 semana e voltaria a ficar no local caso seja necessário. 
obs.: houve flexibilidade no horário de checkout o que me ajudou muito na partida.",Atención,0.0,Neutral ⚪
338678,3779679,2013-03-14,4605614,Mary,"This studio was very clen and in a secure Building. Busy street, lots of late night noise. The location is very central, bus , metro close by.
Kitchen could do with some better equipment, scratched pots and pans..
Guest should be aware of 11pm chech out. Your US flight will be leaving at 10pm. My husband was unwell and although we were willing to  pay for an extra night so that we could stay on until 5 pm. It could not be arranged as other guests were arriving. Martin did allow us to store our luggage.We met his charming parents(guests.?) when we came to pick up luggage. we left feeling perplexed!!!!",Ubicación,0.22704326923076923,Positivo ✅
18404439,511631868,2019-08-17,282116331,Cappricce,"Nestor es una persona muy amable con un departamento muy acogedor, donde sus fotos reflejan tal cual es. Gracias por la hospitalidad.",Atención,0.0,Neutral ⚪
21334771,244802778,2018-03-19,575595,Jeff,"Perfect space for 2 couples or 4 friends to enjoy Buenos Aires. Perfect location, great daily breakfast, amazing terrace, and 3 bathrooms.",Ubicación,0.6333333333333334,Positivo ✅
4801172,128521984,2017-01-25,6238896,Leandro & Faber,"El Departamento es Divino, lo pasamos super bien. La ubicación es excelente. Para una pareja es ideal. La cocina es muy espaciosa, La cama muy cómoda y los demás accesorios funcionan muy bien !. En los alrededores encontrarás de todo para hacer,muchos sitios de esparcimiento: cines, parques , ferias, pubs, cafés, restaurantes, bares, como así también tiendas de barrio y locales comerciales donde conseguir de todo. El acceso al transporte público es el ideal. El departamento tiene una vista de la ciudad muy bonita y todo el departamento es muy luminoso y muy bien equipado. ",Ubicación,0.7444444444444445,Positivo ✅
31592660,425017757,2019-03-17,106358495,Jesica,"El departamento cuenta con todo lo necesario y mas. Al estar ubicado cerca de plaza serrano es  una zona con una muy variada oferta gastronómica y las mejores marcas, siempre hay gente y por lo mismo es bastante seguro, juvenil y pet frendly. Los anfitriones súper predispuestos a toda hora, con respuesta casi inmediata. Esta todo a estrenar prácticamente en el dpto! Sin duda lo recomiendo y volvería siempre.",Ubicación,0.0,Neutral ⚪
10024640,348584105,2018-11-14,220753428,Karen,"Espacio amplio, cómodo y confortable. Excelente ubicación, lindo balcón.
Cuenta con aire acondicionado y conexión a Internet. 
Muy cerca del subte y calles principales, fácil acceso y conectividad.

Cuenta con útiles de aseo para solo un día, sin recambio de sábanas ni toallas. Secador de pelo no funciona.
Es importante asegurar la coordinación de llegada, yo tuve que esperar a pesar de informar mi horario de vuelo...era medianoche.

Volveré!",Ubicación,0.0,Neutral ⚪
1826469,116202045,2016-11-28,5964862,Maria,"Best air bnb experience so far. The apartment has terrific location as it is walking distance to the heart of Palermo. Julio is an amazing host - excellent communication, reliable, always on time. Julio even bought fresh juice and water for us. There is a map with descriptions of key stores and public transportation around the flat that Julio has prepared for his guests. There were a few tourist guides and relevant magazines about Buenos Aires available. Simply incredible. Thank you, Julio.",Ubicación,0.34423076923076923,Positivo ✅
17819215,447974688,2019-05-04,40359661,Julie,"Emplacement idéal, bons restaurants et commerces à proximité ! 
(rue bruyante la nuit en week end)
Le canapé convertible est peu confortable car le tiroir-lit bouge sur roulettes, nous avons donc dû mettre le deuxième matelas au sol.",Instalaciones,0.0,Neutral ⚪
17893461,494561185,2019-07-24,122360638,Teresa,Great location !! The Apartment was sparkly clean!!,Limpieza,0.7864583333333334,Positivo ✅
204628,572368400,2019-12-02,11461405,Patricia,"Great place, great location, convenient and trendy places all around",Ubicación,0.7333333333333334,Positivo ✅
26221577,407236072,2019-02-01,25126471,Sophie,"Un emplacement imbattable à deux pas du Botanico et au coeur de Palermo Soho, exactement ce que je recherchais. Anahi a été très réactive et sympathique",Instalaciones,0.0,Neutral ⚪
14929289,249063524,2018-04-01,7677959,John,"Clean and well-equipped studio in the Alto Palermo neighborhood.  Very efficient check-in and check-out, twice-weekly cleaning service.  Great for a couple or a small family.",Limpieza,0.2791666666666667,Positivo ✅
20062,149112556,2017-05-02,11345178,Lewis,Excellent stay. Attentive host. Incredible place.,Atención,0.7666666666666666,Positivo ✅
29054820,596351019,2020-01-22,26935150,Allan,"Muito receptivo, apt genial, prestativo e late check out disponível.",Atención,0.15,Positivo ✅
1377463,23382419,2014-11-30,10041300,Jessica,"The apartment is located in a nice area surrounded by cafes, and also walking distance to the gardens and MALBA. Convenient proximity to the AEP airport as well. Neighborhood is safe, located on a semi-busy side street. It was easy to find taxis when needed.

Cozy space perfect for up to 4 people. We didn't all the available amenities, but the 2 separate bathroom sinks were very convenient for us. The second toilet/shower closet is small but useful. Ample linens, clothes hangers, seating and reading materials were available. The plants and decor made the apartment feel like home.

Isabelle was easy to reach; communication was great. Our arrival time kept changing, but she and her on-site apartment caretaker were very accommodating to us. We had a very nice stay in Buenos Aires.",Limpieza,0.3435416666666667,Positivo ✅
28460431,342205745,2018-10-28,222120320,Pamela,"El departamento tiene una ubicaciòn perfecta, caminando desde ahí puedes llegar a todos los lugares turísticos.  Tiene comida todo cerca. El departamento es cómodo y tienes todo.",Ubicación,0.0,Neutral ⚪
6104724,347495797,2018-11-11,10913659,Ezequiel,"Gustavo es un excelente anfitrión, atento y cordial, el alojamiento es cómodo, limpio,con equipamiento completo y bien ubicado.",Limpieza,0.0,Neutral ⚪
2124013,510070519,2019-08-15,158986606,Cristina,"El apartamento es muy bonito, acogedor  y completo. Se encuentra en una buena zona de palermo donde tienes colectivos, restaurantes y bares cerca y la zona es bien tranquila.",Ubicación,0.0,Neutral ⚪
31018252,480322537,2019-07-02,210113741,María,"depto completo, con todo lo necesario. Edificio tranquilo, el dormitorio también a pesar de ser una avenida. Además del subte, paran colectivos a 100 metros en derredor, llegás a donde quieras. Uno de los pocos con calefactor a gas, se mantiene re calentito, un punto que a veces cuesta encontrar en Bs.As.",Ubicación,0.0,Neutral ⚪
32083077,460164845,2019-05-28,159567449,Clothilde,"Florencia y Oscar son muy simpáticos, amables y agradables! Estaba un placer de conocerles ! El departamento es muy bien !",Atención,0.0,Neutral ⚪
28931893,348362977,2018-11-13,12459669,Paul,"Cheap, cozy, very centrally located.",Precio/Calidad,0.06666666666666668,Neutral ⚪
773069,352574357,2018-11-25,58347308,Manuel,"Excelente estancia, muy buena ubicación, comunicación constante para check in y check out. Muy recomendable.",Atención,0.0,Neutral ⚪
12607911,484924102,2019-07-09,196081940,Daniela,The host canceled this reservation 18 days before arrival. This is an automated posting.,Atención,0.0,Neutral ⚪
4916917,256361287,2018-04-22,181168436,Gus,"Its in the heart. Of one of the most sophisticated part of The city , Recoleta. Champagne and Caviar accommodation for a beer pocket price... Amazing....!",Precio/Calidad,0.5833333333333334,Positivo ✅
27566170,406684198,2019-01-30,205570098,Ariel,"Muy buena ubicación en un lugar seguro, cerca de todo y sobre todo muy cordiales en un lugar limpio",Limpieza,0.0,Neutral ⚪
541142,406409843,2019-01-29,4500399,Cecil Ed,"Can only recommend if you are a male, not concerned with price/value, do not cook, and pass your time watching Netflix. Others would be better served by looking elsewhere. Place is clean, in a well located older building, host and his agents are responsive and friendly. Dog in neighboring building which had been barking 3 hours a day. Went silent during my last 5 days.",Limpieza,0.17604166666666668,Positivo ✅
7031038,94821492,2016-08-17,5929830,Yong,"추천 합니다. 호스트님이 너무 친절하고, 집 은  매우 아름다웠습니다. 감사합니다~~
Now that I got the Korean out of the way, let me tell you, this was by far the best Airbnb I've ever stayed at. The architectural charm of this house hits you immediately, and you'll be patting yourself on the back for having chosen THIS Airbnb, the Bulnes house. The pictures do not do it justice. The hosts, Daniel and Mariana were wonderful. On point on everything from their welcome to their recommendations. Heating was solid, wifi was solid, kitchen amenities solid. If you're considering this Airbnb, don't, just book it. ",Atención,0.36250000000000004,Positivo ✅
1592614,7538633,2013-09-23,5049659,Ale,"Super contentas y cómodas con el apartamento, pequeño pero  mas que suficiente para nosotras, limpio, muy bien ubicado y en un barrio seguro, solo a unas cuantas cuadras del metro, restaurantes, cafeterías, farmacias etc, abajo del edificio, y las principales avenidas y parques a unos pasos. Daniel muy atento desde el comienzo, nos daba datos sobre ferias y tipo de cambio, seguridad de las zonas, a donde no ir o no ir y tips en general de donde ir sin pagar tanto. Definitivamente recomendable como anfitrion y el depto impecable. Volveremos!",Limpieza,0.19791666666666669,Positivo ✅
8917486,190616481,2017-09-04,122690270,Daniel,"Apartamento muy comodo, bonito, con todo lo necesario para que la estadia sea perfecta. El anfitrion siempre estuvo pendiente tanto a la llegada como alguna necesidad durante la estadia y aunque no lo conoci, me recibio el señor Carlos, un señor muy atento y formal. Recomendado 100%.",Atención,0.0,Neutral ⚪
8033849,308534981,2018-08-16,28529217,Meghan,"Great location, very clean, and a friendly and attentive host. 
El apartamento queda en un lugar genial, cerca de todo. Fue impecable y el anfitrión es amable y siempre estaba disponible por cualquier cosa",Limpieza,0.5129166666666667,Positivo ✅
25292158,550429692,2019-10-18,198590863,Magdalena,"Anfitrion súper atento. Muy buena predisposición. Atento a que durante la estadía estuvieramos bien y comodos. Muy servicial. El departamento excelente, muy comodo  completo y funcional. Lo recomendamos ampliamente, y seguramente volveremos cada vez que podamos. Superó nuestras expectativas notablemente.",Atención,0.0,Neutral ⚪
23965944,316578773,2018-08-31,12877514,Gaston,"Para prevenir a cualquiera que esté viendo la publicación de este departamento:
- El anfitrión no es verdaderamente el anfitrión, sino que lo es su tía, una señora grande muy poco amable
- El departamento es MUCHO mas chico que lo que se ve en las fotos
- El baño es demasiado chico, y es casi imposible caber en la ducha, que no tiene ni la altura ni el ancho para que quepa una persona promedio
- Las camas estan en pésimo estado, muy muy blandas y por lo tanto incómodas
- En la cocina es casi imposible cocinar algo, ya que solo cuenta con dos anafes y una distribución muy poco accesible
- El precio es excesivo para la relación precio-calidad
- Hay mucho ruido en el edificio: un vecino pianista por las tardes, y por la mañana temprano el portero del edificio escucha música y canta

Sin dudas la peor experiencia que tuve en airbnb hasta ahora, y también muy decepcionado con ellos por no intermediar para cuidar a un cliente recurrente.",Atención,0.0,Neutral ⚪
22540552,521209406,2019-08-31,285344686,Juan,"Muy  cómodo, limpio y Leandro es muy amable. Sin duda lo recomiendo.",Limpieza,0.0,Neutral ⚪
30416711,361399323,2018-12-23,231949140,Laura,"Muy recomendable. El departamento es muy lindo, super bien ubicado, muy cómodo, todo muy limpio, mucho más lindo que las fotos. Ignacio muy atento y siempre respondió a mis dudas y consultas.",Limpieza,0.3333333333333333,Positivo ✅
4187460,121481347,2016-12-17,62820900,Dario,"Excelente depto. Tiene un estilo parisino en su decoracion que lo hace diferente. Confortable, buena ubicacion, tiene lo necesario para una estadia placentera.",Instalaciones,0.0,Neutral ⚪
39082344,600343827,2020-02-01,71472288,Sebastián,"Well located, minutes from several of the best restaurants in Palermo, also near several clothing stores. The apartment, very bright, but at the same time has blackout, then it can get dark if necessary, located in a quiet building. It has everything you need for your stay. The hostess super friendly and always quick response. I've felt like home.",Ubicación,0.2418055555555556,Positivo ✅
5076383,79547682,2016-06-13,19492854,Laura,"Daniela est très accueillante, tres souriante. Elle a même Prevu des cartes de la ville et la carte du métro pour nous. Nous avons passé deux nuits chez elle. Son appartement est tres bien placé, le metro est juste en bas et il y a tout ce qu'il faut dans le quartier. 
L'appartement est tres propre, nous avons pu utiliser la cuisine, le salon et la salle de bain comme nous le voulions. 
C'était un tres bon séjour. ",Ubicación,0.0,Neutral ⚪
14805689,112034685,2016-11-03,4429918,Sarah,"We had a great stay in this apartment. Everything very clean and up to date, comfy bed and the apartment has everything you could possibly need during your stay. Doorman is always around, which made it feel very safe and secure. 

Apartment located on quiet street with a few shops within blocks. Easy walk to bigger areas with more options and shopping. There is also a metro stop fairly nearby. Would recommend.

Only thing to note is the hot water heater runs out of hot water quickly, so you must shower fast!",Limpieza,0.3027083333333333,Positivo ✅
3766122,135966821,2017-03-07,82965370,Cristina,It is an amazing place. I felt like home there.,Instalaciones,0.6000000000000001,Positivo ✅
33313643,437398550,2019-04-14,132894653,Nicholas,Maria is so flexible with check in and check out. The place is so perfect for 2 people staying a couple nights. Great value.,Atención,0.9,Positivo ✅
36112972,512695210,2019-08-18,62854853,Hilda,"El departamento es tal cual se muestra en las fotos, bien ubicado, en un barrio tranquilo y a una distancia caminable al metro y a una parada del bus turistico. Hay restaurantes y minimarket cerca. El departamento estaba limpio y bien equipado.  Viviana fue muy amable y respondió rápidamente a mis consultas.
Sin duda me alojaría nuevamente en este departamento. Gracias Viviana!",Limpieza,0.0,Neutral ⚪
21249599,368633987,2019-01-07,6701967,Jonathan,"Great central location, clean and safe accomodations, great communication with Ana. Would stay again.",Limpieza,0.49333333333333335,Positivo ✅
17623876,589640290,2020-01-06,48467465,Annie,"A fantastic base in Palermo in a perfect location. The flat is great, it had everything we needed and was really comfortable. It is a really cool, clean, modern building with excellent security. The hosts always replied really quickly if we had a question. We spent a week there over New Year and it was excellent! Highly recommended!",Limpieza,0.35075757575757577,Positivo ✅
18096763,218392498,2017-12-12,45402808,Carlos,"La casa de Justina tiene todo para hacer una estancia en Palermo una experiencia hermosa y sin inconvenientes. Lo que completa la experiencia es ella con su calidez y don de gente, una persona con la que se puede charlar de todo y que está siempre atenta a que la experiencia (no solo la estadía) sea única. Es un lugar al que le recomendaría a un amigo o a un familiar que quiera mucho.",Instalaciones,0.375,Positivo ✅
22549953,545492410,2019-10-12,96796950,Valentina,"La estadía en el alojamiento de Norberto ha sido excelente, el es un muy buen anfitrión, el espacio es tal cual se ve en las fotos, estar en el piso 11 nos regaló unos maravillosos atardeceres, vistas, luz y aire. Todo estaba impecable, se puede llegar a muchos lugares caminando y el acceso a los transportes es muy fácil.  Muy recomendable. Gracias Norberto por tu buena predisposición.",Instalaciones,0.0,Neutral ⚪
1052597,599909126,2020-01-31,21367076,Aline,"Tivemos problemas durante o check-in. A recepção não foi realizada pelo proprietário do apartamento. A pessoa que nos atendeu, chamada Marcelo, fez vários comentários indelicados e grosseiros, inclusive falando palavrões, e também não nos repassou informações mais detalhadas do apartamento.  Quando ele verificou que existia um problema com o aquecimento da água (que não estava funcionando) foi extremamente rude quando dissemos que era essencial para nós termos água quente já que estávamos com nosso filho de 3 anos de idade. 
As fotos estão muito desatualizadas. Condizem com o que é o apartamento, mas este já se encontra muito depreciado em relação ao esperado pelas imagens do anúncio. 
A localização é excelente. Todas as noites era possível sair a pé para ir em algum restaurante da região de Palermo. 
Vale ressaltar que, ainda assim, o proprietário Ezequiel, foi bastante atencioso com a questão da falta de água quente, providenciando o conserto do equipamento no dia seguinte.",Atención,-0.3,Negativo ❌
13061596,608356646,2020-02-20,94557109,Matt,"This rental has everything you'll need. Centrally located - walking distance to tons of great bars and restaurants. The Palermo neighborhood is wonderful to explore. The rental itself has air conditioning, wifi, all the amenities you need if you want to eat at home, a comfy bed and much more.",Ubicación,0.575,Positivo ✅
33476207,462015817,2019-06-01,215417673,Jeff,Probably one of the best located Airbnb apts in all of BsAs if you like Palermo Hollywood. Very clean. Great communication with host who lives nearby.,Limpieza,0.758888888888889,Positivo ✅
29684421,606586151,2020-02-16,114507501,Camila,"El departamento es fantástico. Impecable, tal como se ve en las fotos. La piscina y la vista del edificio una maravilla. Naomi es un encanto, atenta a todos los detalles. 
Muchas gracias!",Instalaciones,0.0,Neutral ⚪
4427429,62898060,2016-02-18,49897005,Silvia,"Fui recientemente con una amiga. La verdad que nuestra experiencia fue positiva, el departamento es incluso más bonito que lo que se ve en las fotos, el barrio es muy seguro y nos quedaba a seis cuadras de la estación del subte B para movilizarnos, además que también pasan colectivos cerca para moverse. El departamento es muy cómodo para dos personas. ",Ubicación,0.0,Neutral ⚪
17635799,611939602,2020-02-28,13060419,Derek,"A modern and chic studio apartment in a great location. Every amenity you could want for a short or extended stay; firm mattress, cold AC, washer/dryer in building, friendly doormen, wonderful pool area and the best water pressure I’ve every encountered. I would be honored to stay there again. And I will. 5 solid stars.
P.S. My wife loved it-happy wife, happy life.",Ubicación,0.3704545454545455,Positivo ✅
29978132,564685815,2019-11-16,222148536,Victoria,"Depto cómodo, limpio y lindo. Cerca de todo. Me encantó la piscina!",Limpieza,0.0,Neutral ⚪
10633358,146591652,2017-04-23,48788855,Thomas,One of the best Airbnb listings at which I've stayed. The pictures don't do the place justice. More than enough space inside and the right amount of contemporary decor have a relaxing stay. And the outside patio spaces are a bonus. Would definitely stay again on a trip back to BA.,Instalaciones,0.24404761904761904,Positivo ✅
40760363,619076815,2020-03-16,341238251,Jader Alberto,"Apartamento com localização privilegiada, e ótima acomodação",Instalaciones,0.0,Neutral ⚪
19912970,362105769,2018-12-25,224507381,Maria Dolores,Excelente alojamiento. Súper ubicado. El alojamiento es tal cual se describe y se muestra en las fotos. Muy buenos anfitriones siempre al pendiente y muy amables. Estuvimos felices.,Atención,0.0,Neutral ⚪
2014604,65385017,2016-03-13,27200359,Vale,"El departamento es tal cual en las fotos, muy luminoso, silencioso y bien ubicado. Opciones de restaurant y cafes cerca.
Nati muy buena anfitriona, siempre disponible a mis preguntas. ",Ubicación,0.0,Neutral ⚪
34889522,605067057,2020-02-13,35268739,Teresa,Nice place to stay. It’s perfectly located,Instalaciones,0.8,Positivo ✅
35162948,492701246,2019-07-21,274839782,Javier,"El apartamento es grande y espacioso, está ubicado cerca de farmacias, supermercados, shoppings y estaciones de metro. Excelente precio calidad, muchísimo mejor de lo que se ve en las fotos. Sin duda, volvería!",Ubicación,0.0,Neutral ⚪
29983290,547109240,2019-10-14,72342103,Danielle,"Apartament well located, near the subte station, restaurants and stores.
Our plane delayed several hours and the host waited for us without any further questions.",Ubicación,0.03333333333333333,Neutral ⚪
14840203,141249994,2017-04-02,18103507,Juan,"Excelente departamento, muy bien ubicado, el departamento es muy lindo y está impecable. Un balcón lindíssimo y Mariano muy atento y amable. Lo recomiendo 100%. ",Atención,0.0,Neutral ⚪
22518495,437920724,2019-04-15,13219857,Michelle,"This flat is in a perfect location in San Telmo. The building is very clean from the time you step off the sidewalk into the marble walkway and into the flat. There's an elevator to take you and your bags to the third floor. The bedrooms are spacious and there are two bathrooms which is very convenient. Unfortunately, we had to leave after only one night because my best friend is claustrophobic and she had a reaction to the flat... while there are plenty of windows that let in natural light, you can not see out the windows because they're all frosted. It was a little like being in a tomb for her and she felt like she had no way out, besides going down three floors and out locked doors, etc. So that is a new discovery! Griselda and Liliana are super generous, caring, and understanding hosts.",Limpieza,0.11837641117052886,Positivo ✅
34620159,534184326,2019-09-22,279837662,Hernan,"Muy recomendable. El departamento está bien ubicado, es espacioso, bien equipado y limpio. El anfitrión es muy amable",Limpieza,0.0,Neutral ⚪
14402395,282145394,2018-06-26,77108997,Marco Antônio,"Todo o contato foi realizado com a Paula entretanto fomos recebidos pelo seu marido, Rodolfo. Só temos a agradecer toda a hospitalidade, preocupação e auxílio durante nossa estadia. Apartamento extremamente limpo, organizado, exatamente como descrito e apresentado em fotos. Região tranquila, próxima aos principais pontos turísticos e com acesso fácil e rápido aos meios de transporte incluindo ao metrô. Só tivemos pontos positivos a ressaltar. Recomendamos!!",Instalaciones,0.0,Neutral ⚪
1385058,238912548,2018-02-27,59887731,Douglas,"This apartment is spacious, clean, and in an ideal location to explore Buenos Aires. Marcela is an excellent host that was on time, provided great recommendations, and quickly responded to my messages. We will definitely stay here again on our next trip to BA!",Limpieza,0.4857142857142857,Positivo ✅
14103360,222687463,2017-12-30,47122164,Maggie,"Central location!! Everything within walking distance. Mariel and Pato were  great hosts! They were very accommodating, even with a later check out time. We will definitely revisit- gracias de nuevo!",Ubicación,0.24,Positivo ✅
33738441,576785324,2019-12-14,48788367,Cristian,"Un espacio muy limpio,  ordenado y con buena ubicación. 
Gardenia es una gran anfitriona.",Limpieza,0.0,Neutral ⚪
33158958,616726953,2020-03-10,59949915,Bethany,"Perfect location, perfect space. Octavio was super responsive and helpful. We had a great time here!!",Ubicación,0.8333333333333334,Positivo ✅
29055562,583944312,2019-12-29,175349613,Nicolas,La ubicación del departamento es inmejorable..cerca de todo! Está completamente equipado. Leandro se comunicó con nosotros oportunamente siempre que fue necesario. Definitivamente lo recomiendo y volvería a elegirlo este departamento.,Ubicación,0.0,Neutral ⚪
39445072,603005827,2020-02-08,40876680,Paula,Eugenia es una muy buena host. Comunica rápido y es muy atenta. Departamento cómodo. Bien ubicado a 1 cuadra metro bus y subte. Supermercado cerca. Agradable para medianas y largas estancias como la mia de 15 dias. Gracias!!,Ubicación,0.0,Neutral ⚪
29003280,362494412,2018-12-26,37597914,Virginia,"Departamento bellisimo, excelente ubicacion, comodo y elegante con dos picinas increibles con horarios super amplios. Me encanto. Recomiendo para viajeros solos, pareja, turismo o estadias de trabajo.",Instalaciones,0.3333333333333333,Positivo ✅
40770778,611942062,2020-02-28,12047432,Bruno,"El departamento esta impecable, muy limpio y confortable. La cocina esta equipada con todo lo que necesitas. 
La cama y el sillón son ideales para un buen descanso. 
La ubicación es perfecta, es silencioso y esta cerca de todo, supermercado, restaurantes, bares, parque.
Clara y su equipo son muy cordiales, con una comunicación rápida y de muy fácil check in y check out.
Seguro volveré a quedarme en el departamento de Clara.",Limpieza,0.0,Neutral ⚪
17980951,577473036,2019-12-15,267003772,Ricardo,"Tal cual se refleja en las fotos. Pequeño, pero cómodo y acojedor departamento. Vajilla completa y todo lo que se necesita para una linda estadía.",Instalaciones,0.0,Neutral ⚪
20250841,570397379,2019-11-29,311908589,Jaqueline,"Lugar con mucho estilo, además de muy buena ubicación.",Instalaciones,0.0,Neutral ⚪
30082158,471922784,2019-06-18,269025459,Diego,"Excelente lugar, muy buena ubicación, totalmente recomendado ",Instalaciones,0.0,Neutral ⚪
19130985,580339524,2019-12-22,309830632,Agustin,Our trip was perfect! And the facilities were better than expected.,Instalaciones,0.4666666666666666,Positivo ✅
3373079,79388618,2016-06-12,30858547,Jorge,"Gracias, Alicia, todo estuvo muy bien y la atención esmerada de ti y de Emy.",Instalaciones,0.0,Neutral ⚪
5785314,225443870,2018-01-06,159025763,Rhett,"Nice character apartment in a very nice part of town opposite some great parks, but also walking distance to the above ground train at Belgrano C, or the underground at Juramento. Lots of great cafes and restaurants around Av Juramento. We had a very nice time!",Ubicación,0.565,Positivo ✅
29735534,471431712,2019-06-17,173081009,Mari,"Quien se hospedo fue mi socio, y le gusto mucho el lugar, pero me hizo  la observacion de q la habitacion tiene nada de privacidad con respecto a la habitacion de arriba y basicamente se escullan los susurros, llego una pareja a las 4 am y fue como compartir con ellos la habitacion, talvez sea bueno comentar a los huespedes q se escucha demasiado lo de lanotra habitacion, salvo por ese detalle todo muy bien.",Instalaciones,0.0,Neutral ⚪
35546274,530105404,2019-09-15,64627405,Francisco,"I've been using AirBnb to travel to Buenos Aires for years now, and Lino's place is definitely one of the best apartments i've ever been to. It's a beautiful and cozy place with just everything you need to get by and you couldn't really ask for a better location, being in the heart of Palermo, the trendiest 'barrio' in Buenos Aires, you are a few blocks away from  all the action, littered with cafés, cultural gastronomy, markets of every kind and a vibrant night life. I would definitely recommend staying at Lino's place and I would most definitely stay here again and again.",Ubicación,0.25833333333333336,Positivo ✅
9502714,458775332,2019-05-26,88645221,Rhiannon,A lovely apartment in a great location. Andrea is a brilliant host and extremely helpful. We’d stay here again if we were to come back to BA.,Ubicación,0.41500000000000004,Positivo ✅
4275585,230203387,2018-01-27,137204553,Beth,"O espaço é muito agradável, amplo e próximo a mercados, restaurantes e cafés. Chegamos à Argentina de Ferry, vindos do Uruguai e o apartamento ficava a duas quadras, o que facilitou muito nossa vida! O prédio é muito charmoso! Nos sentimos num filme! A Bárbara é uma anfitriã extremamente prestativa, cuidadosa, gentil e que pensa nos detalhes com perceptível carinho: deixou inclusive garrafas de vinho à nossa disposição! Amamos nossa experiência em Buenos Aires e certamente a estadia neste apartamento tem muito a ver com isso.",Instalaciones,0.0,Neutral ⚪
75492,39822718,2015-07-26,15481618,Jordi,"The place is a true gem. Spacious, clean, bright and very-well located. Importantly for me, it was warm in winter here. I highly recommend it.

Jonny was just great. ",Limpieza,0.4823809523809524,Positivo ✅
36071964,562236406,2019-11-10,231335760,Carlos,Excelente ubicación. Departamento bien arreglado. Recomendable,Instalaciones,0.0,Neutral ⚪
4610926,180890099,2017-08-11,111477666,Martin,"Muy buen departamento,tuvimos una excelente estadía,super (Website hidden by Airbnb) ubicación es perfecta ,bares,supermercados y todo lo necesario en un radio de una cuadra.
Duilio es un excelente anfitrión y siempre estuvo atento a cualquier necesidad q surja o sugerencia que pueda mejorar la estadia.",Instalaciones,-0.16666666666666666,Negativo ❌
32789430,560645580,2019-11-07,8284503,Lindsay,Great place to stay on an overnight between flights at both airports! They were very hospitable and helped us with figuring out a taxi to the airport the next morning. They even personally drove some of our family as we needed two vehicles. Pictures and descriptions accurate of space. Would recommend! Very nice family!,Instalaciones,0.44583333333333336,Positivo ✅
40728592,607254724,2020-02-17,24464402,Christian,Sebastian and Nelson welcome me when I arrived even if my plane was four hours late. The appartment is located in the downtown area at a few minutes walk from the Casa Rosada and everything else. Very quiet and they are always disponible to answers my numerous questions and helpfull to find your way in Buenos Aires. I even had the chance tomwatch the finale of the Rotterdam tennis chamionship. Thanks guys.,Ubicación,0.08333333333333333,Neutral ⚪
4853213,27900360,2015-03-14,27805962,Claudia,"Es un sitio bonito cómodo y acogedor. Mi hijo Samuel dijo que su estadía  había sido sencillamente buenísima. ninguna queja; todo limpio, bonito y agradable. Además muy fácil para conseguir transporte y MUY seguro. Personas muy interesantes, mucho extranjero contento también de estar en esa zona. Felicitaciones",Limpieza,0.0,Neutral ⚪
990194,441971520,2019-04-22,256411389,Bruna,"O espaço do Estebam é exatamente como nas fotos. Pelo tamanho e disposição nos pareceu muito um quarto de hotel com cozinha.
A localização é boa, fica a cerca de 5 quadras da estação de metrô e ônibus passam em frente. É seguro andar a pé tanto de dia quando a noite. Nos sentimos muito tranquilas quanto a isso.
Tem supermercados, quitandas, mercados, cafés e restaurantes nas redondezas.
O Estebam também foi muito solícito, responde rapidamente e foi muito flexível quanto ao checkin e checkout, o que nos ajudou muito.
Se existe alguma coisa ruim para falar é o tamanho do box do banheiro, é bem pequeno e acaba ficando desconfortável para pessoas maiores. E por fim, a cozinha é bem equipada, mas sentimos falta das miudezas como sal e açúcar, mas é fácil de resolver pois existem muitos mercados bem próximos. Voltaríamos a nos hospedar com certeza.",Ubicación,0.0,Neutral ⚪
1908349,294094902,2018-07-21,196026459,Galo,"Estuvo todo excelente. El depto es hermoso, esta muy bien ubicado y tiene todas las facilidades, por lo demás concuerda con la descripción y fotografías. Tiene muchos libros, arte y mucho estilo. La comunicación fue muy fluida y Elizabeth estuvo pendiente de nosotros durante toda la estadía. Totalmente recomendado!",Instalaciones,0.0,Neutral ⚪
413662,67140017,2016-03-27,4049229,Mercedes Ivonne,"Excelente ubicación del apartamento, muy cerca supermercados, carnicerias, panaderías, cafes, etc, muy bien ubicado para caminar por el microcentro de Buenos Aires o para tomar buses para cualquier lado.",Ubicación,0.0,Neutral ⚪
35200893,560679766,2019-11-07,14397309,Mary,"This was an incredible place with an even better host. Cecilia was extremely accommodating to our morning flight into Beunos Aires and let us check in early. She was easy to reach and we were in communication well before my trip began, which made me feel better as this was our first time in Argentina. The apartment was stylish and clean. Fantastic neighborhood with all the great restaurants and bars in Palermo. We loved the rooftop hot tub! 

11 stars/10 stars!!! Would go back the next time I am in BA!",Limpieza,0.39569010416666667,Positivo ✅
2423704,240290120,2018-03-04,60103917,Jose Miguel,"Muy bien ubicada la casa, en un sitio muy movido de Palermo. Muchos restaurantes, bares, supermercados y otros locales cerca.
La casa es espaciosa, todas las piezas con mucho espacio y cada una con su baño. La cocina es lo mas bajo de la casa, ya que todo el equipamiento es antiguo, pero realmente nosotros no cocinamos casi nada, solo asados, y ahí tiene una terraza muy agradable donde esta la parrilla.",Ubicación,0.0,Neutral ⚪
68868,32282807,2015-05-16,25895862,Darius,"All the positive things that everyone has said this place is 100% accurate.  Ralf and his team arranged to have a car pick me and my wife up from the ferry terminal. Everything was prompt and seamless.  Within an hour, we hand already dropped our stuff off in the apartment and walking around Palermo.  The location is excellent and the views from the apartment are breathtaking. Thank you!",Ubicación,0.5454545454545455,Positivo ✅
702977,7860754,2013-10-06,2620057,Per,"Nice and clean, very kind hosts, and a calm and interesting neighborhood. Recommended!",Limpieza,0.5343333333333333,Positivo ✅
2101580,45288209,2015-09-01,27100069,Juliette,"The house was exactly as it looked in the pictures - beautiful and filled with light. The room was perfect, as was the location of the house. It was easy to walk to all the places I visited and the area felt safe even when I came back late at night. Cristian was incredibly helpful with everything concern I had and his dog is so calm and was great company to have by my side when I stayed at home to work. I highly recommend this place!",Ubicación,0.441025641025641,Positivo ✅
19376589,178991104,2017-08-06,7431300,Lau,"Es un monoambiente lindo y cómodo para dos personas, el edificio cuenta con seguridad las 24hs. Esta a dos cuadras a plaza Italia, la rural, el subte y líneas de colectivos.  A pocas cuadras de la zona comercial de Palermo soho, a puede andar a pie inclusive de noche porque siempre hay bastante movimiento. 
Lucas nos recibió muy amable y atento a las necesidades. Fue una excelente estadía.",Atención,0.0,Neutral ⚪
10018070,80696831,2016-06-19,62255886,Sonia,"El apartamento dispone de todo lo necesario para poder disfrutar de una estancia cómoda y agradable. Cuenta con una ubicación privilegiada para moverte por la ciudad.  La relación calidad-precio nos pareció muy buena. En relación al anfitrión, Cristian, estuvo disponible y en continuo contacto con nosotras para cualquier cosa que pudiésemos necesitar, destacaría su amabilidad y buena disposición para que nuestro viaje fuera lo mejor posible. Por último apuntar que para mi era mi primera experiencia con air bnb y creo que volvería a repetir tanto en este estudio como en fúturos destinos. ",Precio/Calidad,0.0,Neutral ⚪
12092277,237877115,2018-02-24,66005471,Killian,"Gracias por todo ! 
Mejor estancia que hice hasta ya :D
El depa es muy hermoso, y bien ubicado, 
Andrea es muy buena onda, 
Y Bangkok, un amor ! 
A bientôt :)",Instalaciones,0.75,Positivo ✅
26153562,490364588,2019-07-18,268971912,Andre,"Ana é uma excelente anfitriã, solicita, e sempre disposta a ajudar, da dicas sobre a cidade e responde rapidamente as mensagens.
O apartamento tem localização privilegiada, o que facilita para conhecer a cidade.
Na próxima vez em Buenos Aires,  já sabemos, sem dúvidas, em qual local ficar.",Instalaciones,0.0,Neutral ⚪
29328462,594960967,2020-01-19,216469946,Jose Rafael,"Lindo y acogedor departamento. Tiene todo lo necesario para estar cómodos. La zona muy agradable y segura. Cuenta con varios Bares cerca full buena vibra, para disfrutar de la noche y pasarla muy bien! Súper mercados, bancos y comercios que facilitan tu estancia. Sol, excelente anfitriona! Super amable, educada y dispuesta a resolver cualquier cosa. Sin duda volvería!",Ubicación,0.4817708333333333,Positivo ✅
8942580,531471417,2019-09-17,173491073,John,"Anahi was very helpful and responsive. She provided all sorts of helpful information. The apartment is clean and comfortable, with everything you need for a stay in the city. It’s easy to get to all the main tourist sites and there are local shops, bars and restaurants within easy reach.",Limpieza,0.2857142857142857,Positivo ✅
28714604,435172691,2019-04-09,51162079,Claudia,"Departamento con buena ubicación, bien equipado, limpio, excelentes anfitriones",Limpieza,0.0,Neutral ⚪
28129162,351330005,2018-11-22,22698367,Oscar,"Nicolás muy amable, fue flexible con el check in lo que me ayudó mucho. El departamento muy bien ubicado en un barrio muy lindo y muy cómodo.",Ubicación,0.0,Neutral ⚪
4117299,245247700,2018-03-21,177428071,Marisa,"Amazing apartment in the best part of Palermo!  WIFI worked very well, the beds were super comfortable, I loved the decoration. Marcos and the building staff were super friendly and accommodating. We were able to drop off our bags before check in, giving us the opportunity to explore the city. We were able to do our laundry and Marcos even left us a great bottle of wine for our stay. The apartment was beautiful, clean and in a great location. He had great suggestions on places to eat and drink. We really enjoyed our stay.",Limpieza,0.5328431372549018,Positivo ✅
2087059,42119107,2015-08-11,1801394,Justin,"Great location, comfortable place, centrally located. Matais and Cande were very welcoming and extremely helpful. Definitely recommend!",Ubicación,0.21250000000000002,Positivo ✅
13294482,248482105,2018-03-31,1799780,Paul,"Wonderful view overlooking the park, near numerous restaurants. Great windows and light, large deck for sitting out. Minimal to moderate street noise depending on time of cay. Fast WIFI. All kitchen basics. Facundo met us in person and was very welcoming.",Ubicación,0.2814285714285715,Positivo ✅
37988667,579001085,2019-12-19,41840339,Montserrat,Un apartamento cómodo y tranquilo con agradables vistas a Palermo viejo. Valoro que el edificio tenga un conserge tan amable. Santiago es un buen afitrión y contesta de inmediato a cualquier petición. Nos recomendó sitios para comer por la zona. Gracias por hacer nos sentir como en casa.,Atención,0.0,Neutral ⚪
1415544,66360380,2016-03-22,22526031,Helena,"Jimena y Emilia son dos genias! Muy amables y respetuosas, me hicieron sentir como en casa. El barrio está buenísimo, muy cerca de muchos de los principales atractivos turísticos de la ciudad y es muy fácil desplazarse de ahí. El departamento es simple, pero muy bueno, lo recomiendo para todos.",Ubicación,0.0,Neutral ⚪
18089171,490962659,2019-07-19,140724360,Alfredo,Excelente ubicación.  Óptimo para dos personas.  Todo como en la descripción.,Instalaciones,0.0,Neutral ⚪
9502714,134685654,2017-02-28,4195475,Jean-Luc,"Bel appartement moderne, propre et situé dans un quartier vivant et intéressant. La communication avec Andrea est facile et efficace. ",Atención,0.0,Neutral ⚪
36349254,502400483,2019-08-04,136801140,Sebastián,"Departamento muy bonito, impecable, espacioso, con lindos detalles, con todo lo necesario. Marcela y su hijo estuvieron siempre atentos, lo recomiendo 100%",Instalaciones,0.0,Neutral ⚪
30924130,513548636,2019-08-19,46631928,Valentina,"Muy lindo el departamento, la decoración, los detalles hermosos. Es muy amplio y super limpio. Muy atento el encargado que nos recibió. El barrio es hermoso tambien. Super recomendable",Limpieza,0.3333333333333333,Positivo ✅
1667071,341310951,2018-10-26,184864561,Rodrigo,"Great place to stay! Great location, clean, safe, and a perfect host.",Limpieza,0.7333333333333334,Positivo ✅
17268254,528732752,2019-09-13,106387470,Katherine,We appreciated that our host was a quick and efficient communicator offering advice about the neighborhood. When we had a problem with the WiFi password Barbara immediately got on the phone with the provider to fix it for us. Thanks for a great stay!,Ubicación,0.43333333333333335,Positivo ✅
29353666,431662517,2019-04-01,227486317,Claudia,"Me encanto el departamento, super comodo y lindo! Fue perfecto para nosotras (3 personas). Tener el subte a unas cuadras fue lo mejor porque nos podiamos movilizar muy bien y era facil de llegar. Beatriz fue super buena y atenta con nosotras, cada duda que teniamos nos la contestaba inmediatamente. Nunca tuvimos problemas, volveria sin duda. Gracias por todo Beatriz!",Instalaciones,0.41666666666666663,Positivo ✅
1307363,446061492,2019-04-30,257853085,Alan,"Muy agradecido de Griselda , muy buena atenciòn y disposiciòn para  tener una buena estadìa , respuestas rápidas , Dpto con una inmejorable ubicación para visitar y conocer buenos aires , absolutamente recomendable",Instalaciones,0.0,Neutral ⚪
32788387,567400098,2019-11-22,309023909,Nadia,"Muy buena ubicacion, limpio el departamento, en la esquina hay un supermercado. Silvia respondio siempre nuestras consultas de manera rapida.",Limpieza,0.0,Neutral ⚪
23043064,418549139,2019-03-02,28035202,Arnaud,"Emplacement idéal pour découvrir Buenos Aires, le quartier est très vivant.",Instalaciones,0.0,Neutral ⚪
42172292,617263642,2020-03-12,25795060,Jorge Martín,"El dpto es de primera, bien equipado y con todos los detalles y facilidades necesarias. La ubicación es excepcional. Marcelo muy amable, atento a cualquier consulta o problema. Ojalá esté disponible cada vez que vuelva a BA.",Atención,0.0,Neutral ⚪
13375587,582137363,2019-12-26,37668143,Philippe,Excellent great place,Instalaciones,0.9,Positivo ✅
4150405,76007157,2016-05-24,30947372,Yann,"Un departamento impecable, con todas las comodidades necesarias.  Mariano nos recibió muy amablemente y siempre estaba disponible para toda pregunta que llegara a tener.  El departamento está muy bien situado en el medio de Palermo Soho y a una cuadra de Plaza Serrano.  Un barrio lleno de restaurantes y bares.  Lo recomiendo!! 
Muy Linda Experiencia!! Gracias!",Ubicación,0.0,Neutral ⚪
28159546,367740202,2019-01-05,11415298,Francisco,Great spot! Brand new and good location.,Ubicación,0.6121212121212121,Positivo ✅
31665909,458781030,2019-05-26,50153602,Leidy Natalia,"Realmente todo fue mejor de lo que espereba. El hecho de que Eduardo es una excelente persona da como resultado que todo en la casa es totalmente espectatular. Eduardo me atendio muy bien, siempre estuvo pendiente de mi, me dio indicaciones, realmente me senti como en casa. El hogar es muy acogedor, es limpio, muy organizado, muy bonito, amplio y en un buen sector. No hay nada para mejorar, sin duda alguna me volveria a quedar nuevamente!",Limpieza,0.0,Neutral ⚪
939970,167125018,2017-07-05,85537569,Luigui,"Tengo que agradecer a augusto, hizo que mi estadia por buenos aires fuera perfecta! excelente ubicacion muy amplio y elegante.

Gracias Augusto",Instalaciones,0.0,Neutral ⚪
2174343,240300153,2018-03-04,36640131,Elizabeth,Great location.  Basic accommodations.  Nice building and very nice host. Thank you.,Ubicación,0.5449999999999999,Positivo ✅
29062878,433442855,2019-04-06,3992144,Faku,Muy buena onda se tuvo una respuesta rápida para llegar y consideración para salir. La zona cómoda para lo q estábamos en almagro y el departamento muy  cómodo.,Instalaciones,0.0,Neutral ⚪
28313195,342771176,2018-10-29,197604550,Keith,Tomas is a great host! He allowed me to check in later than planned and was very happy to do so. He was also flexible with the checkout time which was nice. The place has great views of the city and is in a safe quiet neighborhood.,Ubicación,0.5571428571428572,Positivo ✅
3312645,219699385,2017-12-18,78319741,María,Depends on the group you are traveling with. I loved san telmo but other people might think is not such a good neighborhood. I like the apartment and ruben is really great.,Ubicación,0.41500000000000004,Positivo ✅
16171798,301656059,2018-08-04,193973033,Jaime,"Todo muy bien, excelente ubicación absolutamente recomendable.",Instalaciones,0.0,Neutral ⚪
8672742,253928514,2018-04-15,38193717,Tim,"This is a neat old place in a great walkable area. Lots of cafe’s and restaurants are very close by. House is comfy and unique. The hosts are very nice and helpful - gave us tips on things to do and where to find parking,",Ubicación,0.45099999999999996,Positivo ✅
33908370,563631632,2019-11-13,58198976,Kyle,This is a great place to stay in Buenos Aires near the Puerto Madero neighborhood. Huge one bedroom with all the amenities needed. Right near the ferry to Uruguay which is where we were headed!,Ubicación,0.3421428571428572,Positivo ✅
24730216,499510180,2019-07-31,25917047,Megan,"Eugenia is amazing!!! Such a warm and kind human. She gave such great food, museum, art, nightlife, and theater recommendations. She was always sending me info each day and helped me navigate throughout the city. Breakfast was tasty and got me going each morning. Eugenia was super thoughtful and invited me to make empanadas with her family one night too! The flat is very clean and the bed was super comfortable! This was my first time traveling alone to a new country and Eugenia made sure I was safe and taken care of! Cannot wait to visit again!",Limpieza,0.3991733511586453,Positivo ✅
13828970,408761824,2019-02-05,78459904,Maria,"Un estudio limpio y confortable, en un barrio tranquilo y muy bien ubicado para movilizarse con transporte público a cualquier punto de Buenos Aires.   Valeria y Gerardo fueron muy atentos y cordiales.
Gracias por una muy buena experiencia.",Limpieza,0.0,Neutral ⚪
17978165,198772694,2017-09-30,135862765,Mario,"Una palabra define mi experiencia en la casa de Vanda: Maravilloso. Vanda es una excelentísima persona, siempre muy atenta y gentil. La habitación es amplia, con mucha luz, y tranquila para descansar, estudiar, escribir, o disfrutar de unas excelentes vacaciones. Está ubicada muy cerca de todo: bares, tiendas, supermecados, estación del subte, etc. 
Mi estadia en la casa de Vanda en Buenos Aires, y la misma Vanda, resultaron en una experiencia muy grata y extraordinaria. Además, de ser un excelente anfitriona, obtuvé una muy buena amiga.",Ubicación,0.0,Neutral ⚪
27746574,410620028,2019-02-10,165286429,Ciro,"Excelente lugar para hospedarse en Buenos Aires, muy cómodo y cerca de todo. A esto se le suma la muy buena atención y asistencia recibida durante nuestra estadía.",Ubicación,0.0,Neutral ⚪
34668966,603586082,2020-02-09,278857286,Boris,The place is very good. In best part of town but slightly away from the Palermo nightlife so perfect if you want a quiet one and not far if you want to go out. The building and area feel safe and secure and the flat has everything you might need for a long term stay.,Instalaciones,0.35183333333333333,Positivo ✅
79766,50558929,2015-10-12,23954098,Jessie,"Oscar is a fantastic host. Very responsive and full of great recommendations! The apartment is in a safe neighborhood, and walking distance from many of the city's highlights. You'll be welcomed with a big smile, clean apartment, fast Wifi, and terrace that provides a fantastic place to wake up or watch the sun go down. ",Limpieza,0.3384259259259259,Positivo ✅
35034679,542545512,2019-10-06,14510010,Miguel-Angel,The host canceled this reservation 27 days before arrival. This is an automated posting.,Atención,0.0,Neutral ⚪
4627483,33451868,2015-05-28,1983426,Nathan,"Nice small studio flat but issues with the host who unfairly tried to accuse me of having broken the building elevator. It broke down while the concierge and I stepped in it, so I must have broken it(?!). Without trying to understand, the host accused me in a rude and aggressive manner. Very disappointing dishonesty. I recommend booking somewhere else to avoid issues. ",Atención,-0.2567283950617284,Negativo ❌
33136856,433415779,2019-04-06,199292933,Angie,Un lugar muy cómodo con todo lo que se necesita como utensilios y la conexión de wifi muy rápida.,Instalaciones,0.0,Neutral ⚪
855440,10729858,2014-03-04,11412280,Jamal,Just an ideal location and the apartment is fully equipped and full of natural light.... exactly as advertised. Highly recommended. ,Ubicación,0.36000000000000004,Positivo ✅
24713,49909723,2015-10-07,10743955,Jordan,We had a great trip in Buenos Aires in large part to Griselda's great apartment. Everything was as described. It is right in the heart of town in an excellent location. Griselda is very kind and the security staff are very kind and welcoming as well. We are quite happy with our selection and gratefull to Griselda for opening her apartment to us!,Ubicación,0.7075,Positivo ✅
34042933,460151039,2019-05-28,256827582,Carolina,La habitación es bastante amplia y cómoda. Muy recomendable,Instalaciones,0.0,Neutral ⚪
40286807,597969314,2020-01-26,123003576,Matías,"Un apartamento excelente para disfrutar de una estadía en Buenos Aires , cerca de todo . La zona muy segura",Ubicación,0.0,Neutral ⚪
5870865,458098675,2019-05-25,34759129,Bárbara,"El alojamiento de Pablo es tal cuál cómo se ve en las fotografías.
La vista es espectacular y el barrio inmejorable, cerca de transporte público, supermercados y muchos restaurantes y bares,  pero lejos del ruido. 
El departamento está muy bien equipado y es muy seguro además.
Pablo cómo siempre super disponible para ayudar y hacer grata la estadía. 
Gracias nuevamente Pablo por tu disposición y buena onda, hasta otra!!",Ubicación,0.5208333333333333,Positivo ✅
17218603,252428473,2018-04-10,129468177,Tábata,"Más de lo que esperaba. Un hermoso lugar en un barrio con muchas opciones. Maria Pía nos orientó en todo necesario.
Quedamos felices con la elección.",Ubicación,0.0,Neutral ⚪
35741677,617607955,2020-03-13,327152167,Sonia Regina,The host canceled this reservation 5 days before arrival. This is an automated posting.,Atención,0.0,Neutral ⚪
30931076,417527871,2019-02-27,18993243,Liam,"Emiliana’s Airbnb is a great place for a trip to Buenos Aires. The flat is bright lit and there is plenty of space for two people, balcony gets sunshine all afternoon. Very comfy and clean.

The location is good, it’s easy to walk to Palermo and you are close to metro and bus stations too. Loads of bars, cafes, restaurants.

Emiliana sends a really detailed list of tips for things to do and see which is very helpful.

Very good value.",Limpieza,0.4685,Positivo ✅
623706,216755252,2017-12-05,599115,Jonhnson,"Great place, close to everything in Palermo. Easy to communicate and coordinate. Would definitely stay again. ",Instalaciones,0.41111111111111115,Positivo ✅
30065796,511563018,2019-08-17,48481035,Laura,"Very nice place to stay. Right in the middle of a lot of restaurants and bars. Host was very nice,  friendly and helpful",Atención,0.44414285714285723,Positivo ✅
25425101,356498725,2018-12-08,142226110,Luis,"Departamento muy confortable, con todas las comodidades descriptas, la coordinacion con Clara fue muy buena. La ubicacion es excelente, muchos medios de transporte a muy pocas cuadras. 
Para tener en cuenta obra en construccion de edificio al lado del dormitorio del departamente que hacen mucho ruido. Igual desde las 17 a 07 horas todo tranquilo.",Instalaciones,0.0,Neutral ⚪
33364083,563305952,2019-11-12,212322136,Perla,Muy cómodo y en una ubicación excelente!!!,Instalaciones,0.0,Neutral ⚪
8422982,61089699,2016-01-31,3333163,Ado,I had a great experience staying at Anas place. The location is unbeatable and the room is nice. Ana and her brother are very friendly and helpful. I plan to return here next time i'm in BA. Thanks!,Ubicación,0.42750000000000005,Positivo ✅
39505733,562115345,2019-11-10,240441702,Esteban,"Muy lindo, cómodo y bien ubicado el depto, Flavia y Ramiro muy buena predisposición y buena onda ! Muy amables , hasta nos guardaron nuestro equipaje en su casa al día siguiente, sumamente recomendable !!",Atención,0.0,Neutral ⚪
23478258,500090055,2019-08-01,264743131,Alaide,"El departamento está perfectamente ubicado. Muchos colectivos y líneas de subte que se conectan con facilidad. Romi responde súper rápido, todas las facilidades están en el departamento. Lo recomiendo mucho!",Instalaciones,0.0,Neutral ⚪
78014,1735413,2012-07-17,2636318,Janet,"A very enjoyable stay in a safe and lively neighborhood.

This studio flat had everything I needed: a fast and stable wifi connection, a clean and serviceable kitchenette, a comfy bed, and a lovely little patio. The nights were very quiet.

Elbio Mariano was a great host; he always answered questions I sent via airbnb messaging nearly immediately and welcomed with with warmth. 

I definitely recommend this flat for a very comfortable stay in BA!",Limpieza,0.2618235930735931,Positivo ✅
29791765,487990901,2019-07-14,76599724,Maria Belen,"Carolina y su hija fueron muy amables. El departamento es hermoso, tal cual como se ve en las fotos. Está equipado como para vivir. Todo funciona a la perfección y esta muy limpio.El mejor depto que me he alojado en Airbnb. Muy recomendable!!!",Limpieza,0.0,Neutral ⚪
22873575,553222447,2019-10-23,222648240,Neri,"La habitación es muy cómoda, en las camas XXL que hay se duerme genial. Además, valoramos mucho la flexibilidad que tuvieron en cuanto al horario, la predisposición para responder rápidamente las consultas y la limpieza. Lo único que hay que tener en cuenta es la escalera. Estaría bueno que se ponga un tv aunque sea en el comedor. La ubicación es excelente. Lo recomiendo! Saludos",Instalaciones,0.0,Neutral ⚪
6989067,331410429,2018-10-02,38966933,Jon,"You can't beat this place. It's a great, new, and clean apartment, and it's location in Palermo is extremely convenient and close to numerous bars and restaurants. Alejandro is a great host too. He was quick to respond to any questions we had and even booked our 4:00am ride back to EZE airport. If you're coming to Buenos Aires, you'd be doing yourself a disservice if you don't stay here.",Limpieza,0.28892045454545456,Positivo ✅
5979273,127334386,2017-01-17,45403165,Nabila,Griselda es muy amable y cordial. Dio recomendaciones de lugares para visitar. El apartamento estaba limpio y tal cual aparece en las fotos. 100% recomendado.,Limpieza,0.0,Neutral ⚪
15757105,189376913,2017-09-01,16760754,Dustin,The location is great! I was able to walk most places. Great value for the area,Ubicación,0.7,Positivo ✅
17916831,229435808,2018-01-23,164161710,Andy,"María tiene su departamento en un punto muy estratégico de Buenos Aires en donde te podes desplazar rapidamente desde La Boca, Puerto Madero,a Las Cañitas y tenes transportes para llegar rápido al lugares como:Parque de la costa o San Isidro. Su casa está finamente decorada con estilo y distinción. La habitación es tranquila, silenciosa, limpia, grande y agradable. Coco es un gato travieso que conquista los corazones de todos que lo concem y María es um anfitriona maravillosa, fina, educada, buena onda y muy respetuosa de los espacios o en mi caso como yo que fue mi primera experiencia en la aplicación, fue muy atenciosa! Desde la habitación cuando la escuchas poner milongas parece que el tiempo vuelve atrás y sentis que estás en una casa con el verdadero espirito porteño. Un placer",Atención,0.0,Neutral ⚪
16206899,140038161,2017-03-27,4215157,Riccardo,"I enjoyed very much BA also thanks to this comfortable, clean and nice apartment.
It's in Palermo area, in a quite street, but close to Plaza Serrano where you can find a lot of restaurants and places&bar where you can spend some nice time: so it's perfect if you want to enjoy the BA atmosphere.
Marysol and MArcelo were very nice with me, receiving me in the best way and helping me with some indication about the city.
Grazie ragazzi!",Limpieza,0.5551515151515152,Positivo ✅
35945925,557247545,2019-10-31,30200398,Emma,Margarita is a lovely host. Her place was like home. She even let me use the washing machine... It was really convenient for my tango school in Almagro and across the road from a milonga I go to. It was super clean and I slept really well in the bed. I really recommend it.,Limpieza,0.3,Positivo ✅
20816745,215747019,2017-12-01,34126568,Lucie,"Traveling solo, Maria's apartment was the perfect setup. Biggest surprise: the view! Place was clean, safe and well-situated. About 15/20 minute walk to Recoleta and Palermo. Management was also super friendly and helpful when I needed something. Would definitely stay there again!",Limpieza,0.4291666666666667,Positivo ✅
3497955,204115139,2017-10-16,38404902,Jose Antonio,"Tal lo había pactado, estuvo Claudia para entregar el departamento al igual que a la salida. Fueron días de estada en un departamento muy confortable al que seguramente volveremos",Instalaciones,0.0,Neutral ⚪
1826469,445531616,2019-04-29,26378901,Adrian,"Julio a été un hôte très accueillant, aimable, et attentif à ce que le séjour se déroule parfaitement. L'appartement est situé dans un quartier très animé, avec de nombreux restaurants et commerces !",Instalaciones,0.0,Neutral ⚪
1633098,366854069,2019-01-03,23815499,Bruno,"Once again an excellent place to stay! Super central in terms of transit, clean and with all the amenities you'll need, and a super communicative and friendly host :)",Limpieza,0.41547619047619044,Positivo ✅
21398384,218543045,2017-12-13,21608261,Manuel,"El departamento es excelente, a pesar de ser un monoambiete es batante amplio. Cabe destacar que la decoración es muy buena. Gonzalo siempre estuvo antento a cualquier duda o requerimiento que se presento. Recomiendo 100% la estadia aqui.",Instalaciones,0.0,Neutral ⚪
24124033,327816127,2018-09-24,10562492,Ariel,"Lucas y su hermano tienen experiencia en atender huéspedes, son flexibles en los horarios.
La habitación y áreas comunes son tal como en las fotos, su terreza privada es agradable para sentarse a tomar algo.
Las camas son buenas pero pequeñas, de una plaza, para quiénes no estamos acostumbrados o somos gorditos... casi me caigo un par de veces.
En general la relación beneficio, ubicación/ precio es muy buena.
Lo recomiendo.",Precio/Calidad,0.05000000000000002,Neutral ⚪
32239898,446459899,2019-05-01,160114316,Cande,"El dpto es tal cual en las fotos, hasta mas grande de lo que se ve, super cómodo. La ubicación es espectacular, cerca de las paradas de colectivos y subtes y a 5 minutos caminando de Plaza Italia y los Bosques de Palermo. Federico su anfitrión es excelente. Fue muy amable en todo momento, pendiente de lo que necesitáramos. Tuvo en cuenta nuestros horarios de llegada y salida complicados por los horarios y se adapto a eso. Sin dudas volveremos a hospedarnos ahí la próxima vez!",Ubicación,0.41666666666666663,Positivo ✅
17495792,410612959,2019-02-10,125845072,Brian,"Belén was extremely responsive and easy to work with. Unfortunately in the dead of summer the A/C struggled to keep the second bedroom chilled, and we had issues with the internet which was a building wide issue, not directly related to her apartment. Overall I'd stay with her again.",Instalaciones,-0.06145833333333334,Neutral ⚪
33591750,598934148,2020-01-28,170183722,Avril,"Comfortable flat with terrace to sit out on, in quiet neighbourhood, laundry facilities available also. Andy was very helpful and gave us some good tips.",Atención,0.2791666666666667,Positivo ✅
15648800,297823923,2018-07-28,199738575,Federico Nahuel,"El lugar es privado, de muy fácil acceso y cerca de un supermercado y de una avenida con mucha circulación y comercios. El departamento es muy cálido, cómo y super amplio, muy recomendable para 1, 2 o 3 personas inclusive!",Ubicación,0.41666666666666663,Positivo ✅
2069443,476113681,2019-06-25,171135486,Tuulia,"Perfect location! Close to the metro station so it was easy to get to the city center. Cool neighborhood with good restaurants and cafés. Also good with foodshop nearby.

Its was quite noicy during nighttime so make sure to bring earplugs. We also find the apartment a littlebit unclean.",Limpieza,0.5119047619047619,Positivo ✅
19624655,176272828,2017-07-30,52251782,Franciele,"Apartamento a uma quadra do metro, próximo do centro e de San Telmo. Muito confortável. A anfitriã é super atenciosa. Recomendo!!!",Ubicación,0.6510416666666665,Positivo ✅
23524647,432340527,2019-04-03,22456967,Maria Jose,"El departamento es como se muestra en las  fotos, muy espacioso y con todo lo necesario para hospedarse por varios días. Excelente ubicación , excelente zona. Volvería a hospedarme en lo de Mercedes sin ninguna duda.",Instalaciones,0.0,Neutral ⚪
28159807,366365678,2019-01-02,41276914,Charla,"Beautifully appropriated loft in a convenient location in the Palermo Soho area.  Short walk to many bars, shops, coffee, restaurants, and easy to get cab or public transport to anywhere in BA.  The loft is tastefully decorated - Guy did an amazing job as a host and recommended some local eateries that we really enjoyed.  He checked up on us a few times during our stay to make sure everything was okay. The loft sits in back of building and is quiet with lots of greenery that creates a wonderful modern living space.  Highly recommend this space as a great home base while staying in the Palermo area.",Ubicación,0.2801851851851852,Positivo ✅
27876936,452965917,2019-05-14,2423776,Pam,"El depa nos gustó, espacio amplio , cama muy cómoda, bien ubicado en Palermo.",Instalaciones,0.0,Neutral ⚪
39635536,570863286,2019-11-30,122094129,Georgina,"Excelente ubicación, muy limpio y cómodo. Es muy práctico el ingreso y salida, y destacamos los detalles de hospitalidad.",Limpieza,0.0,Neutral ⚪
1251847,167713423,2017-07-07,11970142,Joao,"This was our first airbnb attempt and it was amazing. Marcela is a wonderful host, she made me and my wife feel very comfortable and welcome. 

The apartment is perfect for a couple, very spacious and the location is the best. We were able to do most of our touring by feet and had plenty of options for late dinner in the neighborhood. 

Marcela pointed several services, out for us, including  a supermarket, drugstore, several kioskos and coffee shops, all within 2 blocks distance. In the very first morning we were able to buy ourselves 4G SIM cards in the kiosko, stock the fridge with fresh fruits, water, bread and 'dulce de leche', have breakfast at Delicious (amazing espresso and tostadas) and tour through several Ricoleta Parks and historical buildings.

Essa foi nossa primeira experiência com o airbnb e foi espetacular. A Marcela nos recebeu muito bem e pudemos nos sentir muito à vontade desde o início. 

O apartamento é perfeito para um casal, bem amplo e ótimamente localizado. A maior parte dos nossos passeios pode ser feita à pé por causa disso e à noite sempre tínhamos boas opções para o jantar pela vizinhança.

A Marcela nos indicou vários lugares nas proximidades, como um supermercado, farmácia, vários kioskos e cafés, todos a menos de 2 quadras. Na primeira manhã conseguimos comprar chips para os celulares,  carregar a geladeira com frutas, água e doce de leite e tomar um ótimo café com torradas (tostadas) no Delicious, e ainda sobrou tempo pra andarmos por vários dos parques da Ricoleta e prédios históricos. ",Ubicación,0.395,Positivo ✅
5893529,59019132,2016-01-05,549675,Florencia,Buena ubicación,Instalaciones,0.0,Neutral ⚪
38180044,600950692,2020-02-02,328993309,Natacha,"El departamento es hermoso, amplio y con muy buena ubicación -cercano a bares, museos y otros.
Karinna es muy atenta, responsable y responde rápidamente cualquier mensaje.",Ubicación,0.0,Neutral ⚪
1707508,212158823,2017-11-16,41378583,Florencia Ines,"La ubicación es Ideal! A solo unos minutos de Aeroparque y en el corazón de Palermo Soho. 
Claudia estuvo siempre disponible cuando la necesitamos y nos encantaría volver a su casa en algún otro viaje.",Instalaciones,1.0,Positivo ✅
10655816,294121401,2018-07-21,196020564,Frida,"Además de la habitación tan linda y la buena ubicación dentro de Buenos Aires, Moni es una execelente anfitriona que te hace sentir cómoda y como en casa en todo momento. ¡Gran elección!",Atención,0.0,Neutral ⚪
1592614,137290187,2017-03-14,40652681,Sam,Danny was a great host! He went above and beyond to help us out and even came super early in the morning to accommodate us! Would definitely recommend!! ,Atención,0.29166666666666663,Positivo ✅
32921905,485273148,2019-07-10,51236855,Fabrizio,"Es pequeño, sin embargo cuenta con todo lo necesario para pasarla bien. Destacamos la ubicación, sobre todo para los que quieren ir a clases de tango y/o milongas. Los anfitriones son muy atentos (pedimos frazadas extra y las trajeron al día siguiente) y muy dispuestos a solucionar eventualidades. Fueron muy flexibles con con los horarios de check in y check out, lo cual nos facilitó mucho las cosas. 
A dos cuadras de la línea B de subte y pasa otra línea muy cerca también. En la zona hay muchos supermercados, farmacias, kioskos, verdulerías, panaderías, etc.",Ubicación,0.0,Neutral ⚪
13140800,497364643,2019-07-28,248438758,Elizabeth,Un lugar muy acogedor y cerca de todo... muy buena experiencia,Ubicación,0.0,Neutral ⚪
3570163,69515119,2016-04-11,11266828,Matias,"Excelente experiencia, hermoso departamento, limpio, muy bien ubicado. Maria siempre muy atenta a cualquier solicitud",Limpieza,0.0,Neutral ⚪
30934410,484800676,2019-07-09,91613989,Agustina,"Super flexibles con el check in y check out. Buena relación calidad-precio. Tienen dos gatitos super mimosos, pero no apto para alérgicxs. Hermosa zona, cerca de subte, tren y buses. La limpieza podría estar mejor pero es aceptable.",Ubicación,0.3333333333333333,Positivo ✅
20062,200203790,2017-10-04,110433446,Augusta,"Very good location, great apartment, excellent host.",Ubicación,0.9033333333333333,Positivo ✅
32658141,428587948,2019-03-25,246424862,Laura Camila,"El departamento es hermoso , amplio con balcón para disfrutar del sol y de la noche , cómodo , impecable  , super limpio y seguro. 
Delfina la anfitriona super amable y muy atenta con respuesta rápida a todas las consultas.",Limpieza,0.3333333333333333,Positivo ✅
3109356,23848513,2014-12-12,11108717,Chris,"Excelente Experiencia! Pablo muy atento. El apartamento es super centrico,  es limpio y bien cuidado todo luce como se describe! muchas gracias!",Limpieza,0.5208333333333333,Positivo ✅
40169934,590039349,2020-01-07,183225739,María Noel,"Quede fascinada con la energía del depto. La vista inmejorable y todas la comodidades necesarias. 
Mirian súper amable y con disponibilidad completa a resolver cualquier necesidad. Gracias por todo!",Atención,0.0,Neutral ⚪
19624655,438786157,2019-04-17,23691416,Gabriela,"O apartamento é exatamente como nas fotos, Carolina é muito atenciosa e muito solícita, nos deu dicas interessantes e estava pronta para nos ajudar quando precisamos! Nos chamou a atenção o carinho pelos toques finais: deixou shampoo, condicionador, cartão do metrô, mapas e guias prontos para a gente. Só a internet poderia ser melhor.

Em resumo: A estadia foi ótima e a host muito simpática, recomendo!",Atención,0.0,Neutral ⚪
29381795,583256768,2019-12-28,1879338,Heather,"A lovely home from home with all the things we needed for a very happy stay. The terraces are beautiful, comfortable beds, decent aircon, washing machine. All good!",Instalaciones,0.6319444444444444,Positivo ✅
34501965,572648290,2019-12-03,290540969,Francisco,Aceptable,Instalaciones,0.0,Neutral ⚪
17025182,144035219,2017-04-14,103359061,Sabrina,"El departamento es muy cómodo y está en una ubicación accesible a todo. Kike, se mostró predispuesto desde un principio y nos recibió muy bien. El lugar cuenta con todo lo necesario para la estadía, elementos básicos en el baño y cocina bien equipada. Es seguro y amplio. Nuestra experiencia fue muy buena y sin duda volveríamos a elegirlo.",Instalaciones,0.0,Neutral ⚪
5580587,208484116,2017-11-01,4218927,Elisa,"Un lugar agradable con un dueño re simpático y atento a sus necesidades. El único desagradable era el ruido de la calle los días de show. Sino, fue una estadía perfecta.",Instalaciones,0.0,Neutral ⚪
36912049,594356243,2020-01-18,60935387,Noa,"The place was great! Amazing location, very spacious and matched the description. Unfortunately there was no AC in the little room so that might be an issue in the hot summer days. Cleaning of the place could be a bit better... Overall a great experience and we definitely recommend it",Limpieza,0.26625,Positivo ✅
23901883,327807686,2018-09-24,45169285,Paola,"El departamento se encuentra cerca de bocas de subte, colectivos, lugares para comer y recrearse. El departamento es exactamente lo que se ve en las fotos. Internet funciona perfectamente. La anfitriona es muy amable, el horario de entrada fue flexible.",Ubicación,0.0,Neutral ⚪
4179393,55880832,2015-12-06,8134274,Job Diógenes,"Apartamento excelente em um ótimo bairro, com Mercado literalmente na esquina, Cafés e metro a poucos metros. Roberto e sua esposa são pessoas educadas dóceis e atenciosas, fazem de tudo pra você se sentir bem. Chega lá, tem tudo arrumado, talheres, temperos e até sabão pra lavar roupa se quiser. Além de frutas e um pão feito por sua esposa.  Cinco estrelas é pouco para eles. 
Experiência excepcional, especialmente para um casal que quer curtir BsAs com tranquilidade e romantismo. ",Ubicación,0.0,Neutral ⚪
35350441,547004226,2019-10-14,12210448,C,"Lindo barrio, bien centrico.  El espacio es amplio, comodo y super lindo.  La terraza es enorme.",Ubicación,0.3333333333333333,Positivo ✅
23924601,535905047,2019-09-25,20943879,Kostya,"Es un cuarto luminoso, con linda vista a la ciudad. Excelente ubicación, excelente apartamento, limpio, amplio. Elena es muy amable.
Tiene buena conexión internet, enchufes internacionales, y todo lo que se necesita para estar cómodo.
Muy recomendable, espero volver en mi próximo viaje.",Limpieza,0.0,Neutral ⚪
8923937,71644305,2016-04-27,9321849,Richard,"Pia's apartment is simply amazing!  We stayed here for 6 weeks and would have loved to stay even longer.  Why we loved it: 1) big spacious apartment with 2 bathrooms and 2 big beds, 2) beautiful balcony, even with its own parilla!, 3) location is right in Palermo Hollywood, super safe, 5 min walk to all the best restaurants and our favorite cafe in Buenos Aires, is right down stairs, 4) internet works really well - fast and reliable, 5) everything is brand new, I think the apartment itself was only built a year ago.  Perfect!",Ubicación,0.4229247360826308,Positivo ✅
14823064,237567326,2018-02-23,157412089,João Vítor,"Amazing place and location, very versatile! The hosts were very kind as well. Thank you, definitely would stay in this apartment again.",Ubicación,0.40750000000000003,Positivo ✅
809738,106320544,2016-10-05,3190274,Esteban,"Nuestra estadía en el apartamento de María fue muy buena. El apartamento es todo lo que muestran las fotos. Cómodo, acogedor y muy simpático.
San Telmo es un barrio bárbaro, es cerca de varios de puntos de interés y todos los servicios están cercanos al apartamento, mercados, farmacias, bares, panaderías, en fin, todo lo necesario está a mano.
Tanto el barrio como el apartamento suman para hacer conque la estadía sea óptima.",Ubicación,0.0,Neutral ⚪
13140800,83537426,2016-07-03,78462599,Julieta,"Muy buena experiencia, los anfitriones super cordiales y amables, predispuestos, el departamento es muy cálido y lindo. La zona es hermosa cerca de los mejores lugares.",Ubicación,0.3333333333333333,Positivo ✅
14090273,519911930,2019-08-29,21191487,Paula,"Apartamento muito bem localizado, com estrutura simples, cama regular e custo beneficio bom por conta da localização excelente.  Não tive problemas em contatar a Patricia. Como ficamos só uma noite nem cheguei a relatar o problema que tive, que foi o mal cheiro das toalhas, mas acredito que se tivesse contatado o problema seria resolvido.",Instalaciones,0.0,Neutral ⚪
8942580,270851742,2018-05-30,156996689,Marcelo,Calidad Premiun en todos los detalles. No duden en alojarse y contactar a Anahi.,Instalaciones,0.0,Neutral ⚪
23044364,536359811,2019-09-26,273856571,Renan José,"Melhor localização impossível, fácil acesso e muito limpo. Exatamente como nas fotos, muito lindo, organizado e completo. Para quem busca localização e um ótimo lugar para ficar, realmente esse compre o melhor papel. Internet rápida, cozinha completa e funcional, água quente e boa vazão de água no banheiro. Mais uma vez, obrigada por torar nossa experiência em Buenos Aires aos agradável",Ubicación,0.0,Neutral ⚪
19787512,272926749,2018-06-04,49854319,Julieta,"El departamento de Valeria es un monoambiente muy lindo con detalles en la decoración que te hacen sentir muy cómodo. Fuimos con mi pareja por un día que estabamos en Buenos Aires, nos encanto y nos pareció muy acogedor. Además tienen los detalles básicos que hacen que al lugar no le falte nada.
Muchas Gracias Valeria, si en otra ocasión estamos de vuelta, sin duda volveríamos a elegir es lugar.",Instalaciones,0.0,Neutral ⚪
21424566,342782201,2018-10-29,178108358,Daniel,"Excelente ubicación. Muy bien equipado. Ideal para un matrimonio. Todo nuevo, tal cual se ve en las fotos. Recomendable.",Instalaciones,0.9,Positivo ✅
8916522,416409776,2019-02-24,196056538,Dora,"El hospedaje de Joaquín tiene excelente ubicación, impecable. Zona segura. ¡Muy recomendado!",Instalaciones,0.0,Neutral ⚪
6292710,60287412,2016-01-21,53217432,Pablo,"Nossa experiência com Mauro e seu apartamento foi perfeita. O quarto é muito espaçoso e agradável. O apartamento é muito limpo e deliciosamente decorado. A localização é ótima, bem ao lado do subte e de vários pontos turísticos da cidade. O bairro é um dos mais charmosos de BA. Mauro organizou um jantar internacional e nos proporcionou um intercâmbio cultural enriquecedor. Gracias amigo!!!!",Instalaciones,0.244140625,Positivo ✅
12711427,478325026,2019-06-29,3762891,Jennifer,Heraldo was so very nice and accomodating. We enjoyed meeting him!  The apartment is located next to restuarants and Kioskos!!!,Instalaciones,0.4683333333333333,Positivo ✅
930911,24384674,2014-12-27,309543,Jenni,Cesar was very kind and helpful. Especially with my poor Spanish skills. He gave lots of recommendations for restaurants and local information as well as tips for getting around the city. The apartment was continent to subway and walking to many attractions. There was some traffic noise at night but it is a lively city. Very comfortable and clean. ,Limpieza,0.21144781144781144,Positivo ✅
22336394,526177361,2019-09-08,235326825,Camila,"Lugar muy agradable, comunicación con los anfitriones muy eficaz y oportuna, un lugar muy limpio y muy lindo por lo demás, ubicación ideal, barrio muy seguro y con servicios para comprar y comer muy cercanos. Excelente estadía.",Limpieza,0.9,Positivo ✅
3792943,65672183,2016-03-16,61268725,Glenn,A comfortable place with everything that is needed for an enjoyable stay. Having a washing machine while traveling is always a perk! Easy walking distance from several restaurants and bars,Ubicación,0.3645833333333333,Positivo ✅
28111160,456456694,2019-05-21,14269165,Amanda,"This loft apartment, nestled in one of the most hip, bustling areas of Buenos Aires (Palermo Hollywood) could not have been any better! The flat itself was bright, airy and had everything we could have needed included within it. Fair warning that it is on the top floor of the building (5 small flights of stairs), but once you’re up, it’s worth it!
A stones throw away from bars, shops and restaurants, we had the best time staying here and a large part of that was all thanks to Facundo. He was very responsive, gave great recommendations and made us feel very welcome. I could go on as we enjoyed ourselves so much, but in short, I highly recommend! Muchas gracias Facundo and again to your lovely mother!",Ubicación,0.42443609022556394,Positivo ✅
12866755,338800304,2018-10-20,66747568,Brenda,"Un departamento muy bien ubicado, un espacio amplio y cómodo! Marina muy  atenta y en constante comunicación.",Instalaciones,0.0,Neutral ⚪
19028456,569407831,2019-11-26,128746673,Eneko,Practico,Instalaciones,0.0,Neutral ⚪
191056,230596667,2018-01-28,155589822,Daniela,Muy buena ubicación pero el edificio es muy viejo. Problemas cotidianos con respecto a cortes de luz y agua. Cortes de gas por no pasar la inspección lo que lleva a no poder cocinar. Lo que se ve en las fotos no es realmente lo que termina siendo. Problemas con cucarachas. Precio excesivo para la calidad ofrecida.,Precio/Calidad,0.0,Neutral ⚪
21680672,243881449,2018-03-17,95486090,Mary,"Our stay at LaCasa was perfect! Everyone in the house is really friendly and helpful and the location is perfect for getting around the city, a bus station right outside the front door! The neighborhood is also very safe! Thanks LaCasa!",Ubicación,0.5318877551020408,Positivo ✅
38293251,552346516,2019-10-21,244103450,Rocio,Excelente el hospedaje. El departamento hermoso y limpio. Tal cual muestran en las fotos. Los anfitriones muy atentos en todos los detalles y simpáticos!! Muy recomendable!!!,Limpieza,0.0,Neutral ⚪
14502680,428605654,2019-03-25,119982187,David,Super flexible host and such a nice place to stay. Everything perfect,Atención,0.48333333333333334,Positivo ✅
37812244,547106634,2019-10-14,68906444,Paola,excelente ubicación y  el lugar muy confortable. Muy cómodo.,Instalaciones,0.0,Neutral ⚪
31730622,554482710,2019-10-26,185658703,Antonella,"Departamento con excelente ubicación, super traquilo. Lo único que al estar pegado a la entrada y escritorio de la persona de seguridad, se escucha absolutamente todo, lo que puede ser algo molesto.",Instalaciones,0.3333333333333333,Positivo ✅
31593927,467576409,2019-06-10,249681827,Marco,Excelente lugar que hace que uno se sienta en casa,Instalaciones,0.0,Neutral ⚪
35616923,542442895,2019-10-06,180648125,Paola,"Limpieza, check-in/check-out, seguridad, ubicación, estado del departamento fue perfecto. El edificio tiene seguridad 24 horas 7 días de la semana.
La ubicación es extraordinaria y caminas a San Telmo y Microcentro. Tenés líneas de subterráneo en la esquina y el metrobus (bus stops) a 200 metros. Supermercado y restaurantes en el área.
Lo recomiendo",Ubicación,0.0,Neutral ⚪
36845799,566770329,2019-11-20,261161572,Daniela,"Excelente lugar y ubicacion cerca de subterraneos y sitios para comer o comprar comida (tambien posee cocina y todo lo necesario para quien quiera cocinarse). Tiene WIFi y cable. Todo preparado para alguien que no conoce los detalles de como manejarse en Buenos Aires. Alex dejo todo listo, tarjeta de transporte, mapa, paraguas y cosas como café, te, etc. Siempre dispuesta (dia a dia) para ayudarnos en lo que necesitaramos. Muy recommendable

 

Excellent place and location near underground and places to eat or buy food (also has a kitchen and everything necessary for those who want to cook). It has WIFi and cable. All prepared for someone who does not know the details of how to handle in Buenos Aires. Alex left everything ready, transport card, map, umbrella and things like coffee, tea, etc. Always willing (day by day) to help us with whatever we need. Highly recommended",Ubicación,0.24428571428571427,Positivo ✅
21105623,532819230,2019-09-20,58828966,Amanda,nuestra hospedaje en la casa fue buenísima! la ubicación fue perfecta para nosotres y nos encantó la onda de la casa. todo como en las fotos o mejor. carolina y humberto fueran muy buena onda y nos ayudaron muchísimo! muchas gracias! súper recomiendo!,Precio/Calidad,0.0,Neutral ⚪
33450836,590743360,2020-01-09,45038785,Brian,Great place! Perfect for exploring palermo,Instalaciones,1.0,Positivo ✅
17942818,557197448,2019-10-31,45203574,Alex,"A fantastic apartment in an amazing location! A stylish and comfortable space with an amazing roof terrace perfect for exploring Buenos Aires and the surrounding Palermo & Recoletta  bars, restaurants and sights. The guys were amazing hosts, incredibly welcoming and super helpful is allowing us to store our bags and use their flat after arriving early from an overnight flight. Five stars would absolutely recommend anyone to stay here.",Ubicación,0.47986111111111107,Positivo ✅
26893994,401408468,2019-01-14,43310915,Michel,"The apartment is exactly as it’s shown in the photos; cozy, stylish and very clean! The location is perfect, just 7 minutes away from the metro and with many great restaurants nearby. Plus a swimming pool for hot days or for relaxing. Valeria and Alberto were attentive and answered questions very quickly! Definitely the best option for anyone going to BsAs!!!",Limpieza,0.4632575757575758,Positivo ✅
10697206,165331317,2017-06-30,82511535,Julie,Romina es muy linda y puede ayudar vos en cualquier situación. Lindo departamento con un baño a compartir con una otra chica muy sympatica tambien. A mí me encantaba vivir con ellas por 2 meses! ,Instalaciones,0.0,Neutral ⚪
10674751,84838721,2016-07-09,5533209,Leticia,"Norma es una excelente anfitriona y el espacio que ofrece en su departamento es bellísimo, de un gusto impecable. Las fotos no reflejan cómo es en realidad el departamento porque cuando lo ves en persona es insuperable, exquisito, un sueño.  Norma es muy atenta, se preocupa por facilitar tu llegada y tiene detalles muy amables. La ubicación del departamento es bárbara, queda a mano de todo y aunque es céntrico, dentro del departamento se respira una gran calma y silencio, por lo cual no hay problemas para descansar.
De verdad que estoy muy contenta con mi elección y espero que otros tengan la oportunidad de experimentar lo mismo.
Me sentí muy bien, como en casa. Lo recomendaría y volvería muchas veces, no me interesaría ir a otro lugar.",Atención,0.0,Neutral ⚪
31376674,465340454,2019-06-07,160380906,Alberto,"Muy buena ubicación en una zona tranquila y segura. El edificio cuenta con todos los servicios y el departamento tiene todo lo que se necesita.

La comunicación con el personal que atiende es rápida y eficiente y se encargan de resolver cualquier duda o problema rápidamente.",Instalaciones,0.0,Neutral ⚪
19141854,206456237,2017-10-25,4548829,Sabrina,"Patricio é super atencioso, nos ajudou muito durante nossa hospedagem, o apartamento é bem aconchegante e em ótima localização. Super recomendo.",Instalaciones,0.3333333333333333,Positivo ✅
36000598,581658543,2019-12-25,186144783,Viki,"Muy lindo depto, tiene todo lo necesario y excelente ubicación",Instalaciones,0.0,Neutral ⚪
19829250,570404453,2019-11-29,1774835,Danilo,"Without doubt one of the favorite apartments I stayed in Buenos Aires! Great Location and everything was very clean and nice .
The atmosphere is so special that it really felt like home to me . 
Maria did a great job here; a true sample of excellent hospitality!
I recommend it!!!",Limpieza,0.5787566137566138,Positivo ✅
13155542,321009087,2018-09-09,208735947,José,Excelente! Y Josefina muy atenta a nosotros. La ubicación genial,Instalaciones,0.0,Neutral ⚪
14929868,102885194,2016-09-19,94821004,Gabriela Lia,Divino depto. Trato muy amable. Zona espectacular!,Atención,0.0,Neutral ⚪
873102,504339507,2019-08-07,26699903,Carlos,Perfect place for your stay in Buenos Aires. Go for it!!,Instalaciones,1.0,Positivo ✅
26688867,332545303,2018-10-05,217822983,Orion,El depto es muy acogedor y Nicolas es un muy buen anfitrion!,Atención,0.0,Neutral ⚪
61282,233200251,2018-02-08,148532595,Francisco,"El departamento está excelentemente ubicado en un barrio muy tranquilo, a pocas cuadras del subte y colectivos. Está perfectamente equipado y es muy cómodo. Alejandro responde en seguida a todas las consultas. No tuve ningún inconveniente, probablemente vuelva más adelante.",Ubicación,0.0,Neutral ⚪
6691032,40935273,2015-08-03,35209729,Carole,"Warm welcoming by Melisa and her husband, even if it was late. They helped us to carry our bags and showed us the apartment in details. Everything was clean and well organized. The apartment is really awesome and has a lot of space for children; the only small issue with young children are the external stairs. Melisa answered to every question we asked by mail very quickly and she made her best to help us. Very appreciated the late check out, since there were nobody staying in the apartment the night after us. Thank you Melisa!",Limpieza,0.23625,Positivo ✅
9836283,96795765,2016-08-24,16114599,Gabriel,"Paula was very attentive from the start, willing to do what was necessary for my mother to be comfortable in her trip. She agreed to be present to receive her at a really early hour, and quite far away for her. Paula was a great host and we'll be happily staying with her again.",Atención,0.32999999999999996,Positivo ✅
26783322,304470361,2018-08-09,4677445,Cecilia,"La casa de Marta es hermosa. La alquilamos con mis amigas y nos pareció muy cómoda, cálida y muy bien ubicada. Las habitaciones son amplias, el comedor es luminoso y el living también. El edificio donde se encuentra es antiguo y está muy bien cuidado.
Además, Andrés, quien nos entregó las llaves fue muy cordial y estuvo atento a preguntas, tanto antes de la reserva como también mientras estuvimos. Sin duda, volveremos! :)",Instalaciones,0.5,Positivo ✅
899560,21432443,2014-10-17,14174781,Giancarlo,"Mabel super atenta para cualquier consulta y darnos una ayuda en como llegar a algun sitio, 100% recomendable. 
El departamento es tal cual las fotos, incluso mejor!!!! 
El barrio es el ideal para cualquier viajero, es de fácil ubicación y tiene al alcance todas las zonas turísticas. La zona es muy segura durante todo el dia, y hay colectivos que dejan en la puerta del edificio.  ",Ubicación,0.8569010416666666,Positivo ✅
26472274,410580839,2019-02-10,67135630,Martin,"Definitivamente un lugar sobrevalorado, poco equipado, con poco o nulo interés en la comodidad de los huéspedes (carencia de artículos básicos como sal, azúcar, aceite, papel higiénico, rollos de papel, sartenes y ollas). Cafetera con restos de café de huésped anteriores, llena de hongos, dudosa desinfección y peligro para la salud. Anafe igual de sucio. Hongos en techo y ducha del baño, además de cables expuestos hacia la ducha - riesgo de electrocución y malos olores. Puerta del baño y cajón de cocina rotos. El costo de la limpieza es totalmente exagerado en proporción a la calidad de la misma. Almohadas extremadamente sucias. Lo único positivo pero de poca sustancia: la TV y el wifi. Definitivamente hay mejores opciones a valores más competitivos con anfitriones agradables, atentos y bien dispuestos. La pileta y la parrilla son otra sobrevaloración ya que esos lugares no están equipados ni con sillas de plástico. Es la primera vez que tengo que dejar semejante reseña negativa. Definitivamente un lugar para no volver, ni considerar. Si quienes administran este lugar son inteligentes, entenderán esta reseña como una oportunidad de mejora de la cual tanto ellos como sus futuros huéspedes se verán beneficiados.",Limpieza,0.0,Neutral ⚪
1385058,109592381,2016-10-22,727756,Steven,"I loved the apartment. It was very cozy, comfortable, and relaxing.

The host is very friendly and helpful. I'll stay here again if I can!",Atención,0.36234374999999996,Positivo ✅
2202804,367269204,2019-01-04,1455681,Andrew,Chicago loves this Airbnb. Great safe location and amazing host. Recommended for anyone wanting to enjoy Buenos Aires.,Ubicación,0.5750000000000001,Positivo ✅
29003280,567062524,2019-11-21,3754390,Matthias,"Nice apartment on 8th floor, clean and well maintained. Great Communication with Tatiana. Very responsive. 
We’ll come back next time we are in BA.",Limpieza,0.3277777777777778,Positivo ✅
780165,98118870,2016-08-29,14949501,Bernardo,"Todo excelente, el lugar, el barrio, las areas compartidas, lo recomiendo!",Ubicación,0.0,Neutral ⚪
15971358,271158555,2018-05-31,7402360,Samantha,"The loft was so nice and spacious. Had everything we needed. Loved the balcony and all the special lighting in the apartment. Other than not prime location , the apartment was great. Bed was a little bizarre with plastic underneath sheets made for not super confortable sleeping.",Ubicación,0.29724702380952384,Positivo ✅
32813220,467566983,2019-06-10,47061707,Selina,Very nice apartment in great location.,Ubicación,0.79,Positivo ✅
8878205,115041226,2016-11-21,82405679,Tiffany,"Perfecto!! We loved staying in this bright, stylishly decorated apartment in a great location. It has a lovely little terrace and it's fun to look across at the buildings, trees and pedestrians walking below. We absolutely loved it. Close to the yummy restaurants, shops and subway. Julien was super hospitable arranging a taxi pick up from the airport and giving great local recommendations. ",Ubicación,0.4678030303030303,Positivo ✅
19306599,168485612,2017-07-09,97589377,Renzo,"Muy buen depto. Desde la limpieza hasta las comodidades de servicio. Rocio es muy agradable y nos atendio excelente. El depto ademas cuenta con sistema de losa radiente, un placer.. lo recomiendo 100 %",Instalaciones,0.0,Neutral ⚪
1177556,613633473,2020-03-02,57670612,Heather,The morning tour was fantastic! Lisa told great stories and got us off to a great start by pointing out all the places we should consider visiting the rest of the day.,Instalaciones,0.7000000000000001,Positivo ✅
15424044,243605484,2018-03-16,1464611,Niovi,"Buenos Aires is a big city, but this apartment is right next to all the right places! 
Sparkling clean, with all the amenities, as shown in the photos. The hosts were very accommodating and the person that took care of the check-in and out extremely kind. It even has it's own little BBQ so you can make a nice traditional Argentine asado. 
Only downside would be that it can get a bit noisy, as it is in the ground floor, but you are not in Buenos Aires to spend all your day in this lovely apartment, so you will probably not even realise. 
All in all, a very positive experience, will definitely try to stay there again.",Limpieza,0.24116522366522367,Positivo ✅
30528740,535485410,2019-09-24,4715217,Ashley,"This apartment is a great space and a great value. The location is ideal - plenty of restaurants and markets within walking distance, and we had no issues finding a taxi when needed. The space is very welcoming and had everything we needed (including excellent wifi). Communication with Ornela was very easy. We initially had a minor issue with the hot water, but it was quickly resolved (same night) so it was not a big deal at all (and maintenance issues can happen anywhere). Check-in was smooth, and I especially appreciated the detailed instructions, including a Spanish message that could be shown if there's a language barrier (we didn't end up needing it, but it was a nice touch). I would definitely stay here again.",Ubicación,0.3664814814814815,Positivo ✅
15971358,235390640,2018-02-16,110529258,Javier,"Excelente lugar, atención!!!! Muy recomendable...
Gracias hasta la proxima",Instalaciones,0.0,Neutral ⚪
1193220,24261255,2014-12-24,21296231,Alexandra,An incredibly nice apartment in the heart of Buenos Aires close to everything you could ever possibly want. Stacy was great and responsive and Hilda was fantastic as well. I'd totally stay here again and wish all airbnb listings were as wonderful as this one. ,Instalaciones,0.4666666666666666,Positivo ✅
22147140,337495016,2018-10-16,86921857,Ignacio,Great place!,Instalaciones,1.0,Positivo ✅
21397664,464410307,2019-06-05,106804473,Gabriela,"Se destaca el servicio y la disponibilidad de la Anfitriona.
Exactamente como en las fotos.
El departamento está muy bien equipado (aire acondicionado, calefactor, pava eléctrica, horno/anafe eléctrico,tv).",Atención,0.0,Neutral ⚪
21264963,355740911,2018-12-05,150785681,Carlu,"Hola. Sandra una divina, siempre atenta y disponible. Muy flexible con los horarios, 0 problemas. La ubicación excelente. El depto tal cual las fotos. Gracias.",Instalaciones,0.0,Neutral ⚪
28342945,354930919,2018-12-02,51549181,Julieta,"Divino el departamento !!!!
La ubicación es buena y abajo está lleno de restaurantes y cafés !
El edificio cuenta con todas las amenities para una super estancia .
Los chicos super piolas , me recibieron súper tarde a la llegada sin problemas .
Volvería",Instalaciones,0.3333333333333333,Positivo ✅
34363484,574697176,2019-12-08,38495781,Alcides,"PRECIOSO APARTAMENTO,  MODERNO, CÓMODO Y RE BIEN UBICADO",Precio/Calidad,0.0,Neutral ⚪
33370029,440284889,2019-04-20,52878079,Darío,"Depto ideal para alojarse e ir a pasear a bs as capital. En el corazon de san telmo. Que por sus calles, bares y ferias que lo identifican. Cerca del transporte. Las Ecobicis y Subte si caminas a la parada independencia. Ideal para un duo que quiera recorrer y pasear por todo lo lindo de la capital del pais.",Ubicación,0.9,Positivo ✅
32725055,613949798,2020-03-03,62110815,Julia,"Flor's apartment is located in a great area of Buenos Aires, close to shops and two important Avenues--Av. del Libertador and Av. Santa Fe. The location is also pretty safe (the U.S Embassy is located just a few blocks away). The apartment was very clean, everything worked properly and Flor was a great communicator. We enjoyed our stay and would stay here again!",Limpieza,0.4057407407407408,Positivo ✅
4304819,343707844,2018-11-01,40645495,Silvio,"Alojé en el departamento de Matías por un periodo de casi 3 meses. Mi estancia estuvo impecable: el departamento es muy bonito y los cuartos son amplios y cómodos (cómo se ven en las fotos). En mi opinión la ubicación es inmejorable: el barrio es seguro y tranquilo y hay muchos cafés, supermercados, restaurantes y todo lo que se puede necesitar. Matías es muy buen anfitrión y se demostró siempre disponible a solucionar eventuales problemas y a dar buenos consejos sobre la ciudad. Seguramente repetiré si volveré algún día a Buenos Aires!",Ubicación,0.0,Neutral ⚪
33471855,495756520,2019-07-26,134290427,Orlando,"El departamento es realmente acogedor y tiene todo lo necesario si estás en Baires de negocios o, como en nuestro caso, de vacaciones. Está muy bien decorado y es muy seguro y central (cerca de todo y de buena locomoción a solo una o pocas cuadras). Estamos muy contentos de habernos quedado en este depa. Lo recomendamos definitivamente.",Ubicación,0.0,Neutral ⚪
1807665,512652519,2019-08-18,150733570,Shahnaz,¡excelente!  Excelente apartamento en una buena ubicación.  Cerca de la Casa Rosada y otros lugares históricos.  Anfitrión muy servicial y amable con excelentes recomendaciones e instrucciones,Ubicación,0.0,Neutral ⚪
30816451,423520351,2019-03-14,71661410,Elvira,"El departamento es excelente tiene todo lo necesario para la estadía, el aseo impecable , la ubicación muy buena, Malena es supremamente atenta y amable lo recomiendo como un muy buen lugar para llegar y hospedarse en Buenos Aires.",Atención,0.0,Neutral ⚪
18585212,369172425,2019-01-09,21658280,Karinna,"Muy buena ubicacion, muy buena anfitriona.",Atención,0.0,Neutral ⚪
17027255,252151349,2018-04-09,124343284,Gustavo,"Andrea siempre atenta a todos nuestros pedidos, el departamento es tal cual las fotos, la cocina equipada con todo lo necesario y mas , la limpieza excelente, todo super cómodo,
Muchas gracias por estas siempre a nuestra disposicion! Sin duda volveremos cuando se presente la oportunidad!",Instalaciones,0.5208333333333333,Positivo ✅
4511639,350543437,2018-11-19,21812094,Phil,"Great apartment, extremely well designed and equipped. Beyond doubt, the best lit airbnb we have stayed in! Supportive and rapid communication made life easy, and we would endorse all the positive  comments about the area from previous guests. Oh, and see how long you can hold 300 watts for on the gymnasium watt bike!",Atención,0.32580492424242424,Positivo ✅
2018802,126630006,2017-01-13,12096885,Dieter,"After a 2-month stay in Maria Lucrecias apartment in October and November 2016 I returned to Buenos Aires for a few days in January 2017.
Again her hospitality was a great experience. Every  time I will come back to Buenos Aires her apartment will be my first choice. Thanks a lot Lucrecia!!!!",Instalaciones,0.26765625000000004,Positivo ✅
38257203,534329593,2019-09-22,10805773,Judith,"tres bon accueil de maria laura dans son joli appartement idealement situé pres du metro palermo. durant nos 4 jours de cohabitation, maria laura a toujours été extremement disposée a m'aider et que mon sejour se passe au mieux. je recommande fortement.",Ubicación,0.0,Neutral ⚪
25972961,580863759,2019-12-23,304263132,Jonay José,Excelente ubicación y relación calidad-precio.,Precio/Calidad,0.0,Neutral ⚪
10250477,532333833,2019-09-19,268918918,Jose Manuel,"Ubicación genial, cerca de todo! La habitación al estar sobre la calle Thames, tuvimos dudas q fuera silenciosa, pero realmente lo fue, y se puede dormir muy bien.
La cama muy cómoda. 
Hogar cálido,  y luminoso, donde uno se siente como en casa!
Muchas gracias por vuestra amabilidad.
Un saludo, y hasta pronto!!",Ubicación,0.0,Neutral ⚪
1307363,483478099,2019-07-07,35238178,Pablo,"Griselda fue excelente en la recepción y atenta a cualquier requerimiento nuestro y nos facilitó información y la tarjeta SUBE para el transporte, pegado a la puerta del edificio hay una entrada al Subte. 
La ubicación es excelente. 
El departamento es limpio pero muy pequeños los ambientes, las camas cómodas, pero deberían renovar el resto del mobiliario",Limpieza,0.0,Neutral ⚪
3826168,202493351,2017-10-11,152031248,Luciano Miguel,"Muchas gracias Juan Ignacio por todo.
El lugar, tal cual las fotos. Definitivamente en las próximas visitas iremos nuevamente.
100% recomendable el lugar y la zona.
Juan Ignacio muy atento en todo la estadía que estuvimos.
Muchas gracias",Instalaciones,0.0,Neutral ⚪
26448757,463532625,2019-06-03,45237998,Kenna,"My stay at the apartment was awesome. It is in a perfect location walking distance to lots of food and shops! It’s bright, sunny and clean and has a great roof top deck. My check in was super easy and communication with Jose was very prompt and pleasant. Recommend, for sure.",Limpieza,0.596969696969697,Positivo ✅
39105752,555987903,2019-10-28,25545675,Ifigenia,"The flat was just like the pictures and the area great, we’ll definitely be back!",Instalaciones,0.25833333333333336,Positivo ✅
20362823,194846610,2017-09-17,52076524,Daniel,"La ubicación es excelente, el departamento el tal cual se muestra. Y Silvia siempre contestó rápidamente a alguna duda. Fue flexible con el check in y check out. Recomendable",Atención,0.0,Neutral ⚪
23507588,452992657,2019-05-14,146145753,Luisa,Hermoso apartamento. Maria Julieta fue muy amable y de mucha ayuda. Súper recomendado.,Atención,0.0,Neutral ⚪
15006481,192047181,2017-09-09,30441488,Roberta Carolina,Apartment location is fantastic. Bed is confortable and features meets all expectations. The only problem is that apparment doesn't receive much natural light and it is a bit dark.,Ubicación,0.15,Positivo ✅
28409316,445588045,2019-04-29,19225844,Miguel,"We stayed at this beautiful place located in a buzzing neighbourhood for two nights. The host was lovely and received us with a warm welcome even after having been delayed in our arrival, and the house was spotless, beautifully decorated, and very spacious.

I would recommend this place for any group who is looking to stay in a great and fun area of Buenos Aires.",Atención,0.6125,Positivo ✅
4137432,171447093,2017-07-17,86395949,Dani,"Muy linda la estadía,él lugar esta muy bien ubicado,él vecindario es lindo y hay muchos restaurantes, cafeterías, locutorios por la zona. La habitación era muy linda y limpia, dormi muy bien las noches que estuve ahí. Él desayuno que te dan es buenisimoo....facturitas o budín! Muchas gracias por todos Marianela !! ",Instalaciones,0.0,Neutral ⚪
9571137,217060146,2017-12-07,127358941,Monica,"La casa de Gaby es super acogedora y bien ubicada en Palermo, cerca de restaurantes, cafés, transporte público, etc. El dormitorio muy cómodo con baño privado. Todo limpio
Gaby muy amorosa siempre dispuesta a ayudar. Volvería mil veces.",Limpieza,0.3333333333333333,Positivo ✅
28387151,349129895,2018-11-16,176140586,Liliana,Perfecto lugar para pasar unos días en Buenos Aires.  Muy cómodo . Y en especial si tenes que hacer alguna actividad cerca.,Ubicación,0.0,Neutral ⚪
13361412,159056397,2017-06-09,61512742,Monica,Muy buena zona!!! Excelente el departamento!!!  La anfitriona un encanto!!! Muy recomendable ,Atención,0.0,Neutral ⚪
40836041,587712501,2020-01-03,60753312,Beatriz,Habitación muy limpia con buena estrutura y ubicación. Jonathan fue muy amable por toda la estancia.,Atención,0.0,Neutral ⚪
40595340,578364212,2019-12-17,116191721,María Florencia,"Todo perfecto. La ubicación es ideal y el departamento, tal como se ve en las fotos. La atención es impecable, Sabrina está siempre dispuesta a ayudar. Super recomendable.",Instalaciones,0.6166666666666667,Positivo ✅
5615842,35317532,2015-06-17,33139452,Will,"This is a great apartment and Martin is a wonderful and considerate host. The place is exactly as it appears in the photos; clean and comfortable. I had the pleasure of staying two weeks. The neighborhood is very nice and close to public transportation, restaurants, a shopping mall, and plenty of markets to buy food and everyday necessities. Also Palermo is nicely centrally located near BA's great museums and landmarks. I hope I can get back soon and I will look up Martin when I do.",Limpieza,0.35805555555555557,Positivo ✅
19035841,358456054,2018-12-14,162171962,Rachel,"The location of the apartment is ok, not right in the tourist areas but close enough to walk to some and public transport to others. It is a safe area and there are grocers right downstairs. The kitchen is small but had plenty of cooking utensils and pots etc. comfy bed with plenty of pillows and nice towels and tea towels. The shower was lovely and having a bath was nice too. 
Unfortunately the roof started leaking on the second morning and it took a while to get onto the host and get the building manager in and then it was a bit inconvenient because we wanted to cook. Thankfully they fixed it temporarily and listened to our request and said they would do the full repair work when we had left at the end of the week. Then later in the week the water was cut off without notification and that was annoying because we again couldn’t cook or have a shower. The host reacted reasonably quickly, it was just an inconvenience. The water came back on without notification about an hour later. They were lovely and offered to relocate us after the first incident but we just wanted to chill so stayed mostly because moving would have meant losing half a day in Buenos Aires.",Limpieza,0.10238095238095239,Positivo ✅
17906375,228608563,2018-01-20,162825986,Jonatan,"O local é um hostel muito bem localizado, no centro de Buenos Aires. O quarto comportou bem 3 pessoas e o banheiro é super espaçoso.",Atención,0.16666666666666666,Positivo ✅
21770420,340310279,2018-10-23,164792296,Carlos Fernando,Ótima localização e acomodação excelente.,Instalaciones,0.0,Neutral ⚪
10333824,212593881,2017-11-18,43537565,Noé,Todo segun lo acordado. El depto está bien ubicado y Martin siempre disponible para resolver mis consultas.,Instalaciones,0.0,Neutral ⚪
26893994,599246008,2020-01-29,162415755,Valeria,"Excelente ubicacion, muy bueno el dpto, comodo y completo. Excelente la anfitriona, se preocupa y ocupa que todo este perfecto. Muy recomendable",Atención,0.0,Neutral ⚪
18752174,201516486,2017-10-08,15516150,Megan,"Great location, close to transit routes to get into the city center.  Good area for food, shopping and nightlife",Ubicación,0.4666666666666666,Positivo ✅
11601531,216310782,2017-12-03,20121851,Dupleix,"El depto es yal como se muestra en las fotos,josefina edtuvo muy atenta con nosotros , la ubicacion esta biena porque tenes todo bastante a mano .",Instalaciones,0.0,Neutral ⚪
31335655,410608294,2019-02-10,169181216,Tomás,"Muy buena recepción de guido, mejor de lo que aparece en las fotos, departamento cómodo y excelente ubicación.",Instalaciones,0.0,Neutral ⚪
28136870,460931341,2019-05-30,538324,Jennifer,This was my second stay in the apartment and my favorite place to stay when I am in Buenos Aires.  The location is very safe and convenient.  It is always extremely clean and and Gonzalo is a wonderful host.  He is always available and I greatly appreciated all his help and guidance on my last trip!  Looking forward to returning soon!,Limpieza,0.38958333333333334,Positivo ✅
25135898,271860549,2018-06-02,75252123,Bruna,"O loft é bastante iluminado, equipado e bem limpinho. Tudo o que precisávamos na cozinha tinha. A localização é boa para pegar transportes e o Juan Manoel nos deus dicas valiosas de como aproveitar restaurantes da região. Me incomodou um pouco o cheiro forte de cigarro que tinha nas toalhas e roupas de cama, mas acredito que isso pode ser resolvido facilmente. Para quem quer conhecer mais um bairro familiar em Buenos Aires, recomendo! ",Instalaciones,0.46875,Positivo ✅
21471358,401899401,2019-01-16,120456510,Daniel,Todo muy bien el anfitrión es muy atento y amable. Lo que sugeriría es que haya una televisión y una heladera más grande con freezer.,Atención,0.0,Neutral ⚪
32400909,423919837,2019-03-15,15096046,Mari,"I was met by Andrea (the one who’s in contact with the guests) on the day of my arrival to BsAs. A very nice woman, and she wrote me both a few days before arrival, during my stay, and was quick to respond whenever I had a question. 

A charming room, very true to the pictures. Unfortunately a little small window with a view to the apartment next door, but all in all the apartment did its job and with the placing of the apt it is absolutely value for the money!",Precio/Calidad,0.24808333333333335,Positivo ✅
31231318,468440335,2019-06-12,9647816,Stephane,"espacio agradável subte y micro cerca bar notable al lado barrio simpático , hora de llegada y de check out con elasticidad..Vista sobre la ciudad",Ubicación,0.5,Positivo ✅
22248080,406682257,2019-01-30,232381153,Craig,"This is a perfectly located flat with access to anything local! Fruits, food, late night items, AND you can take any transportation easily from this flat! The door and entry is well lit and secure and in a safe neighborhood. Other residents were polite and drama free! The balcony was fantastic to eat breakfast for me daily, the trees right in front create privacy and a fresh green look. Then I would begin my exploring each day from there. I found walks in the city nearby and parks as well as lots of great restaurants. I can’t stress enough how easy it is to get around this city day and night with the public transportation system, and there’s a ride card provided at the flat you can easily recharge anywhere!",Ubicación,0.2327522675736961,Positivo ✅
287215,11296429,2014-03-29,5462797,Charlotte,This is a great little apartment in the best area of town. It is well equipped and quiet. Felicitas and Danny are wonderful hosts and go out of their way to make you welcome. We would definitely go back.,Atención,0.48749999999999993,Positivo ✅
40329748,570857941,2019-11-30,229103775,Eleonora,Todo excelente. Limpieza orden precio ubicación todo acorde. Recomendable 100%,Precio/Calidad,0.0,Neutral ⚪
32354441,567424867,2019-11-22,298795937,Esteban,"Apartamento muy bien ubicado, cercano a varias lineas del Subterraneo. Tiene todos los servicios al dia. Muy bien aseado. Atencion cordial y respuestas rapidas. Totalmente recomendado.",Ubicación,0.0,Neutral ⚪
26893994,603008643,2020-02-08,5154330,Lance,Described as advertised. Spent one night at this location.,Ubicación,-0.1,Neutral ⚪
13000006,248442355,2018-03-31,163075819,Julián Leandro,"El lugar es muy hermoso, muy limpio y hogareño. Cuenta con dos hermosos gatitos que son super cariñosos y carismáticos. La casa es súper dinámica, cuenta con muy buena iluminación y espacios muy amplios, uno se siente realmente cómodo. En cuanto a la zona es súper accesible y segura, caminé en horas de la madrugada y no hubo peligro alguno. Hay restaurantes muy cerca, y varios supermercados y kioskos 24hs. Los vecinos son personas amables, y la galería es súper linda. Totalmente recomendable para quien desee ir! Super lindo y cómodo!",Limpieza,0.41666666666666663,Positivo ✅
29420149,449388934,2019-05-06,115911776,Théo,Un alojamiento hermoso cerca del barrio Palermo con muchas comodidades a proximidad !,Ubicación,0.0,Neutral ⚪
6500084,562851199,2019-11-11,95340810,Maria,Buena ubicación y servicio.,Instalaciones,0.0,Neutral ⚪
31829116,544576310,2019-10-10,25938452,Iona,"A lovely apartment in a convenient location in Buenos Aires. Very clean and comfortable. Dolores was very helpful in her communication and went out of her way to make sure we had everything we needed. She was very prompt to
Respond! Would definitely recommend!",Limpieza,0.33238095238095244,Positivo ✅
8681434,223636915,2018-01-01,47458963,Carollyna,"O apartamento é bem confortável para 4 pessoas. Chegamos tarde da noite e o filho de Carolina nos recebeu muito bem. Tudo estava limpo.
O que mais nos chamou atenção foi a localização, que é excelente. Próximo ao metrô e a uma rua principal onde passam vários ônibus, rua Santa Fé. Outra coisa excelente é que existem vários mercados bem pertinho do apartamento. O bairro é bem seguro e pudemos caminhar bastante, até tarde da noite. Só fica um pouco afastado da parte de Palermo que tem mais bares e restaurantes. Mas nada que um uber barato não resolva. 
A internet também funcionou muito bem! 

Só possui ar condicionado em um dos quartos o que pode ser um pouquinho chato nos dias de maior calor. Tivemos que ligar o ar com a temperatura bem baixa e deixar as portas abertas para refrescar a casa toda.",Ubicación,0.0,Neutral ⚪
21261544,337143838,2018-10-15,111499803,Ruth,Staying at Elsa's Place was everything I had hoped for and more. Its panoramic views were breathtaking and its perfect location made for easy access to pretty much everywhere. Thank you Elsa!,Ubicación,0.5722222222222223,Positivo ✅
29428955,518971872,2019-08-27,139751000,Ruben,"El departamento de Sebastian cumplió y excedió nuestras expectativas. Es mejor que lo que se aprecia en las fotos, tiene todo lo necesario para una estadia y estaba completamente limpio. 
La ubicación es fenomenal ya que está cerca de muchas atracciones turísticas de la ciudad y tiene conectividad hacia cualquier parte. El barrio es muy lindo, seguro y tiene mucho comercio a pocos pasos. 
Sebastian fue muy amable y nos esperó hasta tarde el dia del checkin. Sus respuestas siempre fueron muy rápidas. Completamente recomendable.",Limpieza,0.0,Neutral ⚪
20471105,566044191,2019-11-18,104050492,Diego,"Todo impecable! El apartamento muy limpio, colchón muy bueno, muchas almohadas! No se escuchan ruidos  externos no internos del edificio. Lugar cerca de todo, muy bien comunicado. Seguro que pronto repetiré!",Limpieza,0.0,Neutral ⚪
11096309,575376248,2019-12-09,226758219,Hillmer Joan,"Santiago es un anfitrión amable que está siempre dispuesto a responder rápidamente cualquier inquietud o solventar cualquier inconveniente. El Dpto es cómodo, está en buenas condiciones y tiene todo lo necesario para estancias cortas o largas!",Atención,0.0,Neutral ⚪
31952505,577521270,2019-12-15,2693145,Francisco,"El departamento es tal como se ve en las fotos. Súper ordenado, limpio, silencioso, cómodo y con todo lo necesario para pasar una muy buena estadía. La ubicación inmejorable y Fran es un excelente anfitrión, predispuesto y pendiente de que no nos falte nada. Súper recomendable!!!",Limpieza,0.0,Neutral ⚪
18566939,502332456,2019-08-04,12633455,Sebastian,Lugar muy agradable con todo lo que necesitas. Muy buena ubicación y fácil acceso. Muy buena ubicación.,Instalaciones,0.0,Neutral ⚪
20016807,351961692,2018-11-24,224350811,Maria Isabel,"El departamento es cómodo, limpio, bien ubicado, con buenos servicios. Pedro es un excelente anfitrión e igualmente Natalia.",Limpieza,0.0,Neutral ⚪
28029884,436648203,2019-04-13,31667311,Ana Patricia,"Excelente ubicación para conocer Buenos Aires, cerca de subte y paradas de colectivos. Muy buena comunicación y practicidad para el check in. Detalles para hacer mas amena la estadia. Muy limpio y práctico el espacio. Sin duda alguna lo recomiendo y volveriamos.",Limpieza,0.0,Neutral ⚪
33748621,483387074,2019-07-07,105847288,Gustavo,Muy lindo departamento. Muy amable Alicia la anfitriona. Muchas gracias!,Atención,0.0,Neutral ⚪
21548660,570391731,2019-11-29,38249669,Amanda,"Wonderful studio! Spacious, great views, secure, and all the little necessities you could need. The rooftop pool was perfect and the place overall was in a great location. Juan Pablo made sure I was all set with a bunch of tips on where to go and how to get around the city. Would definitely recommend this place!",Ubicación,0.4791666666666667,Positivo ✅
27824587,442455086,2019-04-23,54481582,Marcos,Alejandro is such a great host and the place was immaculate. I'd definitely stay there again.,Atención,0.26666666666666666,Positivo ✅
4733919,417228155,2019-02-26,22008673,Rita,"Juan’s apartment was lovely and in a great location in Palermo. The apartment is a walk up, and only has AC in the bedroom, so the place can get hot during a summer heat wave! otherwise everything was great and as expected, Juan was very responsive and friendly.",Ubicación,0.3609375,Positivo ✅
31050462,401929668,2019-01-16,183923941,Alejandra,"El Dpto de María se encuentra en un barrio muy tranquilo y seguro de Bs as. con supermercados, bancos, farmacias, paradas de colectivos, estaciones de trenes y subte a no mas de 5 minutos a pie. 
María es muy amable, y da respuestas rapidas y recomendaciones. 
Sin dudas en mis proximos viajes a Buenos Aries volvería a alojarme aquí",Ubicación,0.0,Neutral ⚪
16081136,489308629,2019-07-16,146006401,Marta Amelia,"Es un barrio muy agradable, tenes todo cerca, subte, supermercado, kioscos, farmacias, buses,  venta de comidas cercanas, especial para pasar unos días en Buenos Aires. También para estudiantes y gente que quiera estar cerca delhospitales.  El depto es muy acogedor, cálido y cómodo.",Ubicación,0.0,Neutral ⚪
31221931,445526749,2019-04-29,256073564,Cristina,"Alojamiento cómodo, limpio, cuenta con todo lo necesario ,Muy buena ubicacion",Limpieza,0.0,Neutral ⚪
264704,3002943,2012-12-01,4135633,Ravit,"i was sooo lucky to arrive to Mi CASA EN BA!  you can feel at home from the first minute. this designed  house is fully equiped with all is needed, has salon, kitchen, two great balconies and seperated  rooms and toilets that give enough space to everyone.
the house has max 7 visitors at a time. great for those how look for a shared place but that is not too crowded.
 the place is beeing run  in great shape, and constantly beeing cleaned.  it has realy amazing environment , friendly and welcoming, you can feel very safe (you and all your things) and is in great location- easy to arrive by walk ,bus or subway
very recommended!!!!!
",Limpieza,0.5027193509615384,Positivo ✅
31539022,466615342,2019-06-09,61412426,Harold,"IT IS a great place to discover Buenos Aires. A Lot of the interesting places are near by. 
Also a great bakery and a Supermarket. I can Not Imagine, that there is a better place to stay in Buenos Aires",Ubicación,0.54,Positivo ✅
10193474,523875989,2019-09-04,290165344,Milner Steven,"Very good location, the apartment is just as the photos and Gonzalo is a great host, I recommend!",Ubicación,0.955,Positivo ✅
34545096,465333631,2019-06-07,67441010,Gerardo,Sigue siendo mi primera opcion dentro de Belgrano. El barrio es acojedor y Corina excelente Anfitriona,Ubicación,0.0,Neutral ⚪
22704994,351352908,2018-11-22,63555653,Pablo,"Excelente ubicación y comodidad absoluta. Recomendado 100% 
Marcos un excelente host.",Atención,0.0,Neutral ⚪
683193,541616930,2019-10-05,23953933,Luis,"This is perhaps the best Airbnb team and stay I've ever come across. The place itself is a stylish and immaculate loft with a breathtaking view of Buenos Aires, in a fantastic location, at an amazing value. The building is secure with fob access and has an awesome fitness center on the 31st floor. What sets this listing apart is Ralf and his team. They are the reason why Airbnb is superior to staying at a hotel, from the check-in process to helping you navigate Buenos Aires.",Ubicación,0.6111111111111112,Positivo ✅
14076229,580869144,2019-12-23,10345868,Vittorio,"L'alloggio è molto semplice, un bel appartamento fornito di tutto i comfort necessari per restare a Buenos Aires, qualche giorno o qualche mese. La posizione è ottima, vicina al centro e ben collegata agli altri barrios attraverso i mezzi pubblici, in una zona tranquilla e molto bella. Juan è una persona fantastica, paziente e disponibile, è veramente il fattore in più dell'appartamento. Mi ha molto aiutato con una lingua che io non conoscevo e che grazie a lui ho imparato molto velocemente, anche se può parlare benissimo anche inglese nel caso fosse necessario. Sicuramente lo consiglierei ad altri che vogliano studiare a Buenos Aires.

El alojamiento es muy sencillo, un bonito apartamento equipado con todas las comodidades necesarias para permanecer en Buenos Aires, días o meses. La ubicación es excelente, cerca del centro y bien conectada con otros barrios a través del transporte público, en una zona tranquila y hermosa. Juan es una persona fantástica, paciente y disponible, es realmente el factor más importante del apartamento. Me ha ayudado mucho con un idioma que yo no conocía y que gracias a él aprendí muy rápido, aunque puede hablar muy bien también inglés en caso de que sea necesario. Seguramente se lo recomendaría a otros que quieran estudiar en Buenos Aires.",Ubicación,0.0,Neutral ⚪
7031038,68213881,2016-04-03,54621768,Tania,"Me encanto la casa de Dani, tanto el
Como su novia fueron muy amables y atentos a ayudar... La casa es de sueños y queda muy cerca de todo.
Me encanto !! ",Ubicación,0.0,Neutral ⚪
15399431,144725128,2017-04-16,32573649,Ines,"El apartamento de Carolina es como muestran las fotos, encantador y muy bien cuidado!. La cocina está perfectamente equipada, pudimos hacer reuniones familiares sin necesidad de salir de casa. Mencionar que nos recibió con aprovisionamento en la cocina, agua, galletas, aceite......todo para facilitarnos la llegada. El barrio es excelente, la propuesta gastronómica y turística de la zona la mejor de Buenos Aires. Recomendamos 100% el departamento de Carolina para todos aquellos que les gusta disfrutar del turismo sintiéndose como en casa. La anfitriona estuvo siempre pendiente de nuestro confort, enviándonos mensajes diarios. Pudimos hacer el check out al final del dia sin un coste adicional.  Gracias Carolina por todo!!!",Ubicación,0.0,Neutral ⚪
12421272,184368862,2017-08-19,81492857,Dae,"My family of 5 enjoyed staying for 8 nights at Alfredo's place. The apartment is in safe neighborhood, in decent condition, spacious for 4-5 people. Having 2nd bathroom and clothes washer is a big plus. It was fun to use pulley drying hanger.
We had no problem in check-in and communication with Alfredo.
My only complaint is about street noise on Friday night. But it didn't bother too much because we were so tired from daytime activities and fell asleep pretty quick.
Overall, it's a pretty good value.",Ubicación,0.16666666666666666,Positivo ✅
15880936,256724900,2018-04-23,111143558,Charles,"The apartment was great. Check-in was the easiest, and Ariel was always very responsive if we had any questions. The place is very clean, modern and it even has a little balcony. I couldn’t be happier with my stay there.",Limpieza,0.29783333333333334,Positivo ✅
23292783,569725837,2019-11-27,123347900,Rafael,Everything was excellent. The location is perfect,Ubicación,1.0,Positivo ✅
369961,10911463,2014-03-12,12536144,Kevin,"Their accommodations were very clean, located close to the subway, and welcoming.  Irina's mother was very warm, kind and helpful!   My first experience with airbnb and they made it a good one.",Limpieza,0.5913333333333334,Positivo ✅
21695773,215394299,2017-11-29,13940460,Àngels,"This was a great place! Arrival was easy and Francisco was immediately very friendly and we had a good first day. He knows the area well and could explain some useful tips to get around the city. The house is beautiful with a traditional layout and very well refurbished. The house is well connected to the airport and on the line D going to the center of the city. Areas to go out at night to bars are just a walk away (10-15 minutes). 
I had a great time talking with Francisco and trying some of his homemade bread! Hope to visit Buenos Aires again soon and highly recommend this place.",Ubicación,0.44006944444444446,Positivo ✅
22177567,411140434,2019-02-11,102161278,Petterson,"O local é compatível com as fotos e descrições. Ha apenas uma janela, que não pode ser completamente aberta (pois está direcionada para a rua) e o apartamento fica próximo ai metro, então o barulho dos trens é uma constante (apesar de não incomodar muito). Na chegada, encontramos o apartamento quase limpo, com exceção so banheiro, cuja pia e vaso não haviam sido adequadamente limpados (mas não nos importamos, pois pedimos pra fazer o checkin antes do previsto e talvez não tivesse tido tempo para limpar adequadamente). Luis é um otimo host, presta informações e auxílio e está sempre a  disposição. A única coisa desagradável que presenciamos foi o forte cheiro de cachorro sujo que as vezes ficava no apartamento, em razão da proprietária de um dos apartamentos do bloco que mora no segundo andar.",Ubicación,0.0,Neutral ⚪
146648,911883,2012-02-10,1573360,Lydia,"Ralf is welcomimg and very professional. The studio is centrally located , beutifully decorated and everything inside is OK. Thomas and Andres , members of the staff are very kind and helpfull. First and great experience with Airbnb , highly recommended . 
Bien qu'etant en retard en raison de nos bagages restés a Paris par la faute d'Air France , pourtant pas en grève ce jour là..... le taxi prevu par BA4u était toujours là et Ralf present pour nous acceuillir.studio parfait , pratique et de bon gout et tres bien situé.Ralf est charmant et très professionnel et son équipe est adorable , disponible et efficace en cas de petits problèmes..en bref, nous renouvellerons l'experience avec BA4U et nous la recommenderons vivement a tout visiteur de cette magnifique ville .
Lydia",Atención,0.22200000000000003,Positivo ✅
24240307,336572340,2018-10-14,25411131,Nicolas,"Excelente comunicación y muy prolijo hospedaje. El barrio no es de los más disfrutables, pero tampoco es feo. Nos encantó la estadía. Recomendable!",Ubicación,0.0,Neutral ⚪
2798279,85634814,2016-07-12,70124725,Nancy,"Todo perfecto, nos sentimos como en nuestra casa , los anfitriones muy amables y piolas , 100% recomendable !!
",Atención,0.0,Neutral ⚪
6912508,141911396,2017-04-05,6104542,Charles,Amazing location and great hosts!,Ubicación,0.8,Positivo ✅
30172223,476100159,2019-06-25,102710471,Julieta,La casa es amplia y en buena zona cerca de supermercados. Bien comunicada. Internet es muy débil porque coge la señal de otro departamento. No se puede ver la tv porque no hay antena. La casa tiene cucarachas. Si solucionan estos problemas la casa es recomendable.,Ubicación,0.0,Neutral ⚪
4117299,92380996,2016-08-08,80791825,Martina,Great stay in a comfortable and well-furnished apartment in an excellent location. Marcos is a seasoned host who is ready to provide help and tips for travelers. My husband and I stayed with our 2 year old daughter and we were very comfortable.,Ubicación,0.4671428571428572,Positivo ✅
2902956,53240360,2015-11-07,28928928,Nicolas,"El departamento de Emma es muy bonito y bien ubicado. En el centro de Palermo, cerca del metro, de los pubs. La terrassa esta superba. Y Emma es una persona muy sympatica y abierta. Gracias por todo...Fabrice et Nicolas",Ubicación,0.0,Neutral ⚪
776893,23550434,2014-12-04,23100729,Roland,"Dear Cee Jay Solomon
I lived 6 nights in your house and can recommend this for everybody who needs a stay near the city, San Telmo, Puerto Madero and La Boca.
Furthermore the house-sitter was nice and every time helpful. Within the house is a cosy atmosphere. I`ll come back sometime.
regards Roland 

",Ubicación,0.2333333333333333,Positivo ✅
15589768,366338036,2019-01-02,223541850,Claudio,"Cómodo apartamento! Buen sector, ambiente tranquilo! Preocupación del anfitrion!",Atención,0.0,Neutral ⚪
1699405,357481663,2018-12-10,179632586,Renata,"O Apartamento do Héctor é fenomenal.Nota 1000.Excelente localização, limpeza, apartamento super silencioso apesar de estar no (Website hidden by Airbnb) surpreendi com tudo.
além da super hospedagem, tivemos também uma excelente recepcion.
vale a pena conferir!
muchas gracias Hector y Silvia",Instalaciones,0.19444444444444442,Positivo ✅
969423,9313039,2013-12-20,8983315,Gianmaria,"Nice bedroom in an elegant building just 10 minutes away from Scalabrini Ortiz tube station. I didn't meet Luciano but his mum, Marta, was really lovely and made me feel at home",Ubicación,0.5333333333333333,Positivo ✅
19389348,250006002,2018-04-03,173698030,Ricardo,Buena ubicación para la vida nocturna. En el día fácil acceso al transporte público para hacer turismo en Buenos Aires.,Instalaciones,0.0,Neutral ⚪
4499307,503102784,2019-08-05,275632250,Alfredo,"Buenísima Ubicación 
Ignacio un excelente Anfitrión
Recomendadisimo",Instalaciones,0.0,Neutral ⚪
30143273,464799690,2019-06-06,246254916,Natalia,Es tal como se describe ..Victoria una anfitriona genial..super recomendable!!,Atención,0.0,Neutral ⚪
21064922,463982040,2019-06-04,1872628,Tom,"This place is nice and roomy. It has a great deck, a comfortable bed, comfortable kitchen chairs and a nice kitchen table. I worked in the apartment a lot during my 4 month stay overall the place felt like it had a good amount of space. It feels a bit rustic in that the windows do not offer the best insulation, but the heat is strong and it never gets that cold in BA. The windows in the bedroom are huge and offer an nice relaxing view.",Instalaciones,0.4444444444444445,Positivo ✅
13155542,266751592,2018-05-20,119284274,Martha Liliana,"Apartamento con excelente ubicación, cerca a los principales lugares turísticos de la ciudad, con restaurantes cercanos. El apartamento acogedor perfecto para hospedarse y Josefina sumamente atenta a cualquier inquietud que tuviéramos.",Ubicación,0.0,Neutral ⚪
22878294,531473389,2019-09-17,129546906,Alex,Clara es Excepcional! El departamento es amplio y bien distribuido. Excelente ubicación. Un excelente servicio y  amabilidad.,Instalaciones,0.0,Neutral ⚪
24809948,327271582,2018-09-23,214817531,Humberto,Muy buen alojamiento.  Buena ubicación. Muy buen anfitrión.,Instalaciones,0.0,Neutral ⚪
26640709,432634633,2019-04-04,83756988,Cinthia,"Depto precioso, impecable y lleno de detallitos lindos, además está re bien ubicado y se pueden hacer un monton de paseos caminando.
Mónica es una excelente anfitriona, super atenta y cariñosa. 
Departamento super recomendando para una estadia perfecta en Buenos Aires!",Atención,0.375,Positivo ✅
4479962,89426632,2016-07-28,81101515,Rhiannon,"Great no fuss, no hassle stay. Lovely big room in a big old house, left to your own devices with access to a great kitchen and close to the best bits of BA. Would definitely stay again.",Instalaciones,0.38,Positivo ✅
18304250,218205803,2017-12-11,16464228,Martin,Muy buena estancia en casa de María! Maria fue muy simpática y me ayudó a encontrar actividades en Buenos Aires.,Instalaciones,0.0,Neutral ⚪
68868,126390671,2017-01-11,94865515,Andras Szabo,"this was a great stay, perfectly located for exploring the best of Palermo. i would recommend this place to my friends without hesitation. much more i could say here, but i suggest to anyone looking for a place, don't hesitate to book here, you will be more than happy. ",Instalaciones,0.7666666666666666,Positivo ✅
404935,572323906,2019-12-02,85380120,Eliana,"Me, my husband and young son stayed for almost 2 weeks in Barbara’s apartment. It’s a beautiful penthouse space with lots of natural light, a very nice small patio, and in a great location! One bedroom one bath but had a few different sleeping options other than the master bed (a rollaway bed under the couch and another daybed in the bedroom). Very safe and quiet building. Right across the street is one of Argentina’s best restaurants, Don Julio! Make sure to get a reservation while you’re there- it’s incredible!
Barbara was a great host who even supplied things like a pack n play, high chair, and stroller for our stay. We had an amazing time and would absolutely stay again!!
One thing to be aware of is this is on the top floor (great because more private and nice sunlight!) but the elevator only reaches the floor below so you have to take some stairs up to the next floor to reach the apartment.",Ubicación,0.38440051020408167,Positivo ✅
13856356,250538903,2018-04-05,18153189,Stephan,"Appartement is ruim, maar er is verkeerslawaai.
De keuken heeft voldoende servies maar geen thee of koffiepot,
en ook geen bak- of braadpan.
Carolina is bijzonder aardig en behulpzaam maar alleen aanwezig
in de ochtend op ma t/m vrijdag.
Subte station vlakbij, evenals bushaltes
San Telmo en la Bocca te voet gemakkelijk te bewandelen. Plaza Dornbrego
vlakbij",Ubicación,0.0,Neutral ⚪
29485161,352574090,2018-11-25,222052554,Andrea,"Nos sentimos muy cómodos en el espacio! El dpto es tal cual se ve en las fotos, todo impecable ! La ubicación es buena también. Volveremos  !!",Instalaciones,0.0,Neutral ⚪
21634757,278120652,2018-06-17,24235016,Mauricio,"Muy buena experiencia. Ubicación, limpieza y atención impecable. 
Muchas gracias",Instalaciones,0.0,Neutral ⚪
33403884,466626749,2019-06-09,259059992,Gastón Federico,"Juan y Roxana excelente la atención, nos recibieron antes de la hora de llegada, el departamento en optimas condiciones, con todo lo necesario para pasar unos días maravillosos en Buenos Aires! Nos recomendaron una panaderia extraordinaria, nos mostraron donde estaba en supermercado mas cercano y nos recomendaron unos lugares para comer. El transporte: a una cuadra el subte y muchísimos colectivos para diferentes zonas de la Capital! 
La limpieza y orden del departamento estaba en excelentes condiciones, una maravilla todo! Gracias, volveremos seguramente.",Ubicación,0.0,Neutral ⚪
13854368,285350321,2018-07-03,118659571,Pablo,"El lugar tiene el espacio justo para estar cómodo, es precioso y acogedor, cálido, un ambiente de tranquilidad justo para descansar durante tu viaje, los servicios 10 puntos, la atención excelente, muy seguro, me encantó pasar estos días allí, estoy seguro de que a ustedes les pasará lo mismo...",Precio/Calidad,0.0,Neutral ⚪
37085360,557198418,2019-10-31,300536071,Yaritza,"Gracias daiana por todas tus atenciones y sugerencias,  el lugar es excelente y su ubicacion es inmejorable.
Me volvería a alojar en tu departamento. 
Gracias.",Instalaciones,0.0,Neutral ⚪
30403528,359629616,2018-12-17,112647417,Laura,"El depto es hermoso! mucho más grande de lo que pueden mostrar las fotos. Súper cómodo en cuanto a las instalaciones (tener dos baños, es un lujo!). Tiene muchos detalles que hacen a que la estadía sea por demás agradable, libros, música, conexión a internet. Además Noelia ha provisto el depto con otros detalles como paraguas, shampoo, jabón, secador de cabello, aceite, sal, azucar, café (y un largo etc.) que hacen que la llegada y estadía sea como ""estar en la casa de uno"" - esa fue mi sensación todo el tiempo! Tiene todo lo necesario para cocinar - aunque nosotras sólo usamos el microondas para calentar comida :) 
La cama es hermosa!! súper cómoda y amplia! La ducha es deliciosa! buena presión del agua y calentita. Los baños son amplios y lindos.
El depto está muy bien ubicado. Cerca de estaciones de metro (o subte) y cerca del metrovía. Alrededor tiene muchos negocios, para comprar comida o comprar en el súper. Si bien está en pleno San Telmo, se puede dormir muy bien, sin escuchar ruidos de afuera, porque el depto no da a la calle sino a un pequeño patio interno.

Noelia es muy atenta a todo!! por demás amable! Lo súper recomiendo al lugar, no sólo por el depto en sí, sino por ella. Tuvo la amabilidad de esperarme (y con café listo...) hasta las 5 de la mañana!! porque un retraso que tuve en el vuelo. Siempre con una sonrisa en la cara. Divina!!! :)

Definitivamente, será mi lugar en Buenos Aires cada vez que regrese! porque ha superado mis expectativas! :)",Ubicación,0.7604166666666666,Positivo ✅
2331653,59967898,2016-01-17,53184323,Alejandro,"Excelente experiencia, Ángel es muy Atento y muy amable. El lugar es acogedor y muy cómodo. La zona muy segura. ",Atención,0.0,Neutral ⚪
6971444,121353557,2016-12-16,32626155,Augusto,"Alexa estuvo siempre online atenta a cualquier consulta o necesidad. La room es lo justo y necesario. Una cama de dos plazas muy cómoda, con un mueble grande para acomodar todo a gusto. 
Departamento muy luminoso.",Instalaciones,0.0,Neutral ⚪
1052597,39906870,2015-07-27,3506492,Florian,"I booked the flat for my mother and my uncles. So I can only relate their opinion when it comes to the flat. As far as the communication was concerned Ezequiel was very friendly, caring and always quick to reply. The flat itself is very well situated placing you right at the heart of hip Palermo. The flat is spacious and pleasant providing you with all important amenities. The only thing my mother complained about was the flat being cold at times as the air condition apparently didn't manage to keep a constant temperature. Having said that they visited in July. So during Spring, Summer or Autumn this problem won't apply obviously. So we can recommend the place!",Atención,0.08236215538847119,Neutral ⚪
20422098,241532805,2018-03-09,175160742,Elsa,excelente atencion  carlos y vivian son maravillosos muy amables y atentos todo estaba tal cual la pagina agradecida x siempre,Atención,0.0,Neutral ⚪
27284415,553198695,2019-10-23,289964284,Ana Cláudia,"O local é tão lindo quanto nas fotos, é um ótimo local pra ficar principalmente se é a primeira vez visitando BA, pois é de fácil acesso para pegar ônibus, metrô e táxi... Fica próximo de vários pontos turísticos e tem tudo que precisa bem pertinho.",Ubicación,0.0,Neutral ⚪
17936807,218240423,2017-12-11,132929291,Ignacio,El departamento es muy cómodo y luminoso. Nos quedamos durante dos semanas. Esta cerca de Palermo y a dos cuadras del subte B. Estuvo todo muy bien.,Ubicación,0.0,Neutral ⚪
4416046,24124923,2014-12-20,24834921,Beate,"Spent five days in Buenos Aires, and this stylish apartment was the perfect place to stay. Light and cozy with lots of little details that makes you feel right at home. Manuel was gracious, always responded quickly to our messages and was very flexible. He made us feel very welcome – even gave us a nice bottle of wine on our arrival, as we were the first guest in the apartment!

The bed was comfortable, Wi-Fi fast and reliable, and everything else functioned as expected. The little book of local tips was a great touch. The area is nice and quiet and we felt very safe walking around (which we did a lot of). Would definitely stay here again.",Ubicación,0.2957521645021645,Positivo ✅
4421757,213863715,2017-11-23,318435,Rose,"Tamara and her family have a beautiful home in the colonial neighborhood of San Telmo. They were flexible with my late check in and late check out, and made me feel right at home, all were very friendly. The suite is great, with its own bathroom, and feels private. I would definitely recommend Tamara's place!!",Ubicación,0.26924603174603173,Positivo ✅
930911,238283665,2018-02-25,156548330,Jacopo,Great place. Highly recommend.,Instalaciones,0.48000000000000004,Positivo ✅
1592614,406140421,2019-01-28,9363638,Sabrina,"Alojamiento con excelente ubicación,  tiene varios cafés y restaurantes cerca, a pocas cuadras del subte y de los colectivos, sin lujo pero limpio y cómodo para dos personas y con un anfitrión que te hace sentir en familia",Limpieza,0.0,Neutral ⚪
7274826,309667022,2018-08-18,183586364,Uni,"Very nice appartment and efficient hosts !

Apart from the  windows which would need some update (some are broken and overall they let quite a bit of cold/sound get in), the place has a gorgeous feel to it and the location is very practical :)",Ubicación,0.32916666666666666,Positivo ✅
3184109,92094376,2016-08-07,80868438,Luciana,"El departamento es tal cual como se ve, comodo y en una buena ubicacion",Instalaciones,0.0,Neutral ⚪
4575444,81009219,2016-06-20,43885403,Fernanda,"Ficamos Hospedados na casa de Mabel no período de 13/06/2016 a 21/06/2016.  O apartamento é como se vê nas fotos e estava limpo e organizada quando chegamos. Frisa que não possui suíte, é composto de um banheiro e um lavabo e fica muito próximo ao metro linha verde Ministro Carranza e perto existe vários restaurantes e barres, ressalto como bom e barato o El Trapiche. Durante a nossa estadia nao tivemos nenhum tipo de imprevisto foi tudo perfeito. 
Dificuldades enfrentada: Para contatar com a anfitriã na chegada,haja vista que o prédio nao tem porteiro. Mas com a ajuda do nosso taxista fomos prontamente atendidos.

Resumindo foi uma ótima estadia, recomendamos este apartamento, grata a Sr. Mabel e ao Sr.Eduardo pela cortesia.",Ubicación,0.0,Neutral ⚪
38636380,568507709,2019-11-24,111244911,Verónica,"Habitaciones luminosas. Muy buena ducha y toallas. Excelente ubicación para ir caminando al ecopaecoparque jardín japonés, botánico y Museo Malba.",Instalaciones,0.0,Neutral ⚪
16929252,153039565,2017-05-19,129992520,Adriano,Todo muy bien. Lindo el depto y muy buena ubicación. Todo perfecto con Camila,Instalaciones,0.0,Neutral ⚪
29175617,611233108,2020-02-26,26784025,Franco,Excelente departamento en una ubicación inmejorable. ¡Marcela hace incluso mejor la experiencia siendo una anfitriona excelente! Saludos.,Atención,0.0,Neutral ⚪
15453487,188221717,2017-08-28,144843647,Fabrizio,"Excelente ubicación. La habitación es muy linda y amplia. Los anfitriónes son excelentes, me ayudaron con todo!",Instalaciones,0.0,Neutral ⚪
26753772,450907971,2019-05-10,259449112,Javier Aníbal,"Muy lindo estudio, cómodo e impecable, muy buena zona y acceso a ómnibus y subte a pocos metros",Ubicación,0.0,Neutral ⚪
34510016,556440208,2019-10-29,171701023,Paola,"Este lugar ha sido uno de los mejores airbnb en el que me he hospedado, lo recomiendo 100% es súper limpio y céntrico. Liliana estuvo pendiente de todo siempre, no dudamos en regresar.",Limpieza,0.0,Neutral ⚪
2358458,40212586,2015-07-29,12863473,Elyna,"La coordinación con Gerardo fue expedita y él fue amable en todo momento. El departamento está muy bien ubicado, cerca de comercio y movilización, en un barrio agradable. El departamento se ve mejor en las fotos, le hace falta algo de mantención. En global, la relación precio/calidad permite recomendarlo.",Ubicación,0.0,Neutral ⚪
21437002,566447381,2019-11-19,210376095,Vero,"El lugar es súper cálido y luminoso, la ubicación es excelente y la atención espectacular, estamos super agradecidos , volveríamos de darse la oportunidad de otro viaje",Instalaciones,0.3333333333333333,Positivo ✅
6896952,333690744,2018-10-07,150649834,Karen,"This was my first visit to Argentina and I was very happy with my stay at Maria Laura’s place.  After spending 2 weeks in Buenos Aires, San Telmo was absolutely my favorite neighborhood.  The Sunday market is right on the same street as the apartment and across the street from the San Telmo Mercado.  There are lots of great food options within walking distance and make sure you walk one block to Leonesta to pick up some amazing  homemade pasta and sauce and bring it back and cook it at your place.  I was able to easily get around the city by buses and the subway.  I felt at home in the apartmentI and the photos give a accurate representation.  I would definitely stay here again.",Ubicación,0.4053113553113553,Positivo ✅
17717079,581285722,2019-12-24,5638270,Alison,"This is a lovely apartment with a great host. Unfortunately, it is surrounded by construction at the moment so there is a lot of noise from about 8.00 - 17.30 five days a week and Saturday morning as well. Probably not a problem if you are out sightseeing all day, but I was in BA dancing tango at night so needed to sleep during the day. That wasn't possible and it disrupted my two week stay.
The apartment is really homely though and it's was great to have the roof-top pool and washing machine.  I also loved being so close to the fabulous rose garden at this time of year. I made the most of my stay but wish I'd been warned about the noise - the listing description says ""Super silent"".",Atención,0.3611111111111111,Positivo ✅
12918163,108707224,2016-10-17,1633733,Marcela,"Todo perfecto! La ubicación, el departamento, la comunicación, me sentí como se fuera mi casa. ",Instalaciones,0.0,Neutral ⚪
29456546,425960608,2019-03-19,217467839,Manuel,"Increíble, una experiencia única. Un lugar maravilloso para hospedarse, sus dueños muy amables, respetuosos y muy profesionales. El area muy tranquila a sus alrededores, con bares y restaurantes muy cerca. En fin, si piensas en ir a Buenos Aires, no dudes en hospedarte en este apartamento, créeme no te arrepentirás.",Ubicación,0.0,Neutral ⚪
23428845,265000658,2018-05-15,107067385,Ariiel,"Muy buena ubicación, zona muy segura,acceso a muchos transportes públicos. Mejor lugar imposible",Instalaciones,0.0,Neutral ⚪
35162447,564312981,2019-11-15,297861399,Nereida,"El departamento es hermoso, cumple con todos los servicios que mencionan y muy bien ubicado. Los anfitriones, Diego y Alejandra, son excelentes estuvieron atentos en todo lo que necesitaba. Super recomendable!!",Atención,0.5208333333333333,Positivo ✅
15094088,210634257,2017-11-10,26154287,Marianela,"Muy bien ubicado el depto 
A media cuadra tiene un supermercado 
Buscamos un alojamiento cerca de la clínica de Zaldívar y este queda a 4 cuadras ideal
Muy completo y acogedor
Volvería y lo recomiendo !!!",Ubicación,1.0,Positivo ✅
39776942,566747334,2019-11-20,60677311,Gi,"La verdad es que me gusto mucho más personalmente que en las fotos, al ser un monoambiente es bastante amplio y la forma de este también lo hace distinto, tiene un balcón hermoso y la pileta lo mejor para estos días de calor en la ciudad! A la noche pude disfrutar de poner mi cuenta de Netflix y relajarme. Me sentí como en mi casa y la atención de Nicole y de Lala fueron excelentes, siempre pendientes de todo y me dieron varias recomendaciones sobre el barrio ya que hace mucho que no volvía aBuenos Aires, sin dudas volvería a hospedarme aquí",Ubicación,0.0,Neutral ⚪
14898722,589043964,2020-01-05,40003268,Lou,"Patri is a wonderful host who treats her guests as family. The room is exactly as showed in the pictures, very clean and comfortable. The balcony is perfect!! And the neighborhood is soooo amazing, in my opinion the best area of Buenos Aires. I will definitely stay at Patri’s place again! 

Muchas gracias Patri!!! 

:)",Limpieza,0.5807407407407408,Positivo ✅
3962808,95973042,2016-08-21,52101363,Alejandro,"Comodo dpto en una zona muy tranquila, pero cerca de muchos bares y restoranes.",Ubicación,0.0,Neutral ⚪
27576034,420351994,2019-03-06,211108731,Mina,"Maria’s place is exactly the way it is presented. She also was as kind as to add some utilities that were not included and that I mentioned would mean to me. She was very helpful with suggestions for places I asked about as well. And the location is very good, everything is very close, bars/restaurants, grocery/wine shops, laundries..",Ubicación,0.30791666666666667,Positivo ✅
28276399,568512236,2019-11-24,117121920,Esteban,"Excelente ubicación, buenas instalaciones, equipamiento y limpieza, pero las cortinas muy transparentes para dormir hasta tarde",Instalaciones,0.0,Neutral ⚪
92689,416437906,2019-02-24,8425,Sharon,"This is a beautiful apartment in  Palermo Chico.  Agos and Casilda are lovely people and care that their guests enjoy the beautiful city of Buenos Aires.  Walking distance to museums and upscale restaurants.  Cab rides everywhere else...Unfortunately, no one mentioned that there was construction next door. The constant hammering and noise made it difficult to relax and enjoy the place. I realize there was nothing the hosts could do about this. However, better communication from them earlier in my stay would have at least made me feel a little better about it.",Ubicación,0.23173076923076924,Positivo ✅
34442356,459581903,2019-05-27,90240763,Nani,"El dpto de Norma es divino! súper luminoso, muy limpio, cama comodísima, y con todos los servicios que necesité WiFi, cable, calefacción y aire. La atención de Norma fue impecable, todo como lo hablamos! Una opción excelente para alojarse en Buenos Aires. Tiene una ubicación inmejorable, con muchas opciones de transporte y cosas para hacer y recorrer, es cerca de puntos turísticos como el cementerio de la Recoleta, plaza Francia, el museo de bellas artes, shoppings y bares como el alto Palermo, el hard rock, Buenos Aires design, shopping de Recoleta. 
Sin dudas lo recomendaré! Muchas gracias!!",Limpieza,-0.5696614583333335,Negativo ❌
29657079,593317643,2020-01-15,47463547,Aimee,"The place is really well located in Palermo, close to bars and shops. :) the communication was great and check-in was simple and easy. Beds were comfortable and air conditioning is always such a huge plus :) 

There wasn’t any toilet paper at the place, so we had to go and buy some (also, the toilet didn’t flush properly). I felt like the essentials were kind of skimped on a little, a very minimal Airbnb. But it’s also very cheap, so the price is good for what you get. :)",Atención,0.28717592592592595,Positivo ✅
31884597,481809347,2019-07-05,226371462,Fernando,"El departamento de Francisco tiene una excelente ubicación, es un departamento muy hermoso y bien cuidado. El host nos respondió todas nuestras inquietudes al instante y fue muy atento. Super recomendable.",Atención,0.3333333333333333,Positivo ✅
23500316,267788671,2018-05-22,15676539,Micael,The host canceled this reservation 28 days before arrival. This is an automated posting.,Atención,0.0,Neutral ⚪
1460195,229769755,2018-01-25,2270949,Elena,"Appartamento confortevole situato in zona comoda per i servizi e gli spostamenti. Comunicazione rapidissima con la host che è stata disponibilissima. 
Sarebbe utile avere le docce dotate di saliscendi e doccetta a mano anziché i soli erogatori a muro, piuttosto scomodi.",Atención,0.0,Neutral ⚪
9260283,63576793,2016-02-24,43215301,Claudia & James,A really amazing studio in an excellent location. Loved the big window and the design. The doormen were really helpful. Lovely to have a pool on the roof to cool down in. Definitely recommend!,Ubicación,0.3549382716049383,Positivo ✅
2158187,43130725,2015-08-17,40011203,Astrid,Todo segun lo acordado. Detalles. La canilla fria de la cocina no funciona.   Fijate la cama no era muy comoda la cama. Saludos,Instalaciones,0.0,Neutral ⚪
1140780,35840826,2015-06-22,12126164,Alberto,"El departamento estaba exactamente como la descripción y las fotos. Alexis fue genial , excelente su atención y su preocupación por todo . Absolutamente recomendable , repetimos seguro.
10 puntos.",Instalaciones,0.0,Neutral ⚪
21136804,444939199,2019-04-28,26940646,Ilaria,"Abbiamo alloggiato 1 notte nell'appartamento. Ci ha accolto una signora, molto gentile e disponibile. L'unico aspetto negativo è stata la pulizia. Cucina molto sporca, le lenzuola e cuscini anche e Non avevamo asciugamani per tutti. A parte questo è in una zona comoda e per una sola notte va benissimo.",Instalaciones,0.0,Neutral ⚪
34382227,580384183,2019-12-22,8035420,Rafael,"Loved the apartment, located in a very modern building with swimming pool and private parking, with high standards. The hosts were outstanding, very helpful and considerate, really great place to stay in Buenos Aires, would highly recommend it to others.",Atención,0.34750000000000003,Positivo ✅
24139080,270564838,2018-05-29,24662308,Meghan,Graciela's apartment was perfect for our stay! It's in an idea part of the city in Recoleta off a main street but in a very quiet location. Graciela was the best host! She was prompt with all of her responses to our questions and needs! Would definately stay here again!,Ubicación,0.5416666666666667,Positivo ✅
3332947,49376491,2015-10-03,24551189,BA Group,"Espectacular!!! Horacio es un gran anfitrion.
Fue muy servicial y atento desde el primer contacto que mantuvimos.
Nos facilito muchisimo las cosas, y hasta nos permitio ingresar en un horario imposible 2.00 AM de la madrugada sin aceptar que hagamos el pago de un dia adicional. Nos ofrecio pagar el taxi desde el aeropuerto y nos cambio dinero para poder movilizarnos el primer dia.
Si a eso le sumamos que hasta teniamos unas empandas para poder comer luego de un largo viaje... se puede decir que nos sentimos en casa de un familiar. La casa tiene una ubicacion inmejorable, cerca de todo y en un barrio top de la capital federal, las instalaciones son perfectas un lugar calido y acogedor tal cual se lo ve en las fotos.
Lindas casas hay muchas publicadas en Airbnb, sin embargo esta contaba con un adicional UNICO, un excelente anfitrion.
Gracias Horacio Beker por tus servicios y buena onda.",Ubicación,0.4375,Positivo ✅
2378751,17230333,2014-08-09,13916874,Giuliana,"Barbara was most helpful. We had a small problem at the apartment and she attended to it immediately.
The property is very centrally located and convenient for exploring Buenos Aires.",Atención,0.08333333333333333,Neutral ⚪
24771251,266754277,2018-05-20,190027580,Orlando,"Excelente Dpto con todos los servicios, la ubicación muy buena, cerca del subte línea b que te acerca al microcentro en minutos. Un lugar tranquilo. Jean muy buen anfitrión, ya se encontraba a la hora acordada. Lo recomiendo 100%",Ubicación,0.0,Neutral ⚪
18023854,618508136,2020-03-15,88593898,Virginia,"Hermoso espacio, colorido y luminoso. El balcon super comodo para disfrutar! Muy recomendable",Limpieza,0.41666666666666663,Positivo ✅
17276358,546252891,2019-10-13,227513365,Paulo Rodrigo,"Boa localização, bem ao lado do Recoleta Mall, principal shopping da Recoleta. Facilidade para câmbio, restaurante, passeios, UBER, tudo.",Instalaciones,0.0,Neutral ⚪
11241012,116434226,2016-11-30,32230378,Natalia,"Alejandro muy atento desde el momento que hice la reserva, al igual que su primo Horacio que fue quien me recibió.

Un buen espacio para una persona o pareja, tiene todo lo básico necesario. El barrio es bastante accesible. 

Ojo con la limpieza. El resto todo OK.

",Ubicación,0.5,Positivo ✅
29260535,414677646,2019-02-20,57326903,Larry,"The apartment is well located walking distance to many places Parks, Subway , Taxis, Buses. The check in process is fast and efficient. They communicated extremely well with everything. The only problems was a dirty bathroom and way to many roaches in the apartment. If they fix that this is a nice location and nice apartment.",Limpieza,0.20937499999999998,Positivo ✅
18508626,532811921,2019-09-20,268146649,Pía,"Darío es un gran anfitrión, muy dispuesto a responder cualquier consulta. Flexible con el horario de entrada y salida...nuestro vuelo se retrasó y no tuvo problema con eso. El lugar estaba limpio y con todo lo necesario para estar cómodas, exactamente como se ve en las fotos! Súper bien ubicado, con metro y cafés a la vuelta de la esquina. Sin duda volveríamos! Además cuando nos fuimos dejamos un artículo de valor e inmediatamente nos contactaron para pasar a buscarlo, mega recomendado.",Limpieza,0.0,Neutral ⚪
36308714,493515158,2019-07-22,87264865,Gabriela,Carolina es super hospitalaria. La habitacion muy confortable. Y la ubicación inmejorable,Precio/Calidad,0.3333333333333333,Positivo ✅
8592503,222691366,2017-12-30,20377474,Pamela,"Fabian was so fantastic in accommodating our early check-in time after a long journey from the US, which was hugely appreciated. He also let us store our luggage at his apartment for a few hours on checkout day, another huge help!  Very easy to communicate with Fabian via the Airbnb messenger (quick responses). Five stars!

We LOVED Palermo Soho -- this was by far the best location for foodies and hipsters like us to be based during our stay :). Be sure to check out Don Julio's for lunch or dinner (make a reservation), take a yoga class at Valletierra, and just walk around and explore the area on foot at your leisure.  The apartment was as pictured and described. Beautiful loft! However be advised the stairs both to get to the apartment (2 flights) and also the 1 flight of stairs inside the loft are not well-suited for elderly guests or child guests.",Ubicación,0.4092857142857143,Positivo ✅
20034814,567787506,2019-11-23,5899939,Conrad,"C'est un super Airbnb que nous recommandons sans aucune hésitation.
5 étoiles partout, accueil, propreté, localisation, etc.",Instalaciones,0.3333333333333333,Positivo ✅
3542414,354031185,2018-11-30,12431740,Bailey,"Amalia's place was just as we expected and just as advertised. Great area, perfect for what we were looking for. It was our first time in Buenos Aires and we couldn't have asked for better communication and hospitality from Amalia. We would stay here again!",Atención,0.515,Positivo ✅
15665550,404293472,2019-01-23,7864764,Leonardo,"Un apartamento espacioso, útil y bien comunicado con el servicio de transporte público. Cerca hay restaurantes, mercados, tiendas. El anfitrión Mario,  siempre está pendiente de lo que necesites",Ubicación,0.0,Neutral ⚪
29983290,442840789,2019-04-24,247771109,Silvia,"si buscan tranquilidad y silencio,no será adecuado para uds",Ubicación,0.0,Neutral ⚪
14429663,272945263,2018-06-04,26979369,Greg,"This was the first time me and my wife had done a private air bnb room and we loved it, it was hands down one of the best place we have stayed in. Flor was especially helpful with suggestions and both her and max made us feel at home in Palermo. Would love to stay there again in the future.",Atención,0.28680555555555554,Positivo ✅
18933577,529296366,2019-09-14,278682477,Raquel,"Este departamento nos ha dado una panorámica de BA diferente. Buenos Aires también se vive en las alturas y es el lugar perfecto para ello. Muy cómodo y tranquilo, con lo necesario (y de sobra) para pasar una estancia en la ciudad. Gastón muy amable, respetuoso y con buenas conversaciones, repetiriamos!!!!!",Atención,0.0,Neutral ⚪
12872030,355727018,2018-12-05,192041441,Sona,"Lovely clean bright apartment with  cute balcony. We stayed couple of days when we were in Buenos Aires and enjoyed our stay very much. Good location also very close to restaurant shopping mall and shops. 
Do not look further and just book here !",Limpieza,0.43333333333333335,Positivo ✅
16554986,211992554,2017-11-15,137418308,Angelina,"Me pareció un excelente departamento. Ubicado en una Av. muy importante de la ciudad. Súper luminoso, limpio y seguro. Es mucho mas lindo que por foto! Tiene una vista increíble! Ernesto y su hija fueron buenísimos en cuanto a la comunicación como a la buena onda! Altamente recomendable",Limpieza,0.0,Neutral ⚪
4627483,42980502,2015-08-16,10361507,James,"This studio apartment cannot be beat..!!  As a single-traveler, the décor, location, and prompt attention by management made my time extra special.    Having lived in many apts in Palermo, I can vouch for the quiet ambience (which is unheard of in this part of The City) and the responsible owner.   The apartment is awesome for one person.   And would be great for two..  Highly recommended...",Ubicación,0.3771428571428571,Positivo ✅
22041642,578652621,2019-12-18,3758628,Marie,"The apartment is located perfectly within the Palermo neighborhood - it just takes you a few steps and you have plenty of nice shops, bars and restaurants. Don’t miss to enjoy a morning coffee or evening beer on the apartments rooftop - it’s a dream! Thanks to Raul and Francesco, communication was brilliant and the place is beautiful.",Ubicación,0.55,Positivo ✅
737135,429277996,2019-03-27,208098038,Luis,"Impecable lugar, excelente ubicación trato increíble, comunicación inmejorable, si tuvieran 10 estrellas sin duda se las ganan. Yo sin pensarlo regresaría a su estudio.",Instalaciones,0.0,Neutral ⚪
2960653,72456897,2016-05-02,19003173,Daniela,"The apartment is great and well-maintained, in a fantastic neighbourhood, walking distance from the Palermo parks, stores and night-life. Ezequiel was a perfect host, punctual, flexible and very helpful. One minor issue is that, because it is in the first floor, the apt can be a bit noisy; nothing that ear plugs won't solve. I will certainly return and highly recommend.",Ubicación,0.39714285714285724,Positivo ✅
22535511,337129050,2018-10-15,216211169,Nicole Maria,Muy buena la ubicación del Depto!! Muy atento y amable el anfitrión. Hermosa vista! Súper recomendable,Atención,0.0,Neutral ⚪
9836283,134991043,2017-03-02,3762077,Liliana,"El departamento está muy buen ubicado, a unos metros de la Av. Santa Fé y a menos de una cuadra a la estación de subte (o metro) y con muchísimos paraderos de bus a 2 cuadras a la redonda. A menos de una cuadra hay muchas bodegas y a 4 cuadras hay 2 supermercados. A 1 cuadra y media hay una casa de cambio, un locutorio y montones de negocios más.
El departamento tiene una distribución muy cómoda, buena presión de agua, la cocina miy bien equipada.",Ubicación,0.0,Neutral ⚪
31895620,605067438,2020-02-13,74872245,Silvio,Excelente ubicación. Lindo depto. Luminoso. Muy recomendable. Ariel muy atento.,Instalaciones,0.0,Neutral ⚪
7031038,123259325,2016-12-28,25914526,Susana,"Viajé con mi madre de 62 años y solo puedo deci (Website hidden by Airbnb) L. La casa es hermosa, la ubicación perfecta para gente que quiere patear la ciudad y después relajarse, los anfitriones simpatiquísimos... Si vuelvo a Buenos Aires repetiría sin duda!!!",Atención,-0.32552083333333326,Negativo ❌
22970867,586056166,2020-01-01,23034901,Mykola,"My best Airbnb experience ever! Abrazos grandes on check-in, tons of useful tip and reccomendation, excellent communication, stylish, clean & cozy appartment. If I would build my home, I would do it in the same way as this amazing appartment is organized. Stayed for 25 nights and it flew like one. I felt absolutely at home there.
*P.S. balcony view makes morning coffee a kind of a breathtaking routine.",Limpieza,0.48787878787878786,Positivo ✅
9061487,153277836,2017-05-20,73797068,Bobby,"This is the second time I have stayed in an apartment in Buenos Aires that Marcos has offered. 

From checkin, to check out, everything was smooth and wonderful.  The apartment is clean, comfortable, and like home.

I'll be staying with Marcos in the future if I can, without a doubt.",Limpieza,0.3611111111111111,Positivo ✅
18625865,295468290,2018-07-23,41970291,Agustin,"La estadía en el monoambiente fue muy buena para nosotros. El espacio es bien funcional, cómodo y acogedor. Hermosa biblioteca para bucear. A media cuadra de Corrientes y cerca de todo, buses, Metro B y locales.",Ubicación,0.0,Neutral ⚪
35839245,535926439,2019-09-25,107768764,Pedro,Todo espectacular volvería,Instalaciones,0.0,Neutral ⚪
29816317,404814166,2019-01-25,169382341,Tomás,"Maravillosa experiencia, recomiendo este listing a toda la comunidad Airbnb. El departamento es una joya y el servicio de Facundo y Federico impecable",Instalaciones,0.0,Neutral ⚪
28410780,437951867,2019-04-15,41109785,Germán,"Tranquilidad, el barrio es silencioso. Bien ubicado, tiene al alcance varios supermercados.
El garage es un plus excelente.",Ubicación,0.0,Neutral ⚪
3401662,66928155,2016-03-25,25294226,Alejandro,"Excellent , the place was as described. Everything great.",Instalaciones,0.9,Positivo ✅
17010090,427354645,2019-03-23,62916623,Javier,"Great place to stay, good value, great location",Ubicación,0.7666666666666666,Positivo ✅
39579755,592042108,2020-01-12,13452977,Melissa,"Eduardo’s place is a fantastic space. Super clean, quiet, and a great location. Eduardo was easy to communicate with and very responsive to any questions/concerns I had. The outdoor garden space was perfect! I spent a lot of time in the hammock reading and relaxing. This was by far one of the best Airbnb’s I’ve stayed at! It is in a very cool historic building and the apartment had everything needed to make yourself at “home”, cook meals, relax, and sleep silently! I highly recommend staying at Eduardo’s on your trip to BA and if I return I hope to do so!!",Limpieza,0.37416666666666665,Positivo ✅
3512633,421066783,2019-03-08,57765677,Claire,Great stay at Luciano's place. The location is excellent and he is so responsive!,Ubicación,0.9,Positivo ✅
18833904,335596657,2018-10-12,12316540,Benjamin,"Federico's place was great! We were welcomed by a friend who explained to us the space in person and waited for our late check-in. The place was exactly how we had imagined it would be, in the center of San Telmo, ideal walking distance from the market and from amazing life next to plaza Dorrego! Very nice bathroom and shower, different types sleeping spaces perfect for couples or even friends,  and good wifi access!  Would recommend this place if you are traveling with a group of friends!",Ubicación,0.46636363636363637,Positivo ✅
21753679,268632252,2018-05-25,73090199,Alan,"Lugar muy limpio y cómodo. Muy minimalista, perfecto para quedarse con un bebé.",Limpieza,0.0,Neutral ⚪
19436178,448811567,2019-05-05,25993718,Hector,Excelente ubicación y Excelente host. Hiper recomendado,Atención,0.0,Neutral ⚪
21164326,246882792,2018-03-26,168650227,Milene,Apartamento de Mauricio muy agradable y super limpio. se encuentra entre Palermo y Recoleta. La hospitalidad de Mauricio hace que la estancia sea muy agradable. la cama cómoda y la internet rápida. ¡Muchas gracias Mauricio por la gran estancia!,Limpieza,0.41666666666666663,Positivo ✅
3012795,33660118,2015-05-31,1252043,Corina,"Pros: Very nice apartment in San Telmo. Loved the decoration and how spacious it was. Lots of restaurants and attractions nearby. The subway is just a couple of blocks away. Naomi was very helpful and and took good care of us.

Cons: The only con is that one of the sofas smelled like dog pee. We were trying to watch some TV after a long day and this awful smell just kept coming up. It was better once we moved to the small sofa but still kinda annoying :/",Limpieza,0.04818181818181819,Neutral ⚪
18566939,274202772,2018-06-08,61402810,Fiona,"I spent a really nice week in Rodrigo's airbnb, the apartment is really functional and was clean ! There is everything you need (in particular in the kitchen). Good location in Recoleta, next to the subway and supermarkets. Rodrigo was also very receptive and answering quickly on the platform which was helpful as my phone wasn't working. Thanks again !",Limpieza,0.2808333333333334,Positivo ✅
4390533,41133092,2015-08-04,38762515,Samuel,"The apartment was clean, the owner took the time to explain us everything, it was a very good experience! 
Don't hesitate !",Limpieza,0.6833333333333333,Positivo ✅
13467561,282855883,2018-06-28,5026931,Christine,Lovely stay. Gabriela's place has it all. Plus she and her mother made my check in and out super convenient. I hope to stay again!,Atención,0.4583333333333333,Positivo ✅
3731650,52996742,2015-11-03,15954440,Candela Y Peter,"El apartamento de Fernando está genial!La habitación es amplia  acogedora, la cama es muy cómoda, y ademas tiene un salón y cocina que vienen muy bien!
La situación estupenda, en el barrio de San Telmo en una zona segura para caminar también de noche y con muchas opciones gastronómicas alrededor. 
Fernando nos trató genial, nos aconsejo con las dudas que teníamos, siempre estaba disponible por teléfono si lo necesitábamos  y hasta nos llamo un taxi que necesitamos para ir a la terminal del bus para desplazarnos al aeropuerto!
100% recomendable!",Ubicación,0.0,Neutral ⚪
16529274,317683215,2018-09-02,191793592,Alexandra,"Es un lugar que se encuentra muy bien ubicado, con las facilidades del caso.",Instalaciones,0.0,Neutral ⚪
18637112,314284581,2018-08-26,207152773,Camilo,"The house is fascinating in a very interesting neighborhood, and the owner and staff were considerate and friendly. We enjoyed Buenos Aires.",Ubicación,0.55625,Positivo ✅
15669618,144750226,2017-04-16,79586862,Jose,"Muy amable, nos ofreció todo lo prometido, nos recibió a la hora acordada y nos ayudó en el transporte al aeropuerto. La zona muy céntrica, cerca de los principales atractivos turísticos de la ciudad. Recomendable.",Ubicación,0.0,Neutral ⚪
10262841,225145278,2018-01-05,63584,Lourdes,"Todo excelente. Departamento muy bien ubicado, bien equipado, y limpio! Ideal para una familia. Gracias por todo!",Limpieza,1.0,Positivo ✅
3457670,46408455,2015-09-10,8099849,Johnson,"Nice room with a great view. Catalina was an excellent host, very friendly and helpful. highly recommended.",Atención,0.6095,Positivo ✅
39408466,590066822,2020-01-07,179189516,Ulli,"Everything went smoothly and perfect, Maria answered me very quickly and since I don't speak Spanish we were able to discuss everything in English.

For an additional charge we were allowed to move into the apartment much earlier than stated, Maria is very accommodating, she reacts very quickly and tries to make everything possible for her guests.

I highly recommend this apartment, it is located in the best district of the city - bars, restaurants and supermarkets are on the same street, the subway is only a few blocks away ( Maria has even a SUBE card for her guest, which you need for the subway) as well as a huge shopping street is very close. 

Everything you need and like you can find In and around this apartment, it is fully equipped, from the kitchen to the bathroom- it leaves nothing to be desired, also good for a longer stay.

Thank you Maria for your hospitality and who knows, maybe come to buenos aires again :)",Ubicación,0.2813333333333334,Positivo ✅
32033684,485301998,2019-07-10,45686785,Juliana,"Pablo es una persona muy agradable. El departamento está muy bien ubicado, me gustó El Barrio. A dos cuadras del subte y a pocas cuadras de estación de tren. Es una buena zona. 
Departamento luminoso y cómodo",Ubicación,0.0,Neutral ⚪
17857975,144071346,2017-04-14,123199971,Jonathan,"Tuvimos una excelente comunicación con Adrian, quien nos recibió personalmente en el departamento a la hora acordada para nuestra llegada. Fue muy atento y amable.
El departamento es funcional, con el equipamiento para pasar una estadía agradable. Todo estaba limpio y nos resultó cómodo.
El edificio está a pasos de paradas de colectivos, a pocas cuadras de 2 líneas de subte (A y B) y se llega al centro de la ciudad rápidamente.
Lo recomendaría y volvería a quedarme allí.
Muchas gracias Adrian!

",Limpieza,0.0,Neutral ⚪
6615580,115405443,2016-11-24,14256480,Katrin,"We stayed two nights at Flors beautiful apto. The place is very nice, clean an quiet. Flor helped with all questions we had and stayed in contact the whole time. The neighborhood is very nice with a lot of restaurants and a nice flee market.",Limpieza,0.5109523809523809,Positivo ✅
13139556,204962509,2017-10-20,118139630,Mercedes,"Sin duda, mi mejor experiencia a través de Airbnb. Es por ello que regreso a este departamento siempre que puedo. Muy acogedor y cómodo. Me siento como en casa.",Instalaciones,0.0,Neutral ⚪
2018802,31752414,2015-05-09,27016733,Miguel,"We loved to stay at Maria Lucrecia's House.
She was so quick to answer to our request, just a few hours before we arrived in Buenos Aires.

The house is like in the pictures and very well located in the heart of San Telmo.

We really felt like at home, she was very kind and helpful during our stay.

I definitely recommend her house.",Atención,0.2876190476190476,Positivo ✅
31832021,473349828,2019-06-21,77601171,Jimena,"El departamento de Manuela es muy cómodo. Tiene wi-fi y esta cerca de muchos medios de transporte, a poco tiempo del centro y de las afueras de la ciudad. Su hospitalidad es excelente, y la habitación muy cómoda.",Ubicación,0.0,Neutral ⚪
15971358,207632943,2017-10-29,77316916,Jim,"Nice place in new building, market downstairs, perfect if you want to hang out in La Boca",Instalaciones,0.5787878787878787,Positivo ✅
12455940,252877721,2018-04-12,142907500,Héctor,El apartamento es muy acogedor y goza de una excelente vista desde el cielo de la ciudad,Instalaciones,0.0,Neutral ⚪
9425233,540992230,2019-10-04,11248486,Maria Beatriz,"Bem localizado, funcional e boa relação custo benefício. Hospedar-se em Palermo é uma maravilha. O apartamento é bem montado, o prédio é seguro (portaria 24h) e fica próximo de lojas, mercadinhos, ótimos restaurantes (como o L’Adesso e Cabrera), e cafés (Pani, um local lindamente decorado e ótimo para um café da manhã). Fora alguns problemas relacionados à comunicação (mensagens respondidas com atraso por Juan, neto de Berta) , quantidade de toalhas de banho (apenas duas, reclamei mas o problema não foi resolvido) e a um barulho nas persianas, que estavam soltas, gostamos de ficar no local, que tem uma boa relação custo-benefício. Agradecemos a estadia.",Instalaciones,0.0,Neutral ⚪
16428226,185401666,2017-08-21,100242598,Cesar,Todo excelente! Muchas pero muchas gracias,Instalaciones,0.0,Neutral ⚪
25679261,292642801,2018-07-18,160067078,Celeste,Agradable departamento...todo renovado y muy agradable...Lola muy buena anfitriona...muy amable!!!...tuvimos agradable estadia,Atención,0.0,Neutral ⚪
2183751,49264912,2015-10-02,13300294,Delia Carolina,"Ari es un excelente host, así como también su padre y Emi. Realmente me sentí super a gusto.  Ari cuidó de todos los detalles y no olvidó de nada. Su departamento es super funcional :) y cerca de todo ;)",Ubicación,0.35416666666666663,Positivo ✅
29395201,545012957,2019-10-11,29839013,Jacques,Nous n avons jamais vu notre hôte ( clés récupèrees dans une consigne ) .Cependant nous avons toujours eu des réponses rapides à nos questions .Bon emplacement avec des commerces . Appartement très propre,Instalaciones,0.0,Neutral ⚪
12252959,492551838,2019-07-21,128024562,Cristobal,"Recomendable, excelente departamento, muy buena ubicación, la seguridad impecable, muy buena anfitriona Carolina.",Atención,0.0,Neutral ⚪
2126775,343304964,2018-10-31,219451359,Valentina,The host canceled this reservation 27 days before arrival. This is an automated posting.,Atención,0.0,Neutral ⚪
30016742,405613791,2019-01-27,4952852,Alexandra,"L’appartement de Sofia a parfaitement correspondu à nos attentes. Pour un couple restant trois jours à Buenos Aires, c’était parfait. L’aménagement atypique de l’appartement (chambre accessible par la terrasse) a rajouté un certain charme à notre séjour. Nous nous sommes globalement sentis en sécurité dans le quartier. Plaza de Mayo facilement accessible en 15 minutes de marche.",Instalaciones,0.32142857142857145,Positivo ✅
581136,9941555,2014-01-20,11236581,Diana,Communication was fast and easy. The accomodation is great value. Really nice room and well located. Would stay there again.,Atención,0.5083333333333333,Positivo ✅
589147,173047338,2017-07-22,71450442,Letticia,"Marcos was a faultless host. Always friendly and kind and thought of everything and anything to make my stay as comfortable as possible. 
His home is beautifully decorated and open air and is in a nice neighbourhood close to the subte if you want to travel further but definitely walking distance from good restaurants and bars.
Would definitely recommend and would stay again!",Ubicación,0.3770833333333334,Positivo ✅
2902956,226571509,2018-01-11,19030326,Leslie,"Emma was very responsive and thoughtful about how she received us at check-in.  The apartment was exactly like in the pictures, and we greatly enjoyed the terrace during the evening.",Atención,0.3375,Positivo ✅
26539662,417500005,2019-02-27,233378780,Margarita,"Muy buen lugar. Nos sentimos acogidos de principio a fin. Flor, muy preocupada de sus huéspedes y además, muy barato. Recomendado.",Precio/Calidad,0.0,Neutral ⚪
36660367,621973191,2020-04-07,164608973,Raphael,"great flat great host nice área of the city lot,s of shops around the flat but fare from the tourist area",Atención,0.43000000000000005,Positivo ✅
32518512,616443319,2020-03-09,299084487,Diego,"Muy buena atención,  el dpto se encuentra en buena localización,  los porteros son muy amables .gracias por todo..",Atención,0.0,Neutral ⚪
6101182,336521718,2018-10-14,51074218,Renata,"Vero muy amable! excelente anfitriona, muy cuidadosa, atenta a los mensajes, el depto es bello, muy bien ubicado, cómo para andar y seguro para salir a caminar de noche. Altamente recomendable! :D",Atención,1.0,Positivo ✅
21378423,428596168,2019-03-25,5921877,Evgeniya,Great stay at Marcela's place. Very good location (15-30 min walk to most places you wanna see). Marcela is very nice and helpfull. She even helped me to book opera tickets. Thanks a lot for everything Marcela.,Ubicación,0.6380000000000001,Positivo ✅
21642275,361011010,2018-12-22,33271775,Boris,We had a great time staying here. Very comfortable place in a great location. Francisco made the e iré stay very pleasant.,Ubicación,0.7683333333333334,Positivo ✅
9476810,92391005,2016-08-08,37513188,Silvina,"Todo estaba tal cual el anuncio , muy buena ubicación ",Instalaciones,0.0,Neutral ⚪
1883403,18317008,2014-08-25,14938949,Job,"We had a great time in Santiago's apartment. It was very clean, the location was good (very close to Palermo where it all happens) and Santiago was a very friendly host. Our flight was delayed, so we were later as expected at the apartment and that was not a problem at all. We would definitely recommend it.",Limpieza,0.3205208333333333,Positivo ✅
1627812,39056102,2015-07-20,36506557,Carlos,"A beautiful apartment in a great location. There are excellent restaurants right across the street and it's in walking distance to Plaza Dorrego and the wonderful shops in Defensa Street. It's a great base to explore Buenos Aires. Walter responded to our initial request very quickly. Maria greeted us at check-in, she is lovely and gave us some great tips for our stay in Buenos Aires. The apartment is very spacious with three bedrooms and two bathrooms. I loved the original antique tiles in the foyer and hallway.",Ubicación,0.49600340136054427,Positivo ✅
23373350,268282211,2018-05-24,175325289,Yasmila,"Departamento cómodo, equipado con lo necesario para la estadía. Muy buena ubicación.",Instalaciones,0.0,Neutral ⚪
5237644,54311341,2015-11-18,820292,Jonas,"The appartment and neigbourhood are amazing. James is a great host, any question we had was immediaty taken care of. If I go back to BA, I'll contact him for sure!",Atención,0.5062500000000001,Positivo ✅
17267108,471914583,2019-06-18,27880151,Cristian,"Karina é muito simpática e uma boa anfitriã, seu apartamento é muito confortável e localização excelente, porém tivemos um problema de black-out entre os dias 16 e 17 de junho na Argentina. Ficamos dois dias sem energia e não fomos acolhidos por ela porque era um domingo e segunda era feriado, ficamos dois dias sem energia. Ela prometeu reembolso de 1 estadia. Como isso foi um caso a parte acho que foi mais uma infelicidade mesmo.",Instalaciones,0.0,Neutral ⚪
18506225,299734024,2018-07-31,42049763,Simona,"It was quite impossible to take a shower, because the bathtub was clogged up! The hot water lasted like 3-5 minutes and then you have to wait to have it again. Outside the building that was super safe, I would say to pay extra attention to the neighborood! Other than this, the 27th floor was amazing and the bed very cosy! ",Instalaciones,0.10833333333333334,Positivo ✅
15927955,140517924,2017-03-30,7223394,Luke,Nice clean and stylish apartment in a great area of BA. Excellent communication from Julien made everything very easy. ,Limpieza,0.6383333333333333,Positivo ✅
1918023,211993359,2017-11-15,560790,Karen,"Positives: location is perfect, and Pablo was super responsive. The apartment is big - looks just like the pictures.

Negatives: these are all out of the owner's control, but we thought fellow travelers should know:
1) the building has terrible soundproofing. You can hear every roll of the neighbor's dog's ball on the floor, and we were woken up every morning of our stay when they opened their very squeaky door (hopefully this will get fixed).
2) the apartment is on the 2nd floor of a 10-story building, and its only window opens into an air shaft. We had six weeks in BA, so maybe in a normal length of stay this wouldn't have bothered us, but the absence of natural light started to get to us.

Pablo was great, though, and did everything in his power to make our stay wonderful. The neighborhood is full of amazing bars and a dazzling array of restaurants, especially if you like burgers (normally I barely eat red meat, but we had burgers once a week in this crazy town!) Be sure to explore the local roof decks, and catch a polo game if you can!",Ubicación,0.16961805555555556,Positivo ✅
13097,237383683,2018-02-22,168146674,Kyannie,"Great food, amazing company, and a beautiful atmosphere all in one place. What else could be asked for? 

Unlike any other time, it was just me and Paulo throughout the whole experience. He was the perfect gentleman, very considerate and insightful about the places we visited and the culture behind bars in all of its extent, not just in Brazil.

Had an amazing time and will definitely be doing it once again on my travels there...

Thanks for everything Paulo.

Cheers ! ",Instalaciones,0.3613636363636364,Positivo ✅
27727383,346135658,2018-11-07,221377263,Ana Fabiola,"IMPECABLE ,UBICACION IDEAL Y PERSONAL MUY AMABLE.",Atención,0.45,Positivo ✅
13495083,486999824,2019-07-13,213155433,Jorge,"Un lugar muy lindo en un barrio maravilloso, los anfitriones nos facilitaron las cosas para ingresar y salir en los horarios de nuestros vuelos.
Lo único que puede resultar incómodo, es llegar con mucho equipaje ya que el estilo del departamento incluye pasillos angostos y escaleras bastante incómodas.",Ubicación,0.0,Neutral ⚪
1941733,17566888,2014-08-14,17338975,Stephen,"We stayed at the apartment for almost 6 weeks, extending our stay twice. The place appears just as seen in the images and is in a fantastic location, around the corner from the metro station and many shops, restaurants and cafes. Eleanora was out of town but always very quick to respond to emails and Milagros who looks after the apartment was a very friendly lady always able to offer help or answer questions. Overall we had a great stay and recommend this place. Good for a couple and great value. ",Ubicación,0.513425925925926,Positivo ✅
7274826,426576184,2019-03-21,144353663,John,"Great place, great location, very clean. Right across from a good bar, and near San Telmo Market",Limpieza,0.527063492063492,Positivo ✅
33882303,558110868,2019-11-02,214900613,Veronica,"Si optas por este lugar deberas saber que tu elección es muy acertada. Es un departamento bellísimo, luminoso, con detalles simples y muy buen gusto en la decoración, muy cómodo en sus tres plantas; y silencioso, se encuentr (Website hidden by Airbnb) cuadras de avenidas concurridas, cerca de transporte publico y  accesible a bares y restaurantes de la zona. Podes recorrer el barrio a pie, es seguro y tranquilo. 
La persona que te recibe es muy buena onda, y siempre esta pendiente de la necesidad del huésped. Nuestra estadía fue muy agradable, aunque no fuimos por ocio o turismo, lo disfrutamos como nuestra casa. 
No dudaría en hospedarme nuevamente aquí en nuestro próximo viaje.",Ubicación,-0.16666666666666666,Negativo ❌
885498,129678990,2017-02-01,88027610,John,"This place was located in the heart of great transportation, restaurants, things to do, etc.  The apartment was very roomy and comfortable. It more than met our expectations! Would definitely stay there again! Was so nice having Greg next door...what a charming and interesting person!",Instalaciones,0.4388888888888889,Positivo ✅
731034,100717076,2016-09-10,73919048,Ruth,"This lovely  appartment is in a  beautiful building in Recoleta. It has everything you need for a few days in the city.   It is well located, within easy walking distance of Recoleta Cemetery and quite a few other historical locations. There is a small supermarket across the road and a number of great eating places close by. Not to mention it being right in the middle of a great shopping area. We travel alot but this was our first airbnb,  we were a bit unsure if what to expect in way of support from our hosts. Once again we couldn't be happier, Gabriel and Sebastian were wonderful hosts.  They arranged an airport transfer for our arrival. A few days in to our stay, we contacted them and asked if they could arrange one for our departure which they gladly assisted us with. We would recommend  the appartment,  the hosts and the location, to anyway looking for a great place to stay in Buenos Aires.",Ubicación,0.30847338935574226,Positivo ✅
6322947,79350534,2016-06-12,5813006,Natalia,"Mila is a great host. She contacted us to see how everything was going through out our stay. The apartment pics don't make it justice, it's more beautiful than it seems. Everything was super clean, we had all the amenities we needed (and more), heated, cozy, comfortable beds, pillows and blankets, and awesome location. The train station is right there. It's an incredible apartment. Don't think it too much, you are gonna get your money's worth and more. Book it.",Limpieza,0.48112244897959183,Positivo ✅
32400909,559692628,2019-11-04,228046228,Gerónimo,Departamento con ubicación excelente,Instalaciones,0.0,Neutral ⚪
30056806,367710632,2019-01-05,26991,Peter,"This is a great place. Perfect location next to park in Palermo Soho surrounded by cafes and restaurants. The feeling is old world charm with high tech amenities. Beautiful wood floor in the living room and a sleek modern design in the kitchen. The TV, internet and air conditioners all work great. The extra bathroom is very convenient too. We spent Christmas eve and day here and liked it so much we came back for another stay. Highly recommend you check it out.",Ubicación,0.33133333333333337,Positivo ✅
13542914,162598745,2017-06-21,49429625,Sylvie,"La casa de Danny es un encantó! Es muy cómoda y bien situada, no le falta nada y la decoración es bien argentina! Se duerme perfecto ya que el dormitorio da sobre un patio interior. El barrio es muy agradable, con restaurantes simpáticos y originales. Hay comercios y vida, todo lo que uno busca.
Volveremos en una próxima estadía en buenos aires!",Ubicación,0.0,Neutral ⚪
4784414,613076847,2020-03-01,115938714,Anaclara,"Buena ubicación, linda pileta y buena disposición para necesidades, gracias!",Instalaciones,0.0,Neutral ⚪
2532420,87345587,2016-07-19,6793326,Jose,"Barbara and Gascon were outstanding.   I made an early reservation and I had many questions for months.   They were very prompt and explicit about their recommendations.  The place was great for us, a family of 4. We had all we needed near by.   The neighborhood is diverse and very convenient.  We enjoyed BA and Barbara and Gaston were critical for our experience.  They made themselves available during our stay as well.  ",Ubicación,0.33,Positivo ✅
22744869,340961936,2018-10-25,2556195,Charlotte,"I highly reccomend  this place! It's a tastefully furnished apartment in a nice neighbourhood (close to plaza de mayo). The entrance is very chique, almost as if you're entering an art gallery. The doormen are helpful and friendly. Melisa and her brother are also very helpful and respond immediately to e-mails.  Thanks for having us. We ❤ Buenos Aires!",Atención,0.30416666666666664,Positivo ✅
4365136,62309017,2016-02-13,54190101,David,"Cristina y Carlos son muy amables y te hacen sentir como en casa, el departamento es muy acogedor y confortable, la ubicación es muy buena y bastante segura. No dudaría en volver a hospedarme allí, es muy agradable compartir y charlar con ellos.",Atención,0.0,Neutral ⚪
4925114,483467370,2019-07-07,267968744,Noelia,"Lugar como, limpio y con una excelente ubicación.",Limpieza,0.0,Neutral ⚪
1218125,462969080,2019-06-02,27914236,Javier,"El apartamento es tal cual las fotos. Esta en una ubicación inmejorable, con todas las comodidades y María Lía fue realmente muy agradable y cuido los detalles. Apartamento super recomendable!",Instalaciones,0.41666666666666663,Positivo ✅
19583,9798313,2014-01-11,9583476,Guilherme,"Arturo e sua esposa nos receberam muito bem!! O apartamento é exatamente o que está nas fotos, tudo funcionando perfeitamente. Além disso, a localização não poderia ser melhor, muito fácil acesso.  Altamente recomendado!!",Instalaciones,0.0,Neutral ⚪
34542394,595557398,2020-01-20,316641915,Nelson,"Dpto cómodo, lugar tranquilo y ubicación céntrica.",Instalaciones,0.0,Neutral ⚪
15006481,458788567,2019-05-26,259390268,Pedro,"El lugar es perfecto, muy cerca de muchos lugares turísticos, Alberto me indicó muy bien para empezar a conocer la ciudad, es una persona muy amable. 100% recomendable.",Ubicación,0.0,Neutral ⚪
19425774,211979299,2017-11-15,111921333,Andres,"Un lugar muy acogedor y Marta es una excelente host, nos atendió genial y muy atenta",Atención,0.0,Neutral ⚪
78703,147258666,2017-04-25,77573517,Catalina,"El departamento es muy bonito, bien equipado, acogedor, se disfruta mucho de la terraza y esta en una buena ubicación. Osar fue un excelente anfitrión, preocupado, amable y con muy buena disposición. 
Recomiendo 100% el lugar y volveríamos a ir.",Atención,0.0,Neutral ⚪
20844881,364309191,2018-12-30,4582193,Jason,"A great find, if you are looking for a small space that has all the pure essentials. Centrally located, so you're walking distance to many attractions. Many interesting items on the main street.",Ubicación,0.3038690476190476,Positivo ✅
37422079,572680834,2019-12-03,77907057,Julian,"Muy buen sitio, cerca a varios lugares muy lindos de Buenos Aires.",Ubicación,0.0,Neutral ⚪
32239804,542444780,2019-10-06,149473072,María Florencia,"Los anfitriones estuvieron siempre muy atentos a nuestras necesidades. El apartamento es muy lindo, cómodo y limpio. Buena ubicación. 
Gracias",Limpieza,0.0,Neutral ⚪
6484976,115285769,2016-11-23,82468713,Armen,"Georgina is a great host. Even a few weeks before our arrival, she called us several times asking us if there was anything else we may needed.
During our stay, she was constantly offering herself to help us in any way.
But as a matter of fact, the place was perfect; exactly the same as it was described in the listing, or perhaps even better.
The location is in my opinion, the best in Buenos Aires.",Ubicación,0.37222222222222223,Positivo ✅
37110080,596344830,2020-01-22,261872658,Silvia,"Fede cumple con todo lo ofrecido y más, es muy atento y siempre está si lo necesitás. Muuuuy aconsejable, el dpto maravilloso!!!!!",Instalaciones,0.0,Neutral ⚪
9387966,609821940,2020-02-23,137806970,Ricky,"Amazing stay in this Airbnb! Hosts were very friendly and had excellent communication. They were also flexible and helpful in giving us  a few recommendations. We were greeted with a variety of snacks and refreshments, which was nice after a long flight. Place was in a great location and it felt safe to walk outside at anytime of the day or night. We would definitely come back here!",Ubicación,0.35340909090909095,Positivo ✅
9837889,67961093,2016-04-01,28890203,Yulia,"Great apartment, looks exactly as on pictures. I have spent 2 weeks there and have no complaints except, maybe the construction work noise outside, but it is definitely not the fault of the host. 
The apartment is cozy and very nice, the location is perfect, I would love to stay there for longer. Thank you very much for the wonderful experience! ",Ubicación,0.39,Positivo ✅
17991101,452005923,2019-05-12,13391023,Sergio,"Depto. de excelente e inmejorable ubicación, realmente uno baja y todo queda a pasos, para disfrutar relajado.  Es cómodo y en un edificio tranquilo. Yllen  siempre esta atenta a cualquier requerimiento de manera rápida y cordial. Estuvo dispuesta y considerada a dejar nuestro equipaje antes y después de los checks, detalle que le agradecemos mucho.
Altamente recomendable",Atención,0.0,Neutral ⚪
21138232,541019071,2019-10-04,172830423,Carina,"La casa es hermosa, luminosa y espaciosa. Ambientes amplios vista abierta. Siempre todo impecable.  La arquitectura moderna y con estilo. Las personas de la casa fueron muy amables y respetuosas.  La ubicación es buena. Barrio lindo y seguro. La habitación que ocupé tiene mucho espacio de guardado, la cama es realmente muy confortable.  Y a pesar de que el tren pasa por el puente que está ubicado a pocos metros de la casa, es un ambiente tranquilo y permite descansar bien.",Ubicación,0.0,Neutral ⚪
20923464,199676586,2017-10-02,9982747,Thomas,"This is a great little place, perfect for a week of exploring Buenos Aires! Vicky is extremely helpful, always available for questions, and organized a smooth check-in. The apartment is tastefully decorated and has all you need for a city vacation. The kitchen is equipped for preparing small meals and snacks; the bathroom and shower are clean and well-kept. The apartment's location is very central and next to subway and buses.",Limpieza,0.24041666666666667,Positivo ✅
1964505,56109476,2015-12-09,41903441,Victor Christian,"Esta muy central y cerca de toda en el barrio santelmo y a 10 minutos del centro, muy buena ubicacion y calidad de servicio y infraestructura entregada es la misma a lo visto, muy optima y todo limpio recomendable a ojos cerrados y",Limpieza,0.0,Neutral ⚪
7971154,136106897,2017-03-08,29759899,Andrzej,We stayed 3 nights in Amilcar's flat and it was great experience. The place is very well equipped and looked after. The location is super handy and very nice neighbourhood. Amilcar gave us very good tips on what to do and how to move around the city and the communication was very good too. Highly recommended place.,Ubicación,0.5187037037037038,Positivo ✅
28491480,349427999,2018-11-17,41187361,Piotr,Irma is very friendly person with big heart! Very helpfull. She’s son give us a lot of tips and information about Buenos Aires. Localisation is save. Flat is very clean and have amazing terrace! U can feel a beautiful soul here ! Fully recomend!,Limpieza,0.41273809523809524,Positivo ✅
38352689,590082414,2020-01-07,103888422,Silvia,"Hermoso el dpto, muy cómodo, tiene todo lo necesario para pasarlo bien,. María Belén nos espero personalmente y estuvo atenta a todos los detalles. La ubicación muy buena . Super recomendable.",Instalaciones,0.3333333333333333,Positivo ✅
17155115,334200709,2018-10-08,128167899,Andrea,El departamento súper bien distribuido y en una zona de fácil acceso a otros atractivos turísticos en Buenos Aires. Muy buen ambiente.,Instalaciones,0.0,Neutral ⚪
16632288,342228598,2018-10-28,38732318,Caitlin,"Clean, comfy and great location. Lucas is a great host too, even staying up late on a Sunday night to check me in after my flight! Recommend a stay here",Limpieza,0.3979166666666667,Positivo ✅
23761038,243288350,2018-03-15,162181281,Luis E.,"El departamento es tal cual las fotos, hasta mucho mejor, la anfitriona Victoria es muy linda y amable.. y su Mamá que fue quien me recepcionó es la mejor..! El depto muy limpio y ordenado, de fácil acceso y muchos lugares cerca! Muy placentera y cómoda mi estancia, recomendado al 100% sin duda volvería a quedarme!",Limpieza,0.0,Neutral ⚪
23121567,267359270,2018-05-21,11061884,Carolina,"Un rinco perfecto en Buenos Aires, super bien ubicado para lo que yo necesitaba, sin embargo mas allá de donde uno tenga que ir esta cerca de todas las conexiones, lindo barrio, pequeño, super simpático, buen agua caliente, buena cama, y el futon del estar, super cómodo.",Ubicación,0.3333333333333333,Positivo ✅
25157440,353548036,2018-11-28,214868258,Rogério,"Muy bueno el apartamento. Muy bien situado, cerca de muchas estaciones de metro. Los empleados del edificio también muy atentos.

Tomando sólo una línea de metro cerca del apartamento usted ya está en la avenida de Mayo, una de las principales de la ciudad.

También tiene buenos restaurantes muy cerca.",Ubicación,0.0,Neutral ⚪
33689096,548416344,2019-10-17,40971181,Pedro,"Un cuarto en un lindo edificio que está muy bien ubicado en un barrio bastante tranquila y muy buenos accesos. Tiene baño en suite y se entra por la cocina la cual se puede usar y hay una mesa cómoda para comer. El cuarto no es muy grande pero es cómodo y tiene un buen escritorio si uno tiene una laptop.
El único tema a tener en cuenta es que hay varios ruidos no muy fuertes provenientes de la casa del vecino, lavadero, caldera o algo del estilo. No suelen durar mucho por suerte.",Ubicación,0.0,Neutral ⚪
14566812,135815543,2017-03-06,50601871,Ali,"Federico is an outstanding host. He'll make sure everything is ready prior to your arrival. He is very responsive to messages, and super-friendly!

The location is very central, it's easy to get around, and have access to public transportation.
The apartment is spacious.
There is a gym, a sauna, and a pool. All people working here, and the neighbors were very nice to me. 
The kitchen is well equipped. The bathroom is very comfortable, with lots of space to store beauty products etc... The shower has great water pressure, and hot water availability. Although the apartment is facing the street, It doesn't get much noisy inside.
Overall, I had a great stay here, and everything went beyond my expectations.
I highly recommend the apartment and Federico as a host!
",Ubicación,0.33958333333333335,Positivo ✅
29308664,526129160,2019-09-08,7698144,Dolores,Gracias Gabriel por todo! Hermoso lugar y ubicación! Lo recomiendo 100%!,Instalaciones,0.0,Neutral ⚪
11940292,221151706,2017-12-25,5540428,Diego,"El departamento es excelente y está muy bien ubicado. Está en un barrio seguro y cercano a los puntos más importantes de la ciudad. Marta, la anfitriona, es muy amable y es accesible. Pasé dos semanas en el departamento y volvería sin ninguna duda en mi próximo viaje a Buenos Aires.",Ubicación,0.0,Neutral ⚪
14068102,137592173,2017-03-16,3908596,Jessica,"Hernán & Christian were lovely hosts. We felt right at home instantly. The apartment is located close to the metro so getting around was easy. Our room was small but perfect for our needs. We went out exploring the city a lot and just used the apartment to sleep, wash and have breakfast. Really reasonable price, would recommend a stay here.",Ubicación,0.2711309523809524,Positivo ✅
9724394,214736116,2017-11-26,26635168,Felicitas,"El depto está muy bien ubicado, para moverse a pie o en auto. Limpio y ordenando, lo recomiendo.",Limpieza,0.0,Neutral ⚪
1140780,468497638,2019-06-12,82131535,Alexandra,"De todos los Airbnbs en los que me he quedado, este ha sido uno de mis favoritos. No solo por la ubicacion que tiene y el hecho que el apartamento es espectacular. 
Sino que cuando he tenido algun tipo de problema [por ejemplo: faltaba un tender para guidar ropa] me han respondido inmediatamente con una solucion y de manera muy rapida. 
Excelente servicio! Muchisimas gracias!",Instalaciones,0.0,Neutral ⚪
32033684,426976296,2019-03-22,159840957,Fernanda,"La estadía en el Depto fue una excelente experiencia. Recomendo sin dudas a todos... Paola y Pablo fueron muy amables. El Depto es muy limpio, cómodo y hay todo lo q necesitas para cocinar. Es ubicado en un lugar seguro , cerca del subte línea b y de puntos de colectivos q llevan a todos los lugares. Hay super y comercio cerca y un parque tb. Seguro volvería a hospedarme. Muchas gracias por la atención.",Limpieza,0.3333333333333333,Positivo ✅
1918023,242259481,2018-03-11,165923575,Ricardo,"Excelente ubicación! Cerca de supermercados, del Subte y muchos lugares para comer o tomar algo.",Ubicación,0.0,Neutral ⚪
5009939,217922221,2017-12-10,17752413,Ben,"Beautiful apartment, perfectly located. I would definitely recommend Lucilas place for anyone wishing to discover the best part of Buenos Aires!",Instalaciones,0.7125,Positivo ✅
11019810,138627617,2017-03-20,28233034,Juliane,"O apartamento é ótimo, fica um pouco longe do centro da cidade mas nada que um ônibus ou um metrô não resolvam. A linha 152 passa próximo ao apartamente e ela percorre uma boa parte da cidade. Não tive problema algum para chegar nos lugares que eu visitei. O leopoldo é um gato calmo e muito carinhoso, foi muito receptivo. O terraço é perfeito para descansar após um dia inteiro andando pela cidade. Enfim, adorei minha estadia, super recomendo. ",Ubicación,0.3333333333333333,Positivo ✅
9001280,72420692,2016-05-02,972867,Michael,"This apartment is absolutely amazing! Guido was super-friendly and gave me all the information I needed to explore Buenos Aires for the first time. The location in Palermo is a great spot to base yourselves and it over-flowing with restaurants and eateries with delicious foods from all over the world as well as traditional Argentinian cuisine. Close to Metro stops and one of the tourist bus stops is only a 15 min walk away at the Planetarium or on Santa Fe Street.
The apartment itself is beautifully designed, spotlessly clean and since it's a duplex you have oodles of space. A well as two balconies with great views of the city, there's even a roof terrace and a pool above the apartment. 
I simply can't recommend this place highly enough. If it's available, BOOK IT.",Limpieza,0.3154761904761905,Positivo ✅
10644856,200209309,2017-10-04,46505233,Eliana,"The location is great, even though is in the center of the city it is not nosy. It is possible to cook basic food. Liniens were not so clean but everything else was very well.",Limpieza,0.21111111111111114,Positivo ✅
2288352,102056652,2016-09-16,91339732,Fernanda,"Tuve una estadia excelente! 
El apartamento es hermoso, amplio y cómodo. 
Debido a motivos climáticos no pude ni llegar, ni irme en el horario estipulado y los anfitriones no tuvieron inconvenientes en variar los horarios y se mostraron siempre comprensivos. 
Un apartamento y anfitriones muy recomendables para pasar una hermosa estadía en BsAs. ",Atención,0.0,Neutral ⚪
20674919,615176689,2020-03-07,134904902,Julieta,"Hermoso el apartamento, excelente ubicación, y Agustín el mejor anfitrión por lejos!",Instalaciones,0.0,Neutral ⚪
21993142,554002732,2019-10-25,230637370,Omar,Es un dpto increíble chico pero suficiente para pasar unos días totalmente cómodo y acogedor!,Instalaciones,0.0,Neutral ⚪
4557379,206911391,2017-10-27,19814094,William,Perfect place with maid service weekly and a great location!,Ubicación,1.0,Positivo ✅
39364195,581626429,2019-12-25,74666177,Juan Pablo,"Todo perfecto, en todo momento Pablo se ocupó de hacer que mi estadía sea más confortable. Recomiendo 100%",Instalaciones,0.0,Neutral ⚪
40947563,619405931,2020-03-17,123138627,Andrea,"Ubicación increíble, a dos cuadras del río y dos hacia Mafalda. Comunicado con vías rápidas para moverse dentro de la ciudad. El lugar está muy limpio y luminoso, las personas de recepción muy atentas, especialmente Ricardo y Hugo. Lugar tranquilo para descansar y relajarse. Recomendable para no más de 2 personas. La comunicación con los anfitriones es excelente. Como observación, el sauna de mujeres no estaba habilitado y no pudimos usarlo y la alberca no es tan atractiva como la foto.",Limpieza,0.0,Neutral ⚪
25095804,365556601,2019-01-01,11821414,Taissa,"Juan é um anfitrião impecável, com fácil comunicação e solicito para tudo que se precisa. A localização é ótima e você tem tudo walking distance. Apartamento aconchegante e confortável também.",Ubicación,0.0,Neutral ⚪
10148478,250261803,2018-04-04,52048379,Natalia,"Mil gracias por la colaboración! Hermoso apartamento tal y como se muestra en las fotos, ubicacion excelente para tomar transporte publico!",Instalaciones,0.0,Neutral ⚪
33684569,558943410,2019-11-03,11207063,Raquel,"La ubicación es perfecta. El departamento es silencioso, perfecto para dormir. La limpieza el punto débil(por las sábanas). Victoria fue muy amable dejándonos entrar antes de lo establecido y dejándonos salir más tarde.",Atención,0.0,Neutral ⚪
27158819,458780195,2019-05-26,263201094,Lu,"Excelente ubicación, el depto es muy amplio, cómodo y super tranquilo.- Muy recomendable, y tal cual como se ve en las fotos.-",Instalaciones,0.3333333333333333,Positivo ✅
19292484,435120120,2019-04-09,118492624,Vicente,"Minha estada em Buenos Aires foi incrível, principalmente pela localização e facilidades ao redor do apartamento de Pablo, Pablo além do mais sempre foi muito solícito e amigável, me respondendo prontamente a qualquer dúvida. Super recomendo!",Instalaciones,0.41666666666666663,Positivo ✅
729097,38822581,2015-07-19,23081941,María Paulina,"Esta es mi segunda vez en este apartamento y, como la primera,  fue una estupenda experiencia. 

Tiffy y su familia me hicieron sentir como en casa. 

Voy a extrañar mucho el barrio (hay de todo y muy seguro), a los vecinos (todos muy gentiles), el departamento ha sido estos dias un placentero hogar.  

Mil veces recomendado.

Gracias por todo.",Ubicación,0.0,Neutral ⚪
6637032,346133649,2018-11-07,107693765,Julian,"Strategic location for the main tourist sites, albeit chaotic. Dome is very cool, but not ideal as a bedroom as it faces two streets and is very noisy most of the day and night.",Ubicación,0.1743333333333333,Positivo ✅
31331277,411455861,2019-02-12,176387843,Fernando,Excelente lugar. Bastante céntrico sin ruidos. Es tal cual como las fotos.,Instalaciones,0.0,Neutral ⚪
10595212,93961713,2016-08-14,48673037,Marina,"Estuve alojada en el
Departamento de Loli 12 noches, el departamento es tal cual como se ve en las fotos, muy lindo, mucha luz y muy cálido. La limpieza fue excelente, todo impecable. La ubicación es muy buena y con muchos medios de transporte alrededor. Dolores es una persona muy amable, atenta y siempre a disposición por si estaba bien o necesitaba algo. Lo súper recomiendo!!",Limpieza,0.0,Neutral ⚪
15942369,250005572,2018-04-03,135396363,Joey,einfach traumhaft,Instalaciones,0.0,Neutral ⚪
1147177,12243498,2014-04-27,13151486,Christian,"This apartment is really nice ! Spacious, modern, clean, with all equipment you need. Very well located in Palermo Hollywood, close to many good restaurants. Malena and her family were very friendly and always ready to serve us if necessary. We were there for 2 weeks and we enjoyed our stay in this place.",Limpieza,0.3904166666666667,Positivo ✅
26448757,585228328,2019-12-31,16337326,Stafford,"If you’re on the fence, just book it! Beautiful place in an incredible location. As has been our experience in the past, Jose was an excellent host. The apartment is lovely. No reviews have mentioned the pool yet, so I’ll chime in to say that it’s lovely. Nice and deep and with a beautiful view of the city. Jose is professional, dependable, responsive, and willing to help with anything. Looking forward to staying in one of his apartments again on our next visit to Argentina.",Ubicación,0.4416666666666666,Positivo ✅
13734244,342794010,2018-10-29,13907654,Diane,"This apartment is spacious and truly charming, beautiful wood floors, high ceilings, etc. It is beautifully designed and updated with interesting eclectic touches. 
Eduardo and his brother and mother were delightful, responsive, and ever so helpful.",Atención,0.6766666666666666,Positivo ✅
35836177,545022418,2019-10-11,189643274,Isabel,Buena ubicación. Un espacio muy tranquilo y cómodo perfecto para desplazarse a muchos sitios en corto tiempo.,Instalaciones,0.0,Neutral ⚪
33882480,535506435,2019-09-24,23915761,John,"The apartment is very stylish in a building that felt like it was built this year. The gym and pool on the top floor are impeccable! We like that the front door is manned 24/7, great for letting in guests and deliveries. The surroundings have lots of restaurants and cafes, we highly recommend Adorado and Salvaje bakery for breakfast, both a few blocks away. There is a school next to the building but it did not disturb us as we were up early mornings and early to bed. 

This was our third time to the Palermo area of Buenos Aires and it was hands down the best experience because of this apartment and building with its nice amenities. Thank you Cecilia for a memorable stay in your apartment, we highly recommend her!",Instalaciones,0.3461296296296297,Positivo ✅
35376266,564675193,2019-11-16,255861120,Carlos,"Tiene una muy buena ubicación, cercana a la peatonal Florida y a diversos medios de transporte público",Ubicación,0.0,Neutral ⚪
78703,178043635,2017-08-04,26752208,Alejandro Martín,"Oscar se ha ocupado de todo lo necesario para que nuestra estadía fuese un placer.
El lugar es tal como lo muestran las fotos y su ubicación, inmejorable.
Gracias por tu hospitalidad, Oscar.
Nos veremos muy pronto.",Instalaciones,0.0,Neutral ⚪
39635536,597036594,2020-01-24,253278347,Daniel,"Todo muy bien, de acuerdo a lo ofrecido, gracias",Instalaciones,0.0,Neutral ⚪
5914967,353756740,2018-11-29,28921220,Jean Paul,"Florencia es parte de la experiencia de lo mejor de Buenos Aires. Su espacio lo refleja: hospitalidad, muy buena ubicación, barrio lindo, espacio impecable con todos los servicios. Muy pulcro todo y además seguro. Alojarse ahí ha sido una de mis mejores experiencias con airbnb.",Ubicación,0.0,Neutral ⚪
3903094,25187697,2015-01-08,4036376,Ana,"El apartamento está ubicado en un lugar inmejorable de B. Aires. Está limpio y con todo lo que puedas necesitar. Fernando acudió rápido a hacer la entrada, (avisamos con muy poco tiempo de margen)
En todo momento estuvo muy atento.
Es un hospedaje más que recomendable. No dudaré en contactar con él cuando regrese. :)",Limpieza,0.5,Positivo ✅
5631354,203713947,2017-10-15,150983228,Ariel,Espectacular la atencion,Instalaciones,0.0,Neutral ⚪
25587011,329327831,2018-09-28,27282474,Liliana,"This apartment is a great deal, and perfect if you like to experience the feel of an old house in the trendy neighborhood of Palermo. However, if you need everything to be ""modern"" and new, it might not be the place for you. 

Everything was very clean and the hosts were very helpful in accommodating to my arrival and leaving schedule. I enjoyed the apartment and the neighborhood very much.",Limpieza,0.42730303030303035,Positivo ✅
6897508,111232933,2016-10-30,27950949,Marcela,"El departamento es impecable, muy moderno y luminoso.  La ubicacion es ideal para cualquier turista, especialmente si gustan de salir a bares y restaurantes, aunque para cualquier otra actividad es muy facil moverse desde ahi. El departamento esta equipado con todo lo necesario: cocina completa, lavarropas, todo! Andres es muy atento y siempre estuvo disponible.  Totalmente recomendable",Instalaciones,1.0,Positivo ✅
25727559,357489249,2018-12-10,31130424,Jemima,Alejandro was quick to respond to any queries. lovely apartment. Perfect location for exploring the city. Short walk to metro and supermarkets.,Ubicación,0.4583333333333333,Positivo ✅
2748145,27764456,2015-03-11,5063801,Alex,"We had a wonderful time at this centrally located apartment.  It was close the highlights of San Telmo and had many busses withing a short walk.  The apartment was well kept.

Maybe not the quietest place to sleep but buenos aires seemed like a city where that would be hard to find.",Ubicación,0.24166666666666664,Positivo ✅
1159789,490959028,2019-07-19,16658016,Govin,This place is really convenient and well situated in the heart of BSAS. Great short term place for couples and long term if you’re traveling solo. Highly recommend the the place.,Instalaciones,0.22199999999999998,Positivo ✅
66940,22435412,2014-11-06,971761,Sean,"We were accommodated excellently in this apartment, which is in the heart of Palermo and within a short walking distance of major shopping and bars. The view from the gym is spectacular and the pool well kept. We were helped with check-in, check-out and everything in between. A great spot!",Ubicación,0.5325,Positivo ✅
5131976,110780965,2016-10-28,27950949,Marcela,"Tal como se ve en las fotos.  Un departamento luminoso, comodo y en un estado impecable.  Tiene todo lo necesario y la ubicacion es muy recomendable.  Esta sobre una avenida no muy transitada, lo cual lo hace seguro para turistas.  A muy pocas cuadras esta el famoso barrio de Palermo, con bares y restaurantes.  Se recomienda especialmente para gente joven que quiera salir a recorrer la zona.  Daniel fue muy atento y siempre estuvo disponible.  Recomendamos el lugar!",Ubicación,0.0,Neutral ⚪
10570939,272471217,2018-06-03,41533723,Adriana,"Exelente atencion, el lugar increible, impecable, lleno de detalles y decoracion exclusiva.",Instalaciones,0.0,Neutral ⚪
16959339,236086082,2018-02-18,152505800,Brittany,Great location! Close to so many things. Great decor also. Loved all the color. Great shower even though it is small. Perfect for what we needed and comfortable place to crash. Elevators are a little noisy but otherwise a great place!,Limpieza,0.57625,Positivo ✅
435818,163855867,2017-06-25,103714323,Francisco,"Muy lindo departamento! Muy limpio, exelente ubicacion!! Todo de lujo!! Gracias y esperamos volver pronto!!",Limpieza,0.0,Neutral ⚪
30809155,426286264,2019-03-20,39145067,Marta,"The apartment is located in the great part of the city with many bus stop nearby. It's clean and well maintained. All necessary equipment is provided. Maria and her husband are really kind and helpful people. 
Thank you Maria!",Limpieza,0.4833333333333334,Positivo ✅
904344,213846064,2017-11-23,4963685,James,"Colm was very hospitable in regards to welcoming and seeing us off. He has a great place in a great, secure location. Would highly recommend staying at his place.",Ubicación,0.4720000000000001,Positivo ✅
4624329,60315810,2016-01-22,678889,Ryan & Danielle,"Soledad's studio was absolutely wonderful!  My wife & I have been to Buenos Aires 2x in the last year and this place is the best!  It's in a perfect location in Palermo, the inside is perfect (just like the photos) and the rooftop terrace is perfect for those BA summer nights!  Although I didn't meet Soledad personally, we communicated often and she was very attentive to our needs and travel plans.  Would definitely recommend this place!  ",Ubicación,0.6133333333333333,Positivo ✅
10278200,598575829,2020-01-27,297907901,Natalia Carolina,"Súper recomendable. La zona, el lugar, cerca de la zona de bares de Palermo, con varias tiendas para poder abastecerse... Vanina siempre muy atenta respondió a todas mis dudas.",Ubicación,0.0,Neutral ⚪
3468812,52735768,2015-11-01,7854279,Augusto,"Segunda vez que visito el dpto de mariana, realmente comodo en una mb zona de bsas y muy segura. Buena predisposición de ella y su hno Nicolas. Todo muy practico. Recomendable!",Instalaciones,0.0,Neutral ⚪
7578969,591090341,2020-01-10,246049988,Pamela,"Excelente apartamento, todo muy organizado y cerca del comercio.",Ubicación,0.0,Neutral ⚪
16993274,605062508,2020-02-13,222559062,Tina,"Great apartment
Stylish and homely
Clean
Great location
Amazing kitchen stocked up, so you can cook without having to buy spices etc. Best kitchen I encountered in 5 month.

Traffic noise:

I am a light sleeper so the traffic noise was too much.

If you are a heavy sleeper, this is a great apartment.",Limpieza,0.5266666666666666,Positivo ✅
176318,565446172,2019-11-17,282777671,Laura,Excelente anfitrion. Gracias por tu disposición,Atención,0.0,Neutral ⚪
12232522,427258620,2019-03-23,147597489,Daniel,The host canceled this reservation 2 days before arrival. This is an automated posting.,Atención,0.0,Neutral ⚪
19039374,188227197,2017-08-28,108593700,Hernan,"Azul es una anfitriona atenta y súper recomendable, departamento muy lindo y limpio, buena zona y cómodo.",Limpieza,0.0,Neutral ⚪
31596403,524247920,2019-09-05,121110580,Paula,"Ezequiel nos recibio con mucha amabilidad y nos oriento  desde el aeropuerto como llegar a la casa. El departamento estaba muy limpio y todo funcionando perfectamente. El bano estaba impecable y el agua se calienta rapido. El depaesa cerca del metro y hay buses para varias zonas. Hay comercio, heladerias , panaderias , etc cerca. Abrazos desde Brazil. Paula e Debora",Limpieza,0.0,Neutral ⚪
31539022,538124194,2019-09-29,291089195,Lucas,"It was great! Nice place....clean, confortable and with a good....location...",Limpieza,0.8,Positivo ✅
29576212,343114947,2018-10-30,29795849,Omar,"Alida es una muy buena anfitriona. Siempre dispuesta a atender las inquietudes de quienes ocupan su departamento. Este se encuentra en uno de los barrios más tradicionales de la capital argentina, con muchos transportes que llevan a cualquier zona de la ciudad.",Ubicación,0.0,Neutral ⚪
14832990,234367254,2018-02-12,5908095,Marina,"Todo genial, hermoso y cómodo departamento. Es un edificio seguro y muy buena ubicación. Emanuel fue muy atento siempre con las consultas. Super recomendable!",Instalaciones,0.41666666666666663,Positivo ✅
9593588,65798958,2016-03-17,3244584,João,"Joon was a dedicated host who made us feel comfortable from the first moment.
The apartment is the same as described, so my expectations were more than met. The neighborhood is excellent and well located, with many shops, restaurants, coffee shops and less than 10 min walk to the Metro, which is good.",Ubicación,0.3979166666666667,Positivo ✅
31085143,437344661,2019-04-14,26349694,Francesca,"Rosana e suo marito sono stati degli ottimi host, l'alloggio era in una zona ottima e per ogni domanda che avevamo Rosana è stata molto disponibile. Sicuramente, se dovessi ritornare a Buenos Aires, tornerei da lei.",Atención,0.0,Neutral ⚪
9115248,120905107,2016-12-12,28310321,Bonnaud,"Très agréable petit hôtel, chambre spacieuse avec canapé et cuisine (et salle de bain). Lumineux, calme, bien situé. Impeccable !",Instalaciones,0.9375,Positivo ✅
4416046,95112439,2016-08-18,48936312,Ale,"We had an amazing time in Manuel's apartment! The place is a real spot of harmony :)
Thank you, Manuel, for such an amazing hosting. 
And to all of you who are thinking of renting an apartment in Buenos Aires, there is no better place than this one!!",Atención,0.27656250000000004,Positivo ✅
50778,133610766,2017-02-23,56272963,Jorge,The host canceled this reservation 47 days before arrival. This is an automated posting.,Atención,0.0,Neutral ⚪
23890268,258612650,2018-04-29,140419514,Gerardo,"Recomendado 100%, el alojamiento es tal cual como aparece en las fotos,   cerca de muchos locales, teatros, etc... agradecido con los detalles y los tips que te envian durante la estancia,  con seguridad volvere!!!",Ubicación,0.0,Neutral ⚪
23555487,464794270,2019-06-06,194392822,Marcos,"Mi esposa, hijos y mi suegra disfrutaron de su estadia en Buenos Aires, en el departamento de Patricia, les encanto todo en especial la ubicacion increible cerca de todo. Excelente servicio y predisposicion de Patricia para ayudar en lo que se necesite. Realmente lo recomiendo mucho. Muchas gracias Patricia por todo. Esperamos volver pronto.",Ubicación,0.0,Neutral ⚪
14296370,191751372,2017-09-08,145836415,Flavia,"O apartamento é bem localizado, próximo a supermercado, cafés, ruas de comércio e próximo a estações de metrô e ônibus.",Ubicación,0.0,Neutral ⚪
42039852,621447758,2020-03-31,86097989,Fernando,"Es un apartamento amplio, iluminado, equipado para pasar larga estadías.
Cercano al subte, vías principales, restaurantes y supermercados.
Zona segura.
En cuanto a Beatriz (la dueña) de el apartamento es una excelente persona quien da buena hospitalidad, comunicación permanente y ademas recomendaciones de la zona.
Sin duda volveria.",Ubicación,0.0,Neutral ⚪
31625330,560066343,2019-11-05,14733569,Adrian,"La ubicacion excelente, deberia mejorar limpieza.",Instalaciones,0.0,Neutral ⚪
23368503,531481862,2019-09-17,62003530,Antonella,"Muy amables y flexibles, atentas a satisfacer todas las necesidades y buscan que se tenga una buena estadía. 
Departamento como en las fotos, muchas opciones de transporte público cerca",Ubicación,0.0,Neutral ⚪
1182263,69338845,2016-04-10,6165425,Timothy,"Pretty good location in the Palermo area. Danny and his girlfriend are super nice people and speak good English, which is nice! They showed us a really nice local place to grab lunch at it was awesome! The house is really great. Room was big and spacious. I understand why the ratings are so high! I could have stayed longer if our schedule allowed!",Ubicación,0.4602564102564103,Positivo ✅
4627483,125580312,2017-01-06,15425258,Maria,"Better than a hotel.

Location, privacy, perfectly clean, comfort & experience living like a real ""porteño"".
The studio flat is absolutely amazing, with great air conditioning to cope with the heat of the summer and Paul (the owner) was extremely helpful.

We stayed with a 3-month old baby and in our experience it was better than staying in a hotel for all the reasons described above. We normally stayed in hotels and from now and on, we won't hesitate to stay here again next time we are in Buenos Aires visiting family.",Limpieza,0.2555555555555556,Positivo ✅
767912,6592012,2013-08-18,930248,Peter,"First of all let me say thank you to Carlos, a very friendly and fast acting person. Carlos assisted me from the start to the end. He made sure the internet works properly at the very moment I moved in. He bought for the apartment because I requested one a brand new blender and an ironing board.
The apartment itself is very nice, clean and safe in one of the best areas in Buenos Aires, Palermo on a big Avenue surrounded by parks and trees.
The apartment has a fully fitted modern, very clean and organised kitchen. (just the knives could be sharper :))
The living and eating area is very nice with nice furniture and in a very good condition. The apartment has a big master bedroom with suit in bathroom with bathtub. Well to make a long story short,  rent it your own and you will see what I am saying is true. I especially liked the area.",Limpieza,0.3914878787878788,Positivo ✅
41074915,602667657,2020-02-07,331735185,Raul,"Impecable el apartamento y la atención de Patricia en todo momento, una ubicación inmejorable. Perfecto para conocer y moverse a cualquier parte. Pasamos súper!",Instalaciones,0.0,Neutral ⚪
3090075,423929075,2019-03-15,14564906,Yevstakhiy,What a beautiful place. Close to everything. And that charming balcony is just great. Christian was one of the best hosts I've ever met here on Airbnb. He let us check in during the night and was always very helpful!,Atención,0.6,Positivo ✅
32351799,508845139,2019-08-13,69711594,Michelle,"Me gustó el apartamento, excelente ubicación, muy cerca del metro y transporte público (buses); supermercados y bonitos restaurantes . Un lugar tranquilo y seguro. Muy limpias todas las áreas del departamento (cocina, comedor, cuarto, closet y baño). Con todo lo necesario para la estadía. Nestor y Amelia, fueron excelentes hosts, muy amables, puntuales y atentos.  Muy buenas personas. Fue mi primera vez en Buenos Aires, y fue mi mejor opción para movilizarme y turistear, cerca de todo, muy buen barrio, lo recomiendo!",Ubicación,0.0,Neutral ⚪
21259699,279390074,2018-06-20,118081904,Gustavo,Muy cómodo y bien ubicado. Excelente atención de la anfitriona. Muy recomendable.,Atención,0.0,Neutral ⚪
2016164,33070116,2015-05-25,7892569,Gabriela,"Es probablemente la mejor experiencia que hemos tenido en airbnb hasta ahora. Gabriele fue super puntual para todo, nos dio indicaciones de cómo llegar y salir precisas, el departamento era tal cual las fotos (ojo, es chico!), pero perfecto para una pareja o hasta 3 personas. Te acomodas sin problemas. El barrio es lindo, a un paso del metro, el jardin botanico y varios parques, y plaza serrano.. y un poco más allá, varias cuadras de outlets. Con el metro y los buses, llegas a todos lados y no es un viaje muy largo. Desde que llegamos, Gabriele fue super atento, y nos contestó los mails siempre y rápido, asi que todo fluyó muy rápido y fácil. Si vuelvo a BsAs, es probable que me quede nuevamente en este apartamento. Nos encantó!",Ubicación,0.41666666666666663,Positivo ✅
24427419,570854348,2019-11-30,91809864,Quirine,Good location and Olivia is very friendly,Ubicación,0.59375,Positivo ✅
23483338,477036220,2019-06-27,44864819,Lina Paola,Excelente ubicación,Instalaciones,0.0,Neutral ⚪
30323485,452038379,2019-05-12,97176893,Sofía,"Es tal cual se ve en las fotos, hermoso, muy limpio y Gabriel es un excelente anfitrión !",Limpieza,0.0,Neutral ⚪
29677059,494061352,2019-07-23,190152717,Vanessa Lourenço,"O apartamento é simplesmente maravilhoso e muito bem decorado! Com uma grande sacada que possui uma linda vista. A localização é perfeita, pertinho de tudo. Roby e Betina são fantásticos. Meu voo era em um horário complicado e Roby sempre disposto a ajudar. Foi a minha primeira vez em Buenos Aires e não poderia ter sido mais agradável. Deixaram um cartão do metrô que ajudou muito para locomoção além de alguns (Website hidden by Airbnb) certeza voltearei a me hospedar no local.",Instalaciones,-0.08333333333333333,Neutral ⚪
25724072,437413094,2019-04-14,185947213,María Beatriz,Todo en orden y sin dificultad. Excelente ubicación,Instalaciones,0.0,Neutral ⚪
9387966,203230830,2017-10-14,12683159,Gabriella,"Absolutely perfect in every way.  If you are looking for a place in a hip area (Palermo) close to all amenities, walking distance (if you like to walk and experience areas) to the central city and Recoleta this is the place.  Tea and Walter provided me with the best Airbnb experience I have had to date.  So many thoughtful touches.  I hope to come back and stay right here again as I enjoyed the experience so much.  I was a solo woman traveller and would certainly recommend for like minded travellers.",Ubicación,0.41,Positivo ✅
32125610,461952432,2019-06-01,179449680,Seba,"Hubo muy buena comunicación con Romina, el departamento está cerca de la zona de bares de plaza serrano y tiene todas las comodidades necesarias.",Ubicación,0.0,Neutral ⚪
4187460,107635116,2016-10-11,5465174,Fernando,"Não poderia ter escolhido um local melhor. Tudo perfeito: a localização, o quarto, os detalhes da decoração. Paula sempre muito disponível | No podría quedarme en un local mejor. Todo perfecto: la ubicacion, los detalles de la decoración de la habitación. Paula siempre muy disponible.",Instalaciones,0.0,Neutral ⚪
259745,288823556,2018-07-10,37278483,José Juan,"Alberto y Claudia are exceptional guides.  I was impressed by their awesome customer service. The combination of black pottery, mezcal tasting and alebrijes is excellent. 
Alberto y Claudia son excelentes guías. Me impresionó mucho su servicio al cliente. La combinación de barro negro, mezcal y alebrijes es buenísima.",Instalaciones,0.7,Positivo ✅
8160684,581271514,2019-12-24,866992,Luz,A beautiful stately apartment in a wonderful neighborhood. You could not ask for more in terms of space in a city that usually has much smaller apartments. Awesome stay!,Ubicación,0.5166666666666667,Positivo ✅
37813076,547008001,2019-10-14,21061377,Maria Gbriela,Estuvimos muy a gusto en el dto de Mauricio. Muy tranquilo el edificio. Exelente ubicación. Cerca de todo. Mauricio muy atento. Volveria.,Ubicación,0.0,Neutral ⚪
38624590,555204305,2019-10-27,2757875,Benjamin,"The apartment is great, sparkling clean and has everything you need! Checkin was super easy! It’s located in a super nice area in BA and everything you need is close, including lots of restaurants and bars!",Limpieza,0.5361111111111111,Positivo ✅
8971621,146956686,2017-04-24,60931209,Janaina,"Muito aconchegante, moderno e funcional. Bem cool ",Instalaciones,0.35,Positivo ✅
19532030,342352798,2018-10-28,68434608,Francisco,"Roxana se comunicaba rápidamente,  la ubicación es buena, el departamento muy bonito,  limpio y con una vista espectacular.  100% recomendado.  Hoy caminé de ahí a Palermo  porque queda cerca de restaurantes, bares , parques, etc.",Limpieza,0.0,Neutral ⚪
17245596,213671375,2017-11-22,159240182,Raul,Buena relación precio/calidad,Precio/Calidad,0.0,Neutral ⚪
17980951,278116191,2018-06-17,84345918,Eliana,El depto esta impecable no le falta nada ademas muy bien decorado y todo es de calidad. El lugar es tranquilo pero tiene todo cerca y tambien medios de transporte. Lo s anfitriones Alicia y Claudio son geniales,Ubicación,0.0,Neutral ⚪
36662434,528693882,2019-09-13,92279712,Carlos,Excelente departamento ! totalmente recomendable ! Juan es realmente un superhost ! Sin dudas volveria !,Atención,0.0,Neutral ⚪
28287746,599567042,2020-01-30,49626404,Bryn,"What a place! Architecturally designed with perfect facilities for our 3 night stay. Sasha was very helpful with the booking and the whole check in process - thank you.

Tomas’ place is extremely well furnished with all you need for a luxury stay. The balcony is well positioned for sunbathing and relaxing. We would recommend!",Atención,0.3109375,Positivo ✅
39579720,572666321,2019-12-03,57900169,Mathias,"Verry uncomplicated stay. By feet to Palermo Centre.  Great apartment for 1-2 people!
Everything’s you need is near.
I recommend it!",Ubicación,0.5625,Positivo ✅
26871169,622073053,2020-04-09,161403341,Antonio,Excelente lugar . Marina fue muy amable,Atención,0.0,Neutral ⚪
20707245,612381365,2020-02-29,42298633,Claudia,Excelente ubicación y muy buena atención de su anfitriona. Lo recomiendo para estancias cortas.,Atención,0.0,Neutral ⚪
14573855,218700690,2017-12-14,161467793,Gabriel,"Depto muy bonito y acogedor. Perfectamente ubicado, en una zona llena de bares, restaurantes y cerca de cualquier sitio turístico.",Ubicación,0.0,Neutral ⚪
30045493,495736770,2019-07-26,9839134,Tulio,The mini-depto is pretty functional and is definitely meant for one person only. I’d say it’s a place to spend the night and it may meet your expectations in terms of basic necessities. The location is very convenient as well since it’s just a walk away to the bars in Palermo.,Ubicación,0.09,Neutral ⚪
28741076,613666945,2020-03-02,250275598,Luciano,"El lugar es muy lindo, limpio y ordenado, la zona muy tranquila, belen súper atenta y responsable, recomendable 100%",Limpieza,0.0,Neutral ⚪
19593194,318193568,2018-09-03,76785192,Natalia,"Nadia es muy gentil preocupada de la comodidad de los huéspedes. El departamento tiene muy buena ubicación, lo que puede jugar un poco en contra en las mañanas ya que el ritmo de la ciudad lo hace un poco ruidoso.
Excelente lugar para hospedarse.",Instalaciones,0.0,Neutral ⚪
29882301,523833014,2019-09-04,20379106,Horacio,"Great studio apartment right on Avenida Santa Fe one block from the subway station, and at the heart of Recoleta.

Verónica is a classic example of Argentine hospitality and generosity.  She is a super hostess always willing to help you enjoy your trip here.

The apartment was very comfortable.  Experienced a cold snap down to the lower 40F and never needed to use the heat.

The gym and the pool are very inviting.

Have no worries when choosing this location.",Ubicación,0.2727417027417028,Positivo ✅
435818,506445533,2019-08-10,191393043,Jose Omar,"Muy buena ubicación ,como departamento y tranquilo para descansar !!!",Instalaciones,0.0,Neutral ⚪
11491662,206682229,2017-10-26,116282497,Victoria,"Es un monoambiente pequeño, muy sencillo, con equipamiento básico y en una excelente ubicación. Ideal para recorrer a pie o en transporte público la ciudad durante una estadía corta.
Victoria es una anfitriona muy amable y cordial, mantuvimos un contacto fluído y nos recibió muy cálidamente pese a que llegamos bastante tarde en la noche.",Atención,0.9,Positivo ✅
28772419,421417049,2019-03-09,133772926,Carlos,"Espacio confortable. Todo deacuerdo a lo convenido.
Consuelo superamable. 
Volvería a elegirlo",Atención,0.0,Neutral ⚪
20997802,265846589,2018-05-18,100815778,Tomás,Hermoso departamento. Fernanda es muy agradable y supo acomodarse a nuestros horarios. Excelente. Muy recomendable,Instalaciones,0.0,Neutral ⚪
2244037,52477751,2015-10-30,10219749,Maral,"The apartment was everything we expected and more! The apartment itself was clean, cute and very comfortable for two people. The location was also amazing. Walking distance to great restaurants, bars, cafes and is easily accessible with public transportation (collectivos and subte). Although we never met Fransisco, he was quick at responding, helpful with suggestions and easy to communicate with. Overall, this is a great place to stay while you're in Buenos Aires! ",Limpieza,0.41948717948717945,Positivo ✅
26498893,494007650,2019-07-23,250585227,Eva,"Ubicación muy cercana al centro de la ciudad, lo que permite movilizarse caminando sin problema. Además está cerca de muchos restaurantes y pub. La decoración y ambiente súper gratos y bonitos. Muy amables y disponibles. Sin duda lo repetiría.",Ubicación,0.0,Neutral ⚪
28276399,530908083,2019-09-16,144824470,Fernando,Hermoso departamento! Súper confortable excelente ubicación muy buenos anfitriones!! Estadia inmejorable,Atención,0.0,Neutral ⚪
36165118,615768656,2020-03-08,17124907,Emmanuel,"Perfect location, good place.",Ubicación,0.85,Positivo ✅
28779545,522019194,2019-09-01,28961798,Carlos,"Excelente ubicación, un apartamento muy cómodo. Lo mejor es la cama. Muy grande, Súper cómoda.",Instalaciones,0.0,Neutral ⚪
16805031,149723956,2017-05-05,70768860,Ana,Es la 2da vez que me hospedo en lo de Graciela y sigo pensando que es un lugar muy cómodo y recomendable.,Instalaciones,0.0,Neutral ⚪
19506687,267395093,2018-05-21,23988053,Mario,Roció es una persona muy amable y siempre dispuesta ayudar,Atención,0.0,Neutral ⚪
17637563,152825831,2017-05-18,128729116,Elena,"El alojamiento de Lucas es lindo, limpio, ordenado y bien ubicado, cerca de restaurantes, zona comercial y lugares para pasear.  Lucas se destaca por su cordialidad y puntualidad.  Es la segunda vez que me alojo allí y no será la última.. Gracias Lucas.  Hasta pronto.",Limpieza,0.0,Neutral ⚪
24163929,279405550,2018-06-20,17615051,Flávia,Marcelo é um anfitrião muito gentil e de ótima comunicação. Check in e check out tranquilos. Apartamento muito bem localizado e exatamente como nas fotos. Fui atendida prontamente todas as vezes que precisei. ,Atención,0.0,Neutral ⚪
31952505,424286991,2019-03-16,72361207,Lu,"El departamento de Fran se encuentra muy bienn ubicado, es una zona tranquila,  y cerca de todo!!  Estaba re limpio y principalmente nos fue muy cómodo. El fue muy atento con nosotras en todo momento!! Volvemos sin duda a quedarnos ahi!!! Gracias fran por todo!",Limpieza,0.0,Neutral ⚪
1231772,40634885,2015-08-01,37839345,Eva,"Minha experiência foi a melhor possível. As fotos traduzem perfeitamente as condições do studio: o apartamento é espaçoso, tem decoração clean, é muito bem equipado (tudo funcionando em perfeita ordem), com limpeza impecável. 
A localização é ótima: a poucas quadras do metrô (linha D) e também de supermercados, farmácias, restaurantes e cafés. O bairro é tranquilo e me pareceu bastante seguro.
Rosario foi o tempo todo bastante atenciosa e pontual, de modo que não tive problemas com a realização do check in e do check out. Como permaneci hospedada durante duas semanas, também não tive problemas com a agendamento da limpeza semanal. 
Sem dúvida recomendo a reserva.",Limpieza,0.20833333333333334,Positivo ✅
36485208,597028598,2020-01-24,310005703,Miguel,"Lindo, vista inigualable y buena ubicación.",Instalaciones,0.0,Neutral ⚪
19085980,440221029,2019-04-20,90852599,Julio Omar,"El departamento de Mercedes tiene todo lo necesario para una buena estadía. Es nuevo, limpio, seguro y cómodo. Se encuentra en una zona inmejorable, teniendo a sólo un par de calles un lugar icónico como lo es el Cementerio de la Recoleta, bares, cafés y lindos lugarcitos para ir a comer. Siempre estuvo muy atenta a cualquier duda que tuvimos y fue de gran ayuda. Realmente quedamos muy conformes con nuestra visita. La recomiendo ampliamente!",Limpieza,0.0,Neutral ⚪
27438808,452083738,2019-05-12,24687614,Jorge,"Deparmento en excelente ubicacion , buses y subte a metros del dpto y muy cercano a las zonas de atracciones nocturnas.",Ubicación,0.0,Neutral ⚪
33667043,605062470,2020-02-13,182054303,Etai,Amazing Host! Recommend 10/10,Atención,0.7500000000000001,Positivo ✅
23089122,356532903,2018-12-08,36964058,Jamess,"Excellent apartment, well maintained and very clean.",Limpieza,0.7383333333333334,Positivo ✅
29651608,361778796,2018-12-24,137899073,Valdinei,"Um apartamento simples, mais bem limpo, com bastante espaço no quarto, incluindo sacada.
Bem localizado, podendo encontrar restaurante, farmácia, mercado  e padarias perto, ou seja, tudo que precisa nas imediações, ideal para quem quer somente descansar a noite e passear de dia.",Instalaciones,0.9,Positivo ✅
31488073,418207350,2019-03-01,244661086,Rene,"Federico es muy amable, el departamento es tal cual como se ve en las fotos y se puede ir caminando a varios atractivos turísticos",Atención,0.0,Neutral ⚪
23826411,616441693,2020-03-09,11743731,Fernando,Great location. Beautiful rooftop pool. overall a great place to stay when visiting Buenos Aires. Super kind and thoughtful hosts. They even gave us a “sube” (public transportation card).,Ubicación,0.4729166666666667,Positivo ✅
37798889,547103323,2019-10-14,301163265,Gisele,"Excelente alojamiento, departamento muy acogedor y comodo, 100% recomendable",Instalaciones,0.0,Neutral ⚪
14423866,127404399,2017-01-17,102084657,Rafael,The host canceled this reservation 20 days before arrival. This is an automated posting.,Atención,0.0,Neutral ⚪
35971004,561439205,2019-11-09,118247242,Juan Martin,Espectacular habitación con inmejorable ubicación en Palermo hollywood. No usamos los amenities pero parece todo muy bien. Sería bueno ofrecer servicio de limpieza opcional para estancias de más de dos noches. Hermoso!!!!,Instalaciones,0.0,Neutral ⚪
1374387,266193315,2018-05-19,188761952,Gabriela,"Tuve una excelente experiencia con los anfitriones, son muy atentos. La limpieza impecable, el barrio tranquilo. Todo perfecto. Volvería a hospedarme ahí.",Ubicación,0.0,Neutral ⚪
15014629,232618599,2018-02-05,44919424,Angelo,"Nice little flat in a great location downtown. Everything is close: the most iconic places, public transit and little food places to take dinner home or eat on site. The host has plenty of advices for enjoying the stay in BA",Ubicación,0.2777777777777778,Positivo ✅
1466818,53490090,2015-11-09,3735377,Renata,"O apartamento é exatamente como na foto, simples, pequeno, mas adequado para um casal. É também limpo e a internet funcionou bem. O bairro é ótimo, tranquilo e fica bem localizado.

Uma única observação: Brian me ofereceu um serviço de taxi do aeroporto ao apartamento, por US$ 45. Num primeiro momento achei que fossem pesos argentinos, pois vi no mapa e o aeroporto Aeroparque está próximo. Pedi para cancelar no dia, com 10h de antecedência, e ele me falou que teria que pagar US$ 15 dólares de multa. Em nenhum momento ele me falou dessa multa. Enfim, não achei legal, mas paguei os 45 dólares ao ao Carlos, que foi quem nos recebeu (muito gentil). 

Uma dic: não recomendo o serviço de taxi oferecido, já que o custo de táxi até o aeroporto é de 80 pesos. Me senti bastante chateada por isso.",Instalaciones,0.2,Positivo ✅
37898246,590998773,2020-01-10,54101222,Karolina,"Very mixed feeling about my stay, not related to the apartment itself. I faced several issues with the host instead. 1-lack of wifi - the host was not interested of fixing the issue on his own. After reporting lack of the internet, he told me to call the provider on my own and figure out the issue. I found out that the internet was unpaid. Once the internet was connected again, I was having low connection issues and again, no internet until end of my stay. Next, the gym, that is listed as one of the amenities simply doesn't exist. The only machine that is there was broken from the day one and still after sending the hosts photos, he claimed the gym was working perfectly and if i have issues I need to find a building (Website hidden by Airbnb) Following - sheets, blankets and towels. All of the sheets and towels were in the closet for a really long time. For this reason they were very dusty and not really ready to be used. I had to wash them the day I arrived. Sadly, Ignacio has no designated person to go to the apartament in case of an emergency or apartament related issues when he is not in town. He was on vacation while I was at the apartament, which is ok, but he was forcing me to wait until he comes back to return the keys to the apartament when I wanted to check out... He also claimed I have left AC on when I checked out, not making any point out of it because Buenos Aires in December is humid and 33 C...plus he claimed I have torn some curtain. Well, I just advise you to record a video or take photos before and after... I did record a video how I left the place and sent it to the support team, which was a great idea to do so. Finally, be aware that the host really is not interested on helping you. Not just the overall apartament issues, but overall I do not think he is a good person. He only is to rent the apartment, leaving all to you... and collect his money. I have rented this place for 3 months ahead, in the first 6 days of my stay I have lost my job and had to plan to return to my country. I have informed Ignacio immediately, but in short he says he simply doesn't care and he will charge me for the additional 2 months no matter what, even when I am not going to be there...then also I got several messages from him ""why I am not canceling?"" - in short, the experiences I was facing were not really related to the apartament, but to the host himself. Maybe this place is good for you if you are there just for a short stay...but not for a long run. Thanks to the airbnb support team, I have solved all of the issues and was able to recover my money for the unused days and also was partially refunded for the affected days where I had no internet. I would not stay with Ignacio again.",Limpieza,0.09682170542635661,Neutral ⚪
27828848,521157700,2019-08-31,36374658,Daniel,"Recomendable, el alojamiento es muy cómodo sobretodo por la ubicación y la forma de ingreso. Alejandro siempre estuvo en contacto y respondiendo rápidamente.",Instalaciones,0.0,Neutral ⚪
710149,10145097,2014-02-03,9407820,Diana,"Excelente! Lindo! Cómodo! Maravilloso! 
La anfitriona excelente ",Atención,0.0,Neutral ⚪
25589770,494619860,2019-07-24,228088840,Mic,"Great location and cosy house. Mariana is an excellent host, she’s helped us with everything we needed from the very first moment.",Ubicación,0.7083333333333334,Positivo ✅
13313365,92969912,2016-08-10,31900713,Andres,"martin was very kind and responsive. Point to improve are pillows (very thin). best fit for two persons. 
 ",Atención,0.41500000000000004,Positivo ✅
12407085,123715183,2016-12-30,97440227,Edgar J.,"La ubicación, cerca de subte y metrobuces. A cinco calles caminando de la feria de San Telmo.",Ubicación,0.0,Neutral ⚪
30067290,416940426,2019-02-25,40598704,Ani,"Muy recomendado. Excelente recibimiento por parte de Natalia y el departamento tal como se muestra en las fotos, limpio y cómodo. Muy buena ubicación cerca del subte.",Limpieza,0.0,Neutral ⚪
27235894,316581145,2018-08-31,49827615,Pablo,"Mauricio realmente sabe ser anfitrion. No solo por el estado y preparacion del alojamiento, sino por su buena voluntad y disponibilidad constante para el contacto.
El alojamiento es un showroom de diseño... los muebles son increibles, y son 100% de diseño. Muy agradable vivir este departamento. 
Ademas el edificio entero (bike friendly) es muy innovador y tiene toda la onda.
Recomiendo sin dudas este alojamiento.",Atención,0.375,Positivo ✅
7260480,567793992,2019-11-23,48680783,Renata,"Ficamos no apartamento por uma semana, e foi muito bom! A Caterina foi rápida nas respostas e extremamente flexível com o check-in, sendo bem compreensiva com um atraso que tivemos devido a problemas com o aeroporto.
O apartamento é agradável, confortável e bem cuidado. Em termos de localização, Palermo não fica próximo dos pontos turísticos então é bom ter em conta o tempo de deslocamento, mas o apartamento é bem próximo de estações de ônibus e metrô, além de ter fácil acesso aos parques e a vários restaurantes e bares da região.
O único ponto contra foi o isolamento acústico: em uma das noites um dos vizinhos estava particularmente barulhento, e as janelas não seguraram bem o barulho.
Fora isso, tivemos uma excelente estadia!",Ubicación,0.0,Neutral ⚪
23744802,435126037,2019-04-09,197775990,Martina,"El departamento es muy cómodo, pose todo lo necesario para pasar una estadía muy cómoda,  y tienen una ubicación extraordinaria. Rosario es una anfitriona muy atenta y está a disposición en todo momento.",Atención,0.0,Neutral ⚪
